ISO-10303-21;
HEADER;
/* Generated by software containing ST-Developer
 * from STEP Tools, Inc. (www.steptools.com) 
 */

FILE_DESCRIPTION(
/* description */ (''),
/* implementation_level */ '2;1');

FILE_NAME(
/* name */ 'pad.step',
/* time_stamp */ '2026-07-16T00:01:39+09:30',
/* author */ (''),
/* organization */ (''),
/* preprocessor_version */ 'ST-DEVELOPER v20.1',
/* originating_system */ 'Autodesk Translation Framework v15.8.0.0',
/* authorisation */ '');

FILE_SCHEMA (('AUTOMOTIVE_DESIGN { 1 0 10303 214 3 1 1 }'));
ENDSEC;

DATA;
#10=MECHANICAL_DESIGN_GEOMETRIC_PRESENTATION_REPRESENTATION('',(#13),#6851);
#11=SHAPE_REPRESENTATION_RELATIONSHIP('SRR','None',#6858,#12);
#12=ADVANCED_BREP_SHAPE_REPRESENTATION('',(#14),#6850);
#13=STYLED_ITEM('',(#6867),#14);
#14=MANIFOLD_SOLID_BREP('Body3',#4375);
#15=FACE_BOUND('',#460,.T.);
#16=FACE_BOUND('',#461,.T.);
#17=FACE_BOUND('',#462,.T.);
#18=FACE_BOUND('',#463,.T.);
#19=FACE_BOUND('',#464,.T.);
#20=FACE_BOUND('',#465,.T.);
#21=FACE_BOUND('',#466,.T.);
#22=FACE_BOUND('',#467,.T.);
#23=FACE_BOUND('',#468,.T.);
#24=FACE_BOUND('',#469,.T.);
#25=FACE_BOUND('',#470,.T.);
#26=FACE_BOUND('',#471,.T.);
#27=FACE_BOUND('',#472,.T.);
#28=FACE_BOUND('',#473,.T.);
#29=FACE_BOUND('',#474,.T.);
#30=FACE_BOUND('',#475,.T.);
#31=FACE_BOUND('',#476,.T.);
#32=FACE_BOUND('',#478,.T.);
#33=FACE_BOUND('',#479,.T.);
#34=FACE_BOUND('',#480,.T.);
#35=FACE_BOUND('',#481,.T.);
#36=FACE_BOUND('',#482,.T.);
#37=FACE_BOUND('',#483,.T.);
#38=FACE_BOUND('',#484,.T.);
#39=FACE_BOUND('',#485,.T.);
#40=FACE_BOUND('',#486,.T.);
#41=FACE_BOUND('',#487,.T.);
#42=FACE_BOUND('',#488,.T.);
#43=FACE_BOUND('',#489,.T.);
#44=FACE_BOUND('',#490,.T.);
#45=FACE_BOUND('',#491,.T.);
#46=FACE_BOUND('',#492,.T.);
#47=FACE_BOUND('',#493,.T.);
#48=FACE_BOUND('',#494,.T.);
#49=FACE_OUTER_BOUND('',#255,.T.);
#50=FACE_OUTER_BOUND('',#256,.T.);
#51=FACE_OUTER_BOUND('',#257,.T.);
#52=FACE_OUTER_BOUND('',#258,.T.);
#53=FACE_OUTER_BOUND('',#259,.T.);
#54=FACE_OUTER_BOUND('',#260,.T.);
#55=FACE_OUTER_BOUND('',#261,.T.);
#56=FACE_OUTER_BOUND('',#262,.T.);
#57=FACE_OUTER_BOUND('',#263,.T.);
#58=FACE_OUTER_BOUND('',#264,.T.);
#59=FACE_OUTER_BOUND('',#265,.T.);
#60=FACE_OUTER_BOUND('',#266,.T.);
#61=FACE_OUTER_BOUND('',#267,.T.);
#62=FACE_OUTER_BOUND('',#268,.T.);
#63=FACE_OUTER_BOUND('',#269,.T.);
#64=FACE_OUTER_BOUND('',#270,.T.);
#65=FACE_OUTER_BOUND('',#271,.T.);
#66=FACE_OUTER_BOUND('',#272,.T.);
#67=FACE_OUTER_BOUND('',#273,.T.);
#68=FACE_OUTER_BOUND('',#274,.T.);
#69=FACE_OUTER_BOUND('',#275,.T.);
#70=FACE_OUTER_BOUND('',#276,.T.);
#71=FACE_OUTER_BOUND('',#277,.T.);
#72=FACE_OUTER_BOUND('',#278,.T.);
#73=FACE_OUTER_BOUND('',#279,.T.);
#74=FACE_OUTER_BOUND('',#280,.T.);
#75=FACE_OUTER_BOUND('',#281,.T.);
#76=FACE_OUTER_BOUND('',#282,.T.);
#77=FACE_OUTER_BOUND('',#283,.T.);
#78=FACE_OUTER_BOUND('',#284,.T.);
#79=FACE_OUTER_BOUND('',#285,.T.);
#80=FACE_OUTER_BOUND('',#286,.T.);
#81=FACE_OUTER_BOUND('',#287,.T.);
#82=FACE_OUTER_BOUND('',#288,.T.);
#83=FACE_OUTER_BOUND('',#289,.T.);
#84=FACE_OUTER_BOUND('',#290,.T.);
#85=FACE_OUTER_BOUND('',#291,.T.);
#86=FACE_OUTER_BOUND('',#292,.T.);
#87=FACE_OUTER_BOUND('',#293,.T.);
#88=FACE_OUTER_BOUND('',#294,.T.);
#89=FACE_OUTER_BOUND('',#295,.T.);
#90=FACE_OUTER_BOUND('',#296,.T.);
#91=FACE_OUTER_BOUND('',#297,.T.);
#92=FACE_OUTER_BOUND('',#298,.T.);
#93=FACE_OUTER_BOUND('',#299,.T.);
#94=FACE_OUTER_BOUND('',#300,.T.);
#95=FACE_OUTER_BOUND('',#301,.T.);
#96=FACE_OUTER_BOUND('',#302,.T.);
#97=FACE_OUTER_BOUND('',#303,.T.);
#98=FACE_OUTER_BOUND('',#304,.T.);
#99=FACE_OUTER_BOUND('',#305,.T.);
#100=FACE_OUTER_BOUND('',#306,.T.);
#101=FACE_OUTER_BOUND('',#307,.T.);
#102=FACE_OUTER_BOUND('',#308,.T.);
#103=FACE_OUTER_BOUND('',#309,.T.);
#104=FACE_OUTER_BOUND('',#310,.T.);
#105=FACE_OUTER_BOUND('',#311,.T.);
#106=FACE_OUTER_BOUND('',#312,.T.);
#107=FACE_OUTER_BOUND('',#313,.T.);
#108=FACE_OUTER_BOUND('',#314,.T.);
#109=FACE_OUTER_BOUND('',#315,.T.);
#110=FACE_OUTER_BOUND('',#316,.T.);
#111=FACE_OUTER_BOUND('',#317,.T.);
#112=FACE_OUTER_BOUND('',#318,.T.);
#113=FACE_OUTER_BOUND('',#319,.T.);
#114=FACE_OUTER_BOUND('',#320,.T.);
#115=FACE_OUTER_BOUND('',#321,.T.);
#116=FACE_OUTER_BOUND('',#322,.T.);
#117=FACE_OUTER_BOUND('',#323,.T.);
#118=FACE_OUTER_BOUND('',#324,.T.);
#119=FACE_OUTER_BOUND('',#325,.T.);
#120=FACE_OUTER_BOUND('',#326,.T.);
#121=FACE_OUTER_BOUND('',#327,.T.);
#122=FACE_OUTER_BOUND('',#328,.T.);
#123=FACE_OUTER_BOUND('',#329,.T.);
#124=FACE_OUTER_BOUND('',#330,.T.);
#125=FACE_OUTER_BOUND('',#331,.T.);
#126=FACE_OUTER_BOUND('',#332,.T.);
#127=FACE_OUTER_BOUND('',#333,.T.);
#128=FACE_OUTER_BOUND('',#334,.T.);
#129=FACE_OUTER_BOUND('',#335,.T.);
#130=FACE_OUTER_BOUND('',#336,.T.);
#131=FACE_OUTER_BOUND('',#337,.T.);
#132=FACE_OUTER_BOUND('',#338,.T.);
#133=FACE_OUTER_BOUND('',#339,.T.);
#134=FACE_OUTER_BOUND('',#340,.T.);
#135=FACE_OUTER_BOUND('',#341,.T.);
#136=FACE_OUTER_BOUND('',#342,.T.);
#137=FACE_OUTER_BOUND('',#343,.T.);
#138=FACE_OUTER_BOUND('',#344,.T.);
#139=FACE_OUTER_BOUND('',#345,.T.);
#140=FACE_OUTER_BOUND('',#346,.T.);
#141=FACE_OUTER_BOUND('',#347,.T.);
#142=FACE_OUTER_BOUND('',#348,.T.);
#143=FACE_OUTER_BOUND('',#349,.T.);
#144=FACE_OUTER_BOUND('',#350,.T.);
#145=FACE_OUTER_BOUND('',#351,.T.);
#146=FACE_OUTER_BOUND('',#352,.T.);
#147=FACE_OUTER_BOUND('',#353,.T.);
#148=FACE_OUTER_BOUND('',#354,.T.);
#149=FACE_OUTER_BOUND('',#355,.T.);
#150=FACE_OUTER_BOUND('',#356,.T.);
#151=FACE_OUTER_BOUND('',#357,.T.);
#152=FACE_OUTER_BOUND('',#358,.T.);
#153=FACE_OUTER_BOUND('',#359,.T.);
#154=FACE_OUTER_BOUND('',#360,.T.);
#155=FACE_OUTER_BOUND('',#361,.T.);
#156=FACE_OUTER_BOUND('',#362,.T.);
#157=FACE_OUTER_BOUND('',#363,.T.);
#158=FACE_OUTER_BOUND('',#364,.T.);
#159=FACE_OUTER_BOUND('',#365,.T.);
#160=FACE_OUTER_BOUND('',#366,.T.);
#161=FACE_OUTER_BOUND('',#367,.T.);
#162=FACE_OUTER_BOUND('',#368,.T.);
#163=FACE_OUTER_BOUND('',#369,.T.);
#164=FACE_OUTER_BOUND('',#370,.T.);
#165=FACE_OUTER_BOUND('',#371,.T.);
#166=FACE_OUTER_BOUND('',#372,.T.);
#167=FACE_OUTER_BOUND('',#373,.T.);
#168=FACE_OUTER_BOUND('',#374,.T.);
#169=FACE_OUTER_BOUND('',#375,.T.);
#170=FACE_OUTER_BOUND('',#376,.T.);
#171=FACE_OUTER_BOUND('',#377,.T.);
#172=FACE_OUTER_BOUND('',#378,.T.);
#173=FACE_OUTER_BOUND('',#379,.T.);
#174=FACE_OUTER_BOUND('',#380,.T.);
#175=FACE_OUTER_BOUND('',#381,.T.);
#176=FACE_OUTER_BOUND('',#382,.T.);
#177=FACE_OUTER_BOUND('',#383,.T.);
#178=FACE_OUTER_BOUND('',#384,.T.);
#179=FACE_OUTER_BOUND('',#385,.T.);
#180=FACE_OUTER_BOUND('',#386,.T.);
#181=FACE_OUTER_BOUND('',#387,.T.);
#182=FACE_OUTER_BOUND('',#388,.T.);
#183=FACE_OUTER_BOUND('',#389,.T.);
#184=FACE_OUTER_BOUND('',#390,.T.);
#185=FACE_OUTER_BOUND('',#391,.T.);
#186=FACE_OUTER_BOUND('',#392,.T.);
#187=FACE_OUTER_BOUND('',#393,.T.);
#188=FACE_OUTER_BOUND('',#394,.T.);
#189=FACE_OUTER_BOUND('',#395,.T.);
#190=FACE_OUTER_BOUND('',#396,.T.);
#191=FACE_OUTER_BOUND('',#397,.T.);
#192=FACE_OUTER_BOUND('',#398,.T.);
#193=FACE_OUTER_BOUND('',#399,.T.);
#194=FACE_OUTER_BOUND('',#400,.T.);
#195=FACE_OUTER_BOUND('',#401,.T.);
#196=FACE_OUTER_BOUND('',#402,.T.);
#197=FACE_OUTER_BOUND('',#403,.T.);
#198=FACE_OUTER_BOUND('',#404,.T.);
#199=FACE_OUTER_BOUND('',#405,.T.);
#200=FACE_OUTER_BOUND('',#406,.T.);
#201=FACE_OUTER_BOUND('',#407,.T.);
#202=FACE_OUTER_BOUND('',#408,.T.);
#203=FACE_OUTER_BOUND('',#409,.T.);
#204=FACE_OUTER_BOUND('',#410,.T.);
#205=FACE_OUTER_BOUND('',#411,.T.);
#206=FACE_OUTER_BOUND('',#412,.T.);
#207=FACE_OUTER_BOUND('',#413,.T.);
#208=FACE_OUTER_BOUND('',#414,.T.);
#209=FACE_OUTER_BOUND('',#415,.T.);
#210=FACE_OUTER_BOUND('',#416,.T.);
#211=FACE_OUTER_BOUND('',#417,.T.);
#212=FACE_OUTER_BOUND('',#418,.T.);
#213=FACE_OUTER_BOUND('',#419,.T.);
#214=FACE_OUTER_BOUND('',#420,.T.);
#215=FACE_OUTER_BOUND('',#421,.T.);
#216=FACE_OUTER_BOUND('',#422,.T.);
#217=FACE_OUTER_BOUND('',#423,.T.);
#218=FACE_OUTER_BOUND('',#424,.T.);
#219=FACE_OUTER_BOUND('',#425,.T.);
#220=FACE_OUTER_BOUND('',#426,.T.);
#221=FACE_OUTER_BOUND('',#427,.T.);
#222=FACE_OUTER_BOUND('',#428,.T.);
#223=FACE_OUTER_BOUND('',#429,.T.);
#224=FACE_OUTER_BOUND('',#430,.T.);
#225=FACE_OUTER_BOUND('',#431,.T.);
#226=FACE_OUTER_BOUND('',#432,.T.);
#227=FACE_OUTER_BOUND('',#433,.T.);
#228=FACE_OUTER_BOUND('',#434,.T.);
#229=FACE_OUTER_BOUND('',#435,.T.);
#230=FACE_OUTER_BOUND('',#436,.T.);
#231=FACE_OUTER_BOUND('',#437,.T.);
#232=FACE_OUTER_BOUND('',#438,.T.);
#233=FACE_OUTER_BOUND('',#439,.T.);
#234=FACE_OUTER_BOUND('',#440,.T.);
#235=FACE_OUTER_BOUND('',#441,.T.);
#236=FACE_OUTER_BOUND('',#442,.T.);
#237=FACE_OUTER_BOUND('',#443,.T.);
#238=FACE_OUTER_BOUND('',#444,.T.);
#239=FACE_OUTER_BOUND('',#445,.T.);
#240=FACE_OUTER_BOUND('',#446,.T.);
#241=FACE_OUTER_BOUND('',#447,.T.);
#242=FACE_OUTER_BOUND('',#448,.T.);
#243=FACE_OUTER_BOUND('',#449,.T.);
#244=FACE_OUTER_BOUND('',#450,.T.);
#245=FACE_OUTER_BOUND('',#451,.T.);
#246=FACE_OUTER_BOUND('',#452,.T.);
#247=FACE_OUTER_BOUND('',#453,.T.);
#248=FACE_OUTER_BOUND('',#454,.T.);
#249=FACE_OUTER_BOUND('',#455,.T.);
#250=FACE_OUTER_BOUND('',#456,.T.);
#251=FACE_OUTER_BOUND('',#457,.T.);
#252=FACE_OUTER_BOUND('',#458,.T.);
#253=FACE_OUTER_BOUND('',#459,.T.);
#254=FACE_OUTER_BOUND('',#477,.T.);
#255=EDGE_LOOP('',(#2739,#2740,#2741,#2742));
#256=EDGE_LOOP('',(#2743,#2744,#2745,#2746));
#257=EDGE_LOOP('',(#2747,#2748,#2749,#2750));
#258=EDGE_LOOP('',(#2751,#2752,#2753,#2754));
#259=EDGE_LOOP('',(#2755,#2756,#2757,#2758));
#260=EDGE_LOOP('',(#2759,#2760,#2761,#2762));
#261=EDGE_LOOP('',(#2763,#2764,#2765,#2766));
#262=EDGE_LOOP('',(#2767,#2768,#2769,#2770));
#263=EDGE_LOOP('',(#2771,#2772,#2773,#2774));
#264=EDGE_LOOP('',(#2775,#2776,#2777,#2778));
#265=EDGE_LOOP('',(#2779,#2780,#2781,#2782));
#266=EDGE_LOOP('',(#2783,#2784,#2785,#2786));
#267=EDGE_LOOP('',(#2787,#2788,#2789,#2790));
#268=EDGE_LOOP('',(#2791,#2792,#2793,#2794));
#269=EDGE_LOOP('',(#2795,#2796,#2797,#2798));
#270=EDGE_LOOP('',(#2799,#2800,#2801,#2802));
#271=EDGE_LOOP('',(#2803,#2804,#2805,#2806));
#272=EDGE_LOOP('',(#2807,#2808,#2809,#2810));
#273=EDGE_LOOP('',(#2811,#2812,#2813,#2814));
#274=EDGE_LOOP('',(#2815,#2816,#2817,#2818));
#275=EDGE_LOOP('',(#2819,#2820,#2821,#2822));
#276=EDGE_LOOP('',(#2823,#2824,#2825,#2826));
#277=EDGE_LOOP('',(#2827,#2828,#2829,#2830));
#278=EDGE_LOOP('',(#2831,#2832,#2833,#2834));
#279=EDGE_LOOP('',(#2835,#2836,#2837,#2838));
#280=EDGE_LOOP('',(#2839,#2840,#2841,#2842));
#281=EDGE_LOOP('',(#2843,#2844,#2845,#2846));
#282=EDGE_LOOP('',(#2847,#2848,#2849,#2850));
#283=EDGE_LOOP('',(#2851,#2852,#2853,#2854));
#284=EDGE_LOOP('',(#2855,#2856,#2857,#2858));
#285=EDGE_LOOP('',(#2859,#2860,#2861,#2862));
#286=EDGE_LOOP('',(#2863,#2864,#2865,#2866));
#287=EDGE_LOOP('',(#2867,#2868,#2869,#2870));
#288=EDGE_LOOP('',(#2871,#2872,#2873,#2874));
#289=EDGE_LOOP('',(#2875,#2876,#2877,#2878));
#290=EDGE_LOOP('',(#2879,#2880,#2881,#2882));
#291=EDGE_LOOP('',(#2883,#2884,#2885,#2886));
#292=EDGE_LOOP('',(#2887,#2888,#2889,#2890));
#293=EDGE_LOOP('',(#2891,#2892,#2893,#2894));
#294=EDGE_LOOP('',(#2895,#2896,#2897,#2898));
#295=EDGE_LOOP('',(#2899,#2900,#2901,#2902));
#296=EDGE_LOOP('',(#2903,#2904,#2905,#2906));
#297=EDGE_LOOP('',(#2907,#2908,#2909,#2910));
#298=EDGE_LOOP('',(#2911,#2912,#2913,#2914));
#299=EDGE_LOOP('',(#2915,#2916,#2917,#2918));
#300=EDGE_LOOP('',(#2919,#2920,#2921,#2922));
#301=EDGE_LOOP('',(#2923,#2924,#2925,#2926));
#302=EDGE_LOOP('',(#2927,#2928,#2929,#2930));
#303=EDGE_LOOP('',(#2931,#2932,#2933,#2934));
#304=EDGE_LOOP('',(#2935,#2936,#2937,#2938));
#305=EDGE_LOOP('',(#2939,#2940,#2941,#2942));
#306=EDGE_LOOP('',(#2943,#2944,#2945,#2946));
#307=EDGE_LOOP('',(#2947,#2948,#2949,#2950));
#308=EDGE_LOOP('',(#2951,#2952,#2953,#2954));
#309=EDGE_LOOP('',(#2955,#2956,#2957,#2958));
#310=EDGE_LOOP('',(#2959,#2960,#2961,#2962));
#311=EDGE_LOOP('',(#2963,#2964,#2965,#2966));
#312=EDGE_LOOP('',(#2967,#2968,#2969,#2970));
#313=EDGE_LOOP('',(#2971,#2972,#2973,#2974));
#314=EDGE_LOOP('',(#2975,#2976,#2977,#2978));
#315=EDGE_LOOP('',(#2979,#2980,#2981,#2982));
#316=EDGE_LOOP('',(#2983,#2984,#2985,#2986));
#317=EDGE_LOOP('',(#2987,#2988,#2989,#2990));
#318=EDGE_LOOP('',(#2991,#2992,#2993,#2994));
#319=EDGE_LOOP('',(#2995,#2996,#2997,#2998));
#320=EDGE_LOOP('',(#2999,#3000,#3001,#3002));
#321=EDGE_LOOP('',(#3003,#3004,#3005,#3006));
#322=EDGE_LOOP('',(#3007,#3008,#3009,#3010));
#323=EDGE_LOOP('',(#3011,#3012,#3013,#3014));
#324=EDGE_LOOP('',(#3015,#3016,#3017,#3018));
#325=EDGE_LOOP('',(#3019,#3020,#3021,#3022));
#326=EDGE_LOOP('',(#3023,#3024,#3025,#3026));
#327=EDGE_LOOP('',(#3027,#3028,#3029,#3030));
#328=EDGE_LOOP('',(#3031,#3032,#3033,#3034));
#329=EDGE_LOOP('',(#3035,#3036,#3037,#3038));
#330=EDGE_LOOP('',(#3039,#3040,#3041,#3042));
#331=EDGE_LOOP('',(#3043,#3044,#3045,#3046));
#332=EDGE_LOOP('',(#3047,#3048,#3049,#3050));
#333=EDGE_LOOP('',(#3051,#3052,#3053,#3054));
#334=EDGE_LOOP('',(#3055,#3056,#3057,#3058));
#335=EDGE_LOOP('',(#3059,#3060,#3061,#3062));
#336=EDGE_LOOP('',(#3063,#3064,#3065,#3066));
#337=EDGE_LOOP('',(#3067,#3068,#3069,#3070));
#338=EDGE_LOOP('',(#3071,#3072,#3073,#3074));
#339=EDGE_LOOP('',(#3075,#3076,#3077,#3078));
#340=EDGE_LOOP('',(#3079,#3080,#3081,#3082));
#341=EDGE_LOOP('',(#3083,#3084,#3085,#3086));
#342=EDGE_LOOP('',(#3087,#3088,#3089,#3090));
#343=EDGE_LOOP('',(#3091,#3092,#3093,#3094));
#344=EDGE_LOOP('',(#3095,#3096,#3097,#3098));
#345=EDGE_LOOP('',(#3099,#3100,#3101,#3102));
#346=EDGE_LOOP('',(#3103,#3104,#3105,#3106));
#347=EDGE_LOOP('',(#3107,#3108,#3109,#3110));
#348=EDGE_LOOP('',(#3111,#3112,#3113,#3114));
#349=EDGE_LOOP('',(#3115,#3116,#3117,#3118));
#350=EDGE_LOOP('',(#3119,#3120,#3121,#3122));
#351=EDGE_LOOP('',(#3123,#3124,#3125,#3126));
#352=EDGE_LOOP('',(#3127,#3128,#3129,#3130));
#353=EDGE_LOOP('',(#3131,#3132,#3133,#3134));
#354=EDGE_LOOP('',(#3135,#3136,#3137,#3138));
#355=EDGE_LOOP('',(#3139,#3140,#3141,#3142));
#356=EDGE_LOOP('',(#3143,#3144,#3145,#3146));
#357=EDGE_LOOP('',(#3147,#3148,#3149,#3150));
#358=EDGE_LOOP('',(#3151,#3152,#3153,#3154));
#359=EDGE_LOOP('',(#3155,#3156,#3157,#3158));
#360=EDGE_LOOP('',(#3159,#3160,#3161,#3162));
#361=EDGE_LOOP('',(#3163,#3164,#3165,#3166));
#362=EDGE_LOOP('',(#3167,#3168,#3169,#3170));
#363=EDGE_LOOP('',(#3171,#3172,#3173,#3174));
#364=EDGE_LOOP('',(#3175,#3176,#3177,#3178));
#365=EDGE_LOOP('',(#3179,#3180,#3181,#3182));
#366=EDGE_LOOP('',(#3183,#3184,#3185,#3186));
#367=EDGE_LOOP('',(#3187,#3188,#3189,#3190));
#368=EDGE_LOOP('',(#3191,#3192,#3193,#3194));
#369=EDGE_LOOP('',(#3195,#3196,#3197,#3198));
#370=EDGE_LOOP('',(#3199,#3200,#3201,#3202));
#371=EDGE_LOOP('',(#3203,#3204,#3205,#3206));
#372=EDGE_LOOP('',(#3207,#3208,#3209,#3210));
#373=EDGE_LOOP('',(#3211,#3212,#3213,#3214));
#374=EDGE_LOOP('',(#3215,#3216,#3217,#3218));
#375=EDGE_LOOP('',(#3219,#3220,#3221,#3222));
#376=EDGE_LOOP('',(#3223,#3224,#3225,#3226));
#377=EDGE_LOOP('',(#3227,#3228,#3229,#3230));
#378=EDGE_LOOP('',(#3231,#3232,#3233,#3234));
#379=EDGE_LOOP('',(#3235,#3236,#3237,#3238));
#380=EDGE_LOOP('',(#3239,#3240,#3241,#3242));
#381=EDGE_LOOP('',(#3243,#3244,#3245,#3246));
#382=EDGE_LOOP('',(#3247,#3248,#3249,#3250));
#383=EDGE_LOOP('',(#3251,#3252,#3253,#3254));
#384=EDGE_LOOP('',(#3255,#3256,#3257,#3258));
#385=EDGE_LOOP('',(#3259,#3260,#3261,#3262));
#386=EDGE_LOOP('',(#3263,#3264,#3265,#3266));
#387=EDGE_LOOP('',(#3267,#3268,#3269,#3270));
#388=EDGE_LOOP('',(#3271,#3272,#3273,#3274));
#389=EDGE_LOOP('',(#3275,#3276,#3277,#3278));
#390=EDGE_LOOP('',(#3279,#3280,#3281,#3282));
#391=EDGE_LOOP('',(#3283,#3284,#3285,#3286));
#392=EDGE_LOOP('',(#3287,#3288,#3289,#3290));
#393=EDGE_LOOP('',(#3291,#3292,#3293,#3294));
#394=EDGE_LOOP('',(#3295,#3296,#3297,#3298));
#395=EDGE_LOOP('',(#3299,#3300,#3301,#3302));
#396=EDGE_LOOP('',(#3303,#3304,#3305,#3306));
#397=EDGE_LOOP('',(#3307,#3308,#3309,#3310));
#398=EDGE_LOOP('',(#3311,#3312,#3313,#3314));
#399=EDGE_LOOP('',(#3315,#3316,#3317,#3318));
#400=EDGE_LOOP('',(#3319,#3320,#3321,#3322));
#401=EDGE_LOOP('',(#3323,#3324,#3325,#3326));
#402=EDGE_LOOP('',(#3327,#3328,#3329,#3330));
#403=EDGE_LOOP('',(#3331,#3332,#3333,#3334));
#404=EDGE_LOOP('',(#3335,#3336,#3337,#3338));
#405=EDGE_LOOP('',(#3339,#3340,#3341,#3342));
#406=EDGE_LOOP('',(#3343,#3344,#3345,#3346));
#407=EDGE_LOOP('',(#3347,#3348,#3349,#3350));
#408=EDGE_LOOP('',(#3351,#3352,#3353,#3354));
#409=EDGE_LOOP('',(#3355,#3356,#3357,#3358));
#410=EDGE_LOOP('',(#3359,#3360,#3361,#3362));
#411=EDGE_LOOP('',(#3363,#3364,#3365,#3366));
#412=EDGE_LOOP('',(#3367,#3368,#3369,#3370));
#413=EDGE_LOOP('',(#3371,#3372,#3373,#3374));
#414=EDGE_LOOP('',(#3375,#3376,#3377,#3378));
#415=EDGE_LOOP('',(#3379,#3380,#3381,#3382));
#416=EDGE_LOOP('',(#3383,#3384,#3385,#3386));
#417=EDGE_LOOP('',(#3387,#3388,#3389,#3390));
#418=EDGE_LOOP('',(#3391,#3392,#3393,#3394));
#419=EDGE_LOOP('',(#3395,#3396,#3397,#3398));
#420=EDGE_LOOP('',(#3399,#3400,#3401,#3402));
#421=EDGE_LOOP('',(#3403,#3404,#3405,#3406));
#422=EDGE_LOOP('',(#3407,#3408,#3409,#3410));
#423=EDGE_LOOP('',(#3411,#3412,#3413,#3414));
#424=EDGE_LOOP('',(#3415,#3416,#3417,#3418));
#425=EDGE_LOOP('',(#3419,#3420,#3421,#3422));
#426=EDGE_LOOP('',(#3423,#3424,#3425,#3426));
#427=EDGE_LOOP('',(#3427,#3428,#3429,#3430));
#428=EDGE_LOOP('',(#3431,#3432,#3433,#3434));
#429=EDGE_LOOP('',(#3435,#3436,#3437,#3438));
#430=EDGE_LOOP('',(#3439,#3440,#3441,#3442));
#431=EDGE_LOOP('',(#3443,#3444,#3445,#3446));
#432=EDGE_LOOP('',(#3447,#3448,#3449,#3450));
#433=EDGE_LOOP('',(#3451,#3452,#3453,#3454));
#434=EDGE_LOOP('',(#3455,#3456,#3457,#3458));
#435=EDGE_LOOP('',(#3459,#3460,#3461,#3462));
#436=EDGE_LOOP('',(#3463,#3464,#3465,#3466));
#437=EDGE_LOOP('',(#3467,#3468,#3469,#3470));
#438=EDGE_LOOP('',(#3471,#3472,#3473,#3474));
#439=EDGE_LOOP('',(#3475,#3476,#3477,#3478));
#440=EDGE_LOOP('',(#3479,#3480,#3481,#3482));
#441=EDGE_LOOP('',(#3483,#3484,#3485,#3486));
#442=EDGE_LOOP('',(#3487,#3488,#3489,#3490));
#443=EDGE_LOOP('',(#3491,#3492,#3493,#3494));
#444=EDGE_LOOP('',(#3495,#3496,#3497,#3498));
#445=EDGE_LOOP('',(#3499,#3500,#3501,#3502));
#446=EDGE_LOOP('',(#3503,#3504,#3505,#3506));
#447=EDGE_LOOP('',(#3507,#3508,#3509,#3510));
#448=EDGE_LOOP('',(#3511,#3512,#3513,#3514));
#449=EDGE_LOOP('',(#3515,#3516,#3517,#3518));
#450=EDGE_LOOP('',(#3519,#3520,#3521,#3522));
#451=EDGE_LOOP('',(#3523,#3524,#3525,#3526));
#452=EDGE_LOOP('',(#3527,#3528,#3529,#3530));
#453=EDGE_LOOP('',(#3531,#3532,#3533,#3534));
#454=EDGE_LOOP('',(#3535,#3536,#3537,#3538));
#455=EDGE_LOOP('',(#3539,#3540,#3541,#3542));
#456=EDGE_LOOP('',(#3543,#3544,#3545,#3546));
#457=EDGE_LOOP('',(#3547,#3548,#3549,#3550));
#458=EDGE_LOOP('',(#3551,#3552,#3553,#3554));
#459=EDGE_LOOP('',(#3555,#3556,#3557,#3558,#3559,#3560,#3561,#3562,#3563,
#3564,#3565,#3566,#3567,#3568,#3569,#3570,#3571,#3572,#3573,#3574,#3575,
#3576,#3577,#3578,#3579,#3580,#3581,#3582,#3583,#3584,#3585,#3586,#3587,
#3588,#3589,#3590,#3591,#3592,#3593,#3594));
#460=EDGE_LOOP('',(#3595,#3596,#3597,#3598));
#461=EDGE_LOOP('',(#3599,#3600,#3601,#3602));
#462=EDGE_LOOP('',(#3603,#3604,#3605,#3606));
#463=EDGE_LOOP('',(#3607,#3608,#3609,#3610));
#464=EDGE_LOOP('',(#3611,#3612,#3613,#3614));
#465=EDGE_LOOP('',(#3615,#3616,#3617,#3618));
#466=EDGE_LOOP('',(#3619,#3620,#3621,#3622));
#467=EDGE_LOOP('',(#3623,#3624,#3625,#3626));
#468=EDGE_LOOP('',(#3627,#3628,#3629,#3630));
#469=EDGE_LOOP('',(#3631,#3632,#3633,#3634));
#470=EDGE_LOOP('',(#3635,#3636,#3637,#3638,#3639,#3640,#3641,#3642,#3643,
#3644,#3645,#3646,#3647,#3648,#3649,#3650,#3651,#3652,#3653,#3654,#3655,
#3656,#3657,#3658,#3659,#3660,#3661,#3662,#3663,#3664,#3665,#3666,#3667,
#3668,#3669,#3670));
#471=EDGE_LOOP('',(#3671,#3672,#3673,#3674));
#472=EDGE_LOOP('',(#3675,#3676,#3677,#3678));
#473=EDGE_LOOP('',(#3679,#3680,#3681,#3682));
#474=EDGE_LOOP('',(#3683,#3684,#3685,#3686,#3687,#3688,#3689,#3690,#3691,
#3692,#3693,#3694,#3695,#3696,#3697,#3698,#3699,#3700,#3701,#3702,#3703,
#3704,#3705,#3706,#3707,#3708,#3709,#3710,#3711,#3712,#3713,#3714,#3715,
#3716,#3717,#3718));
#475=EDGE_LOOP('',(#3719,#3720,#3721,#3722));
#476=EDGE_LOOP('',(#3723,#3724,#3725,#3726,#3727,#3728,#3729,#3730,#3731,
#3732,#3733,#3734,#3735,#3736,#3737,#3738,#3739,#3740,#3741,#3742,#3743,
#3744,#3745,#3746,#3747,#3748,#3749,#3750,#3751,#3752,#3753,#3754,#3755,
#3756,#3757,#3758));
#477=EDGE_LOOP('',(#3759,#3760,#3761,#3762,#3763,#3764,#3765,#3766,#3767,
#3768,#3769,#3770,#3771,#3772,#3773,#3774,#3775,#3776,#3777,#3778,#3779,
#3780,#3781,#3782,#3783,#3784,#3785,#3786,#3787,#3788,#3789,#3790,#3791,
#3792,#3793,#3794,#3795,#3796,#3797,#3798));
#478=EDGE_LOOP('',(#3799,#3800,#3801,#3802));
#479=EDGE_LOOP('',(#3803,#3804,#3805,#3806));
#480=EDGE_LOOP('',(#3807,#3808,#3809,#3810));
#481=EDGE_LOOP('',(#3811,#3812,#3813,#3814));
#482=EDGE_LOOP('',(#3815,#3816,#3817,#3818));
#483=EDGE_LOOP('',(#3819,#3820,#3821,#3822));
#484=EDGE_LOOP('',(#3823,#3824,#3825,#3826));
#485=EDGE_LOOP('',(#3827,#3828,#3829,#3830));
#486=EDGE_LOOP('',(#3831,#3832,#3833,#3834));
#487=EDGE_LOOP('',(#3835,#3836,#3837,#3838));
#488=EDGE_LOOP('',(#3839,#3840,#3841,#3842,#3843,#3844,#3845,#3846,#3847,
#3848,#3849,#3850,#3851,#3852,#3853,#3854,#3855,#3856,#3857,#3858,#3859,
#3860,#3861,#3862,#3863,#3864,#3865,#3866,#3867,#3868,#3869,#3870,#3871,
#3872,#3873,#3874));
#489=EDGE_LOOP('',(#3875,#3876,#3877,#3878));
#490=EDGE_LOOP('',(#3879,#3880,#3881,#3882));
#491=EDGE_LOOP('',(#3883,#3884,#3885,#3886));
#492=EDGE_LOOP('',(#3887,#3888,#3889,#3890,#3891,#3892,#3893,#3894,#3895,
#3896,#3897,#3898,#3899,#3900,#3901,#3902,#3903,#3904,#3905,#3906,#3907,
#3908,#3909,#3910,#3911,#3912,#3913,#3914,#3915,#3916,#3917,#3918,#3919,
#3920,#3921,#3922));
#493=EDGE_LOOP('',(#3923,#3924,#3925,#3926));
#494=EDGE_LOOP('',(#3927,#3928,#3929,#3930,#3931,#3932,#3933,#3934,#3935,
#3936,#3937,#3938,#3939,#3940,#3941,#3942,#3943,#3944,#3945,#3946,#3947,
#3948,#3949,#3950,#3951,#3952,#3953,#3954,#3955,#3956,#3957,#3958,#3959,
#3960,#3961,#3962));
#495=LINE('',#5625,#1107);
#496=LINE('',#5627,#1108);
#497=LINE('',#5629,#1109);
#498=LINE('',#5630,#1110);
#499=LINE('',#5633,#1111);
#500=LINE('',#5635,#1112);
#501=LINE('',#5636,#1113);
#502=LINE('',#5639,#1114);
#503=LINE('',#5641,#1115);
#504=LINE('',#5642,#1116);
#505=LINE('',#5646,#1117);
#506=LINE('',#5648,#1118);
#507=LINE('',#5650,#1119);
#508=LINE('',#5651,#1120);
#509=LINE('',#5654,#1121);
#510=LINE('',#5656,#1122);
#511=LINE('',#5657,#1123);
#512=LINE('',#5660,#1124);
#513=LINE('',#5662,#1125);
#514=LINE('',#5663,#1126);
#515=LINE('',#5666,#1127);
#516=LINE('',#5668,#1128);
#517=LINE('',#5669,#1129);
#518=LINE('',#5672,#1130);
#519=LINE('',#5674,#1131);
#520=LINE('',#5675,#1132);
#521=LINE('',#5678,#1133);
#522=LINE('',#5680,#1134);
#523=LINE('',#5681,#1135);
#524=LINE('',#5684,#1136);
#525=LINE('',#5686,#1137);
#526=LINE('',#5687,#1138);
#527=LINE('',#5690,#1139);
#528=LINE('',#5692,#1140);
#529=LINE('',#5693,#1141);
#530=LINE('',#5696,#1142);
#531=LINE('',#5698,#1143);
#532=LINE('',#5699,#1144);
#533=LINE('',#5702,#1145);
#534=LINE('',#5704,#1146);
#535=LINE('',#5705,#1147);
#536=LINE('',#5708,#1148);
#537=LINE('',#5710,#1149);
#538=LINE('',#5711,#1150);
#539=LINE('',#5714,#1151);
#540=LINE('',#5716,#1152);
#541=LINE('',#5717,#1153);
#542=LINE('',#5720,#1154);
#543=LINE('',#5722,#1155);
#544=LINE('',#5723,#1156);
#545=LINE('',#5726,#1157);
#546=LINE('',#5728,#1158);
#547=LINE('',#5729,#1159);
#548=LINE('',#5732,#1160);
#549=LINE('',#5734,#1161);
#550=LINE('',#5735,#1162);
#551=LINE('',#5738,#1163);
#552=LINE('',#5740,#1164);
#553=LINE('',#5741,#1165);
#554=LINE('',#5744,#1166);
#555=LINE('',#5746,#1167);
#556=LINE('',#5747,#1168);
#557=LINE('',#5750,#1169);
#558=LINE('',#5752,#1170);
#559=LINE('',#5753,#1171);
#560=LINE('',#5756,#1172);
#561=LINE('',#5758,#1173);
#562=LINE('',#5759,#1174);
#563=LINE('',#5762,#1175);
#564=LINE('',#5764,#1176);
#565=LINE('',#5765,#1177);
#566=LINE('',#5768,#1178);
#567=LINE('',#5770,#1179);
#568=LINE('',#5771,#1180);
#569=LINE('',#5774,#1181);
#570=LINE('',#5776,#1182);
#571=LINE('',#5777,#1183);
#572=LINE('',#5780,#1184);
#573=LINE('',#5782,#1185);
#574=LINE('',#5783,#1186);
#575=LINE('',#5786,#1187);
#576=LINE('',#5788,#1188);
#577=LINE('',#5789,#1189);
#578=LINE('',#5792,#1190);
#579=LINE('',#5794,#1191);
#580=LINE('',#5795,#1192);
#581=LINE('',#5798,#1193);
#582=LINE('',#5800,#1194);
#583=LINE('',#5801,#1195);
#584=LINE('',#5804,#1196);
#585=LINE('',#5806,#1197);
#586=LINE('',#5807,#1198);
#587=LINE('',#5810,#1199);
#588=LINE('',#5812,#1200);
#589=LINE('',#5813,#1201);
#590=LINE('',#5816,#1202);
#591=LINE('',#5818,#1203);
#592=LINE('',#5819,#1204);
#593=LINE('',#5822,#1205);
#594=LINE('',#5824,#1206);
#595=LINE('',#5825,#1207);
#596=LINE('',#5828,#1208);
#597=LINE('',#5830,#1209);
#598=LINE('',#5831,#1210);
#599=LINE('',#5834,#1211);
#600=LINE('',#5836,#1212);
#601=LINE('',#5837,#1213);
#602=LINE('',#5840,#1214);
#603=LINE('',#5842,#1215);
#604=LINE('',#5843,#1216);
#605=LINE('',#5846,#1217);
#606=LINE('',#5848,#1218);
#607=LINE('',#5849,#1219);
#608=LINE('',#5852,#1220);
#609=LINE('',#5854,#1221);
#610=LINE('',#5855,#1222);
#611=LINE('',#5857,#1223);
#612=LINE('',#5858,#1224);
#613=LINE('',#5862,#1225);
#614=LINE('',#5864,#1226);
#615=LINE('',#5866,#1227);
#616=LINE('',#5867,#1228);
#617=LINE('',#5870,#1229);
#618=LINE('',#5872,#1230);
#619=LINE('',#5873,#1231);
#620=LINE('',#5876,#1232);
#621=LINE('',#5878,#1233);
#622=LINE('',#5879,#1234);
#623=LINE('',#5881,#1235);
#624=LINE('',#5882,#1236);
#625=LINE('',#5886,#1237);
#626=LINE('',#5888,#1238);
#627=LINE('',#5890,#1239);
#628=LINE('',#5891,#1240);
#629=LINE('',#5894,#1241);
#630=LINE('',#5896,#1242);
#631=LINE('',#5897,#1243);
#632=LINE('',#5900,#1244);
#633=LINE('',#5902,#1245);
#634=LINE('',#5903,#1246);
#635=LINE('',#5906,#1247);
#636=LINE('',#5908,#1248);
#637=LINE('',#5909,#1249);
#638=LINE('',#5912,#1250);
#639=LINE('',#5914,#1251);
#640=LINE('',#5915,#1252);
#641=LINE('',#5918,#1253);
#642=LINE('',#5920,#1254);
#643=LINE('',#5921,#1255);
#644=LINE('',#5924,#1256);
#645=LINE('',#5926,#1257);
#646=LINE('',#5927,#1258);
#647=LINE('',#5930,#1259);
#648=LINE('',#5932,#1260);
#649=LINE('',#5933,#1261);
#650=LINE('',#5936,#1262);
#651=LINE('',#5938,#1263);
#652=LINE('',#5939,#1264);
#653=LINE('',#5942,#1265);
#654=LINE('',#5944,#1266);
#655=LINE('',#5945,#1267);
#656=LINE('',#5948,#1268);
#657=LINE('',#5950,#1269);
#658=LINE('',#5951,#1270);
#659=LINE('',#5954,#1271);
#660=LINE('',#5956,#1272);
#661=LINE('',#5957,#1273);
#662=LINE('',#5960,#1274);
#663=LINE('',#5962,#1275);
#664=LINE('',#5963,#1276);
#665=LINE('',#5966,#1277);
#666=LINE('',#5968,#1278);
#667=LINE('',#5969,#1279);
#668=LINE('',#5972,#1280);
#669=LINE('',#5974,#1281);
#670=LINE('',#5975,#1282);
#671=LINE('',#5978,#1283);
#672=LINE('',#5980,#1284);
#673=LINE('',#5981,#1285);
#674=LINE('',#5984,#1286);
#675=LINE('',#5986,#1287);
#676=LINE('',#5987,#1288);
#677=LINE('',#5990,#1289);
#678=LINE('',#5992,#1290);
#679=LINE('',#5993,#1291);
#680=LINE('',#5996,#1292);
#681=LINE('',#5998,#1293);
#682=LINE('',#5999,#1294);
#683=LINE('',#6002,#1295);
#684=LINE('',#6004,#1296);
#685=LINE('',#6005,#1297);
#686=LINE('',#6008,#1298);
#687=LINE('',#6010,#1299);
#688=LINE('',#6011,#1300);
#689=LINE('',#6014,#1301);
#690=LINE('',#6016,#1302);
#691=LINE('',#6017,#1303);
#692=LINE('',#6020,#1304);
#693=LINE('',#6022,#1305);
#694=LINE('',#6023,#1306);
#695=LINE('',#6026,#1307);
#696=LINE('',#6028,#1308);
#697=LINE('',#6029,#1309);
#698=LINE('',#6032,#1310);
#699=LINE('',#6034,#1311);
#700=LINE('',#6035,#1312);
#701=LINE('',#6038,#1313);
#702=LINE('',#6040,#1314);
#703=LINE('',#6041,#1315);
#704=LINE('',#6044,#1316);
#705=LINE('',#6046,#1317);
#706=LINE('',#6047,#1318);
#707=LINE('',#6050,#1319);
#708=LINE('',#6052,#1320);
#709=LINE('',#6053,#1321);
#710=LINE('',#6056,#1322);
#711=LINE('',#6058,#1323);
#712=LINE('',#6059,#1324);
#713=LINE('',#6062,#1325);
#714=LINE('',#6064,#1326);
#715=LINE('',#6065,#1327);
#716=LINE('',#6068,#1328);
#717=LINE('',#6070,#1329);
#718=LINE('',#6071,#1330);
#719=LINE('',#6074,#1331);
#720=LINE('',#6076,#1332);
#721=LINE('',#6077,#1333);
#722=LINE('',#6080,#1334);
#723=LINE('',#6082,#1335);
#724=LINE('',#6083,#1336);
#725=LINE('',#6086,#1337);
#726=LINE('',#6088,#1338);
#727=LINE('',#6089,#1339);
#728=LINE('',#6092,#1340);
#729=LINE('',#6094,#1341);
#730=LINE('',#6095,#1342);
#731=LINE('',#6097,#1343);
#732=LINE('',#6098,#1344);
#733=LINE('',#6102,#1345);
#734=LINE('',#6104,#1346);
#735=LINE('',#6106,#1347);
#736=LINE('',#6107,#1348);
#737=LINE('',#6110,#1349);
#738=LINE('',#6112,#1350);
#739=LINE('',#6113,#1351);
#740=LINE('',#6116,#1352);
#741=LINE('',#6118,#1353);
#742=LINE('',#6119,#1354);
#743=LINE('',#6121,#1355);
#744=LINE('',#6122,#1356);
#745=LINE('',#6126,#1357);
#746=LINE('',#6128,#1358);
#747=LINE('',#6130,#1359);
#748=LINE('',#6131,#1360);
#749=LINE('',#6134,#1361);
#750=LINE('',#6136,#1362);
#751=LINE('',#6137,#1363);
#752=LINE('',#6140,#1364);
#753=LINE('',#6142,#1365);
#754=LINE('',#6143,#1366);
#755=LINE('',#6145,#1367);
#756=LINE('',#6146,#1368);
#757=LINE('',#6150,#1369);
#758=LINE('',#6152,#1370);
#759=LINE('',#6154,#1371);
#760=LINE('',#6155,#1372);
#761=LINE('',#6158,#1373);
#762=LINE('',#6160,#1374);
#763=LINE('',#6161,#1375);
#764=LINE('',#6164,#1376);
#765=LINE('',#6166,#1377);
#766=LINE('',#6167,#1378);
#767=LINE('',#6169,#1379);
#768=LINE('',#6170,#1380);
#769=LINE('',#6174,#1381);
#770=LINE('',#6176,#1382);
#771=LINE('',#6178,#1383);
#772=LINE('',#6179,#1384);
#773=LINE('',#6182,#1385);
#774=LINE('',#6184,#1386);
#775=LINE('',#6185,#1387);
#776=LINE('',#6188,#1388);
#777=LINE('',#6190,#1389);
#778=LINE('',#6191,#1390);
#779=LINE('',#6194,#1391);
#780=LINE('',#6196,#1392);
#781=LINE('',#6197,#1393);
#782=LINE('',#6200,#1394);
#783=LINE('',#6202,#1395);
#784=LINE('',#6203,#1396);
#785=LINE('',#6206,#1397);
#786=LINE('',#6208,#1398);
#787=LINE('',#6209,#1399);
#788=LINE('',#6212,#1400);
#789=LINE('',#6214,#1401);
#790=LINE('',#6215,#1402);
#791=LINE('',#6218,#1403);
#792=LINE('',#6220,#1404);
#793=LINE('',#6221,#1405);
#794=LINE('',#6224,#1406);
#795=LINE('',#6226,#1407);
#796=LINE('',#6227,#1408);
#797=LINE('',#6230,#1409);
#798=LINE('',#6232,#1410);
#799=LINE('',#6233,#1411);
#800=LINE('',#6236,#1412);
#801=LINE('',#6238,#1413);
#802=LINE('',#6239,#1414);
#803=LINE('',#6242,#1415);
#804=LINE('',#6244,#1416);
#805=LINE('',#6245,#1417);
#806=LINE('',#6248,#1418);
#807=LINE('',#6250,#1419);
#808=LINE('',#6251,#1420);
#809=LINE('',#6254,#1421);
#810=LINE('',#6256,#1422);
#811=LINE('',#6257,#1423);
#812=LINE('',#6260,#1424);
#813=LINE('',#6262,#1425);
#814=LINE('',#6263,#1426);
#815=LINE('',#6266,#1427);
#816=LINE('',#6268,#1428);
#817=LINE('',#6269,#1429);
#818=LINE('',#6272,#1430);
#819=LINE('',#6274,#1431);
#820=LINE('',#6275,#1432);
#821=LINE('',#6278,#1433);
#822=LINE('',#6280,#1434);
#823=LINE('',#6281,#1435);
#824=LINE('',#6284,#1436);
#825=LINE('',#6286,#1437);
#826=LINE('',#6287,#1438);
#827=LINE('',#6290,#1439);
#828=LINE('',#6292,#1440);
#829=LINE('',#6293,#1441);
#830=LINE('',#6296,#1442);
#831=LINE('',#6298,#1443);
#832=LINE('',#6299,#1444);
#833=LINE('',#6302,#1445);
#834=LINE('',#6304,#1446);
#835=LINE('',#6305,#1447);
#836=LINE('',#6308,#1448);
#837=LINE('',#6310,#1449);
#838=LINE('',#6311,#1450);
#839=LINE('',#6314,#1451);
#840=LINE('',#6316,#1452);
#841=LINE('',#6317,#1453);
#842=LINE('',#6320,#1454);
#843=LINE('',#6322,#1455);
#844=LINE('',#6323,#1456);
#845=LINE('',#6326,#1457);
#846=LINE('',#6328,#1458);
#847=LINE('',#6329,#1459);
#848=LINE('',#6332,#1460);
#849=LINE('',#6334,#1461);
#850=LINE('',#6335,#1462);
#851=LINE('',#6338,#1463);
#852=LINE('',#6340,#1464);
#853=LINE('',#6341,#1465);
#854=LINE('',#6344,#1466);
#855=LINE('',#6346,#1467);
#856=LINE('',#6347,#1468);
#857=LINE('',#6350,#1469);
#858=LINE('',#6352,#1470);
#859=LINE('',#6353,#1471);
#860=LINE('',#6356,#1472);
#861=LINE('',#6358,#1473);
#862=LINE('',#6359,#1474);
#863=LINE('',#6362,#1475);
#864=LINE('',#6364,#1476);
#865=LINE('',#6365,#1477);
#866=LINE('',#6368,#1478);
#867=LINE('',#6370,#1479);
#868=LINE('',#6371,#1480);
#869=LINE('',#6374,#1481);
#870=LINE('',#6376,#1482);
#871=LINE('',#6377,#1483);
#872=LINE('',#6380,#1484);
#873=LINE('',#6382,#1485);
#874=LINE('',#6383,#1486);
#875=LINE('',#6385,#1487);
#876=LINE('',#6386,#1488);
#877=LINE('',#6390,#1489);
#878=LINE('',#6392,#1490);
#879=LINE('',#6394,#1491);
#880=LINE('',#6395,#1492);
#881=LINE('',#6398,#1493);
#882=LINE('',#6400,#1494);
#883=LINE('',#6401,#1495);
#884=LINE('',#6404,#1496);
#885=LINE('',#6406,#1497);
#886=LINE('',#6407,#1498);
#887=LINE('',#6409,#1499);
#888=LINE('',#6410,#1500);
#889=LINE('',#6414,#1501);
#890=LINE('',#6416,#1502);
#891=LINE('',#6418,#1503);
#892=LINE('',#6419,#1504);
#893=LINE('',#6422,#1505);
#894=LINE('',#6424,#1506);
#895=LINE('',#6425,#1507);
#896=LINE('',#6428,#1508);
#897=LINE('',#6430,#1509);
#898=LINE('',#6431,#1510);
#899=LINE('',#6433,#1511);
#900=LINE('',#6434,#1512);
#901=LINE('',#6438,#1513);
#902=LINE('',#6440,#1514);
#903=LINE('',#6442,#1515);
#904=LINE('',#6443,#1516);
#905=LINE('',#6446,#1517);
#906=LINE('',#6448,#1518);
#907=LINE('',#6449,#1519);
#908=LINE('',#6452,#1520);
#909=LINE('',#6454,#1521);
#910=LINE('',#6455,#1522);
#911=LINE('',#6457,#1523);
#912=LINE('',#6458,#1524);
#913=LINE('',#6462,#1525);
#914=LINE('',#6464,#1526);
#915=LINE('',#6466,#1527);
#916=LINE('',#6467,#1528);
#917=LINE('',#6470,#1529);
#918=LINE('',#6472,#1530);
#919=LINE('',#6473,#1531);
#920=LINE('',#6476,#1532);
#921=LINE('',#6478,#1533);
#922=LINE('',#6479,#1534);
#923=LINE('',#6481,#1535);
#924=LINE('',#6482,#1536);
#925=LINE('',#6486,#1537);
#926=LINE('',#6488,#1538);
#927=LINE('',#6490,#1539);
#928=LINE('',#6491,#1540);
#929=LINE('',#6494,#1541);
#930=LINE('',#6496,#1542);
#931=LINE('',#6497,#1543);
#932=LINE('',#6500,#1544);
#933=LINE('',#6502,#1545);
#934=LINE('',#6503,#1546);
#935=LINE('',#6505,#1547);
#936=LINE('',#6506,#1548);
#937=LINE('',#6510,#1549);
#938=LINE('',#6512,#1550);
#939=LINE('',#6514,#1551);
#940=LINE('',#6515,#1552);
#941=LINE('',#6518,#1553);
#942=LINE('',#6520,#1554);
#943=LINE('',#6521,#1555);
#944=LINE('',#6524,#1556);
#945=LINE('',#6526,#1557);
#946=LINE('',#6527,#1558);
#947=LINE('',#6529,#1559);
#948=LINE('',#6530,#1560);
#949=LINE('',#6534,#1561);
#950=LINE('',#6536,#1562);
#951=LINE('',#6538,#1563);
#952=LINE('',#6539,#1564);
#953=LINE('',#6542,#1565);
#954=LINE('',#6544,#1566);
#955=LINE('',#6545,#1567);
#956=LINE('',#6548,#1568);
#957=LINE('',#6550,#1569);
#958=LINE('',#6551,#1570);
#959=LINE('',#6553,#1571);
#960=LINE('',#6554,#1572);
#961=LINE('',#6558,#1573);
#962=LINE('',#6560,#1574);
#963=LINE('',#6562,#1575);
#964=LINE('',#6563,#1576);
#965=LINE('',#6566,#1577);
#966=LINE('',#6568,#1578);
#967=LINE('',#6569,#1579);
#968=LINE('',#6572,#1580);
#969=LINE('',#6574,#1581);
#970=LINE('',#6575,#1582);
#971=LINE('',#6577,#1583);
#972=LINE('',#6578,#1584);
#973=LINE('',#6582,#1585);
#974=LINE('',#6584,#1586);
#975=LINE('',#6586,#1587);
#976=LINE('',#6587,#1588);
#977=LINE('',#6590,#1589);
#978=LINE('',#6592,#1590);
#979=LINE('',#6593,#1591);
#980=LINE('',#6596,#1592);
#981=LINE('',#6598,#1593);
#982=LINE('',#6599,#1594);
#983=LINE('',#6601,#1595);
#984=LINE('',#6602,#1596);
#985=LINE('',#6606,#1597);
#986=LINE('',#6608,#1598);
#987=LINE('',#6610,#1599);
#988=LINE('',#6611,#1600);
#989=LINE('',#6614,#1601);
#990=LINE('',#6616,#1602);
#991=LINE('',#6617,#1603);
#992=LINE('',#6620,#1604);
#993=LINE('',#6622,#1605);
#994=LINE('',#6623,#1606);
#995=LINE('',#6625,#1607);
#996=LINE('',#6626,#1608);
#997=LINE('',#6630,#1609);
#998=LINE('',#6632,#1610);
#999=LINE('',#6634,#1611);
#1000=LINE('',#6635,#1612);
#1001=LINE('',#6637,#1613);
#1002=LINE('',#6638,#1614);
#1003=LINE('',#6641,#1615);
#1004=LINE('',#6643,#1616);
#1005=LINE('',#6644,#1617);
#1006=LINE('',#6647,#1618);
#1007=LINE('',#6649,#1619);
#1008=LINE('',#6650,#1620);
#1009=LINE('',#6653,#1621);
#1010=LINE('',#6655,#1622);
#1011=LINE('',#6656,#1623);
#1012=LINE('',#6659,#1624);
#1013=LINE('',#6661,#1625);
#1014=LINE('',#6662,#1626);
#1015=LINE('',#6665,#1627);
#1016=LINE('',#6667,#1628);
#1017=LINE('',#6668,#1629);
#1018=LINE('',#6671,#1630);
#1019=LINE('',#6673,#1631);
#1020=LINE('',#6674,#1632);
#1021=LINE('',#6677,#1633);
#1022=LINE('',#6679,#1634);
#1023=LINE('',#6680,#1635);
#1024=LINE('',#6683,#1636);
#1025=LINE('',#6685,#1637);
#1026=LINE('',#6686,#1638);
#1027=LINE('',#6689,#1639);
#1028=LINE('',#6691,#1640);
#1029=LINE('',#6692,#1641);
#1030=LINE('',#6695,#1642);
#1031=LINE('',#6697,#1643);
#1032=LINE('',#6698,#1644);
#1033=LINE('',#6701,#1645);
#1034=LINE('',#6703,#1646);
#1035=LINE('',#6704,#1647);
#1036=LINE('',#6707,#1648);
#1037=LINE('',#6709,#1649);
#1038=LINE('',#6710,#1650);
#1039=LINE('',#6713,#1651);
#1040=LINE('',#6715,#1652);
#1041=LINE('',#6716,#1653);
#1042=LINE('',#6719,#1654);
#1043=LINE('',#6721,#1655);
#1044=LINE('',#6722,#1656);
#1045=LINE('',#6725,#1657);
#1046=LINE('',#6727,#1658);
#1047=LINE('',#6728,#1659);
#1048=LINE('',#6731,#1660);
#1049=LINE('',#6733,#1661);
#1050=LINE('',#6734,#1662);
#1051=LINE('',#6737,#1663);
#1052=LINE('',#6739,#1664);
#1053=LINE('',#6740,#1665);
#1054=LINE('',#6743,#1666);
#1055=LINE('',#6745,#1667);
#1056=LINE('',#6746,#1668);
#1057=LINE('',#6749,#1669);
#1058=LINE('',#6751,#1670);
#1059=LINE('',#6752,#1671);
#1060=LINE('',#6755,#1672);
#1061=LINE('',#6757,#1673);
#1062=LINE('',#6758,#1674);
#1063=LINE('',#6761,#1675);
#1064=LINE('',#6763,#1676);
#1065=LINE('',#6764,#1677);
#1066=LINE('',#6767,#1678);
#1067=LINE('',#6769,#1679);
#1068=LINE('',#6770,#1680);
#1069=LINE('',#6773,#1681);
#1070=LINE('',#6775,#1682);
#1071=LINE('',#6776,#1683);
#1072=LINE('',#6779,#1684);
#1073=LINE('',#6781,#1685);
#1074=LINE('',#6782,#1686);
#1075=LINE('',#6785,#1687);
#1076=LINE('',#6787,#1688);
#1077=LINE('',#6788,#1689);
#1078=LINE('',#6791,#1690);
#1079=LINE('',#6793,#1691);
#1080=LINE('',#6794,#1692);
#1081=LINE('',#6797,#1693);
#1082=LINE('',#6799,#1694);
#1083=LINE('',#6800,#1695);
#1084=LINE('',#6803,#1696);
#1085=LINE('',#6805,#1697);
#1086=LINE('',#6806,#1698);
#1087=LINE('',#6809,#1699);
#1088=LINE('',#6811,#1700);
#1089=LINE('',#6812,#1701);
#1090=LINE('',#6815,#1702);
#1091=LINE('',#6817,#1703);
#1092=LINE('',#6818,#1704);
#1093=LINE('',#6821,#1705);
#1094=LINE('',#6823,#1706);
#1095=LINE('',#6824,#1707);
#1096=LINE('',#6827,#1708);
#1097=LINE('',#6829,#1709);
#1098=LINE('',#6830,#1710);
#1099=LINE('',#6833,#1711);
#1100=LINE('',#6835,#1712);
#1101=LINE('',#6836,#1713);
#1102=LINE('',#6839,#1714);
#1103=LINE('',#6841,#1715);
#1104=LINE('',#6842,#1716);
#1105=LINE('',#6844,#1717);
#1106=LINE('',#6845,#1718);
#1107=VECTOR('',#4599,10.);
#1108=VECTOR('',#4600,10.);
#1109=VECTOR('',#4601,10.);
#1110=VECTOR('',#4602,10.);
#1111=VECTOR('',#4605,10.);
#1112=VECTOR('',#4606,10.);
#1113=VECTOR('',#4607,10.);
#1114=VECTOR('',#4610,10.);
#1115=VECTOR('',#4611,10.);
#1116=VECTOR('',#4612,10.);
#1117=VECTOR('',#4615,10.);
#1118=VECTOR('',#4616,10.);
#1119=VECTOR('',#4617,10.);
#1120=VECTOR('',#4618,10.);
#1121=VECTOR('',#4621,10.);
#1122=VECTOR('',#4622,10.);
#1123=VECTOR('',#4623,10.);
#1124=VECTOR('',#4626,10.);
#1125=VECTOR('',#4627,10.);
#1126=VECTOR('',#4628,10.);
#1127=VECTOR('',#4631,10.);
#1128=VECTOR('',#4632,10.);
#1129=VECTOR('',#4633,10.);
#1130=VECTOR('',#4636,10.);
#1131=VECTOR('',#4637,10.);
#1132=VECTOR('',#4638,10.);
#1133=VECTOR('',#4641,10.);
#1134=VECTOR('',#4642,10.);
#1135=VECTOR('',#4643,10.);
#1136=VECTOR('',#4646,10.);
#1137=VECTOR('',#4647,10.);
#1138=VECTOR('',#4648,10.);
#1139=VECTOR('',#4651,10.);
#1140=VECTOR('',#4652,10.);
#1141=VECTOR('',#4653,10.);
#1142=VECTOR('',#4656,10.);
#1143=VECTOR('',#4657,10.);
#1144=VECTOR('',#4658,10.);
#1145=VECTOR('',#4661,10.);
#1146=VECTOR('',#4662,10.);
#1147=VECTOR('',#4663,10.);
#1148=VECTOR('',#4666,10.);
#1149=VECTOR('',#4667,10.);
#1150=VECTOR('',#4668,10.);
#1151=VECTOR('',#4671,10.);
#1152=VECTOR('',#4672,10.);
#1153=VECTOR('',#4673,10.);
#1154=VECTOR('',#4676,10.);
#1155=VECTOR('',#4677,10.);
#1156=VECTOR('',#4678,10.);
#1157=VECTOR('',#4681,10.);
#1158=VECTOR('',#4682,10.);
#1159=VECTOR('',#4683,10.);
#1160=VECTOR('',#4686,10.);
#1161=VECTOR('',#4687,10.);
#1162=VECTOR('',#4688,10.);
#1163=VECTOR('',#4691,10.);
#1164=VECTOR('',#4692,10.);
#1165=VECTOR('',#4693,10.);
#1166=VECTOR('',#4696,10.);
#1167=VECTOR('',#4697,10.);
#1168=VECTOR('',#4698,10.);
#1169=VECTOR('',#4701,10.);
#1170=VECTOR('',#4702,10.);
#1171=VECTOR('',#4703,10.);
#1172=VECTOR('',#4706,10.);
#1173=VECTOR('',#4707,10.);
#1174=VECTOR('',#4708,10.);
#1175=VECTOR('',#4711,10.);
#1176=VECTOR('',#4712,10.);
#1177=VECTOR('',#4713,10.);
#1178=VECTOR('',#4716,10.);
#1179=VECTOR('',#4717,10.);
#1180=VECTOR('',#4718,10.);
#1181=VECTOR('',#4721,10.);
#1182=VECTOR('',#4722,10.);
#1183=VECTOR('',#4723,10.);
#1184=VECTOR('',#4726,10.);
#1185=VECTOR('',#4727,10.);
#1186=VECTOR('',#4728,10.);
#1187=VECTOR('',#4731,10.);
#1188=VECTOR('',#4732,10.);
#1189=VECTOR('',#4733,10.);
#1190=VECTOR('',#4736,10.);
#1191=VECTOR('',#4737,10.);
#1192=VECTOR('',#4738,10.);
#1193=VECTOR('',#4741,10.);
#1194=VECTOR('',#4742,10.);
#1195=VECTOR('',#4743,10.);
#1196=VECTOR('',#4746,10.);
#1197=VECTOR('',#4747,10.);
#1198=VECTOR('',#4748,10.);
#1199=VECTOR('',#4751,10.);
#1200=VECTOR('',#4752,10.);
#1201=VECTOR('',#4753,10.);
#1202=VECTOR('',#4756,10.);
#1203=VECTOR('',#4757,10.);
#1204=VECTOR('',#4758,10.);
#1205=VECTOR('',#4761,10.);
#1206=VECTOR('',#4762,10.);
#1207=VECTOR('',#4763,10.);
#1208=VECTOR('',#4766,10.);
#1209=VECTOR('',#4767,10.);
#1210=VECTOR('',#4768,10.);
#1211=VECTOR('',#4771,10.);
#1212=VECTOR('',#4772,10.);
#1213=VECTOR('',#4773,10.);
#1214=VECTOR('',#4776,10.);
#1215=VECTOR('',#4777,10.);
#1216=VECTOR('',#4778,10.);
#1217=VECTOR('',#4781,10.);
#1218=VECTOR('',#4782,10.);
#1219=VECTOR('',#4783,10.);
#1220=VECTOR('',#4786,10.);
#1221=VECTOR('',#4787,10.);
#1222=VECTOR('',#4788,10.);
#1223=VECTOR('',#4791,10.);
#1224=VECTOR('',#4792,10.);
#1225=VECTOR('',#4795,10.);
#1226=VECTOR('',#4796,10.);
#1227=VECTOR('',#4797,10.);
#1228=VECTOR('',#4798,10.);
#1229=VECTOR('',#4801,10.);
#1230=VECTOR('',#4802,10.);
#1231=VECTOR('',#4803,10.);
#1232=VECTOR('',#4806,10.);
#1233=VECTOR('',#4807,10.);
#1234=VECTOR('',#4808,10.);
#1235=VECTOR('',#4811,10.);
#1236=VECTOR('',#4812,10.);
#1237=VECTOR('',#4815,10.);
#1238=VECTOR('',#4816,10.);
#1239=VECTOR('',#4817,10.);
#1240=VECTOR('',#4818,10.);
#1241=VECTOR('',#4821,10.);
#1242=VECTOR('',#4822,10.);
#1243=VECTOR('',#4823,10.);
#1244=VECTOR('',#4826,10.);
#1245=VECTOR('',#4827,10.);
#1246=VECTOR('',#4828,10.);
#1247=VECTOR('',#4831,10.);
#1248=VECTOR('',#4832,10.);
#1249=VECTOR('',#4833,10.);
#1250=VECTOR('',#4836,10.);
#1251=VECTOR('',#4837,10.);
#1252=VECTOR('',#4838,10.);
#1253=VECTOR('',#4841,10.);
#1254=VECTOR('',#4842,10.);
#1255=VECTOR('',#4843,10.);
#1256=VECTOR('',#4846,10.);
#1257=VECTOR('',#4847,10.);
#1258=VECTOR('',#4848,10.);
#1259=VECTOR('',#4851,10.);
#1260=VECTOR('',#4852,10.);
#1261=VECTOR('',#4853,10.);
#1262=VECTOR('',#4856,10.);
#1263=VECTOR('',#4857,10.);
#1264=VECTOR('',#4858,10.);
#1265=VECTOR('',#4861,10.);
#1266=VECTOR('',#4862,10.);
#1267=VECTOR('',#4863,10.);
#1268=VECTOR('',#4866,10.);
#1269=VECTOR('',#4867,10.);
#1270=VECTOR('',#4868,10.);
#1271=VECTOR('',#4871,10.);
#1272=VECTOR('',#4872,10.);
#1273=VECTOR('',#4873,10.);
#1274=VECTOR('',#4876,10.);
#1275=VECTOR('',#4877,10.);
#1276=VECTOR('',#4878,10.);
#1277=VECTOR('',#4881,10.);
#1278=VECTOR('',#4882,10.);
#1279=VECTOR('',#4883,10.);
#1280=VECTOR('',#4886,10.);
#1281=VECTOR('',#4887,10.);
#1282=VECTOR('',#4888,10.);
#1283=VECTOR('',#4891,10.);
#1284=VECTOR('',#4892,10.);
#1285=VECTOR('',#4893,10.);
#1286=VECTOR('',#4896,10.);
#1287=VECTOR('',#4897,10.);
#1288=VECTOR('',#4898,10.);
#1289=VECTOR('',#4901,10.);
#1290=VECTOR('',#4902,10.);
#1291=VECTOR('',#4903,10.);
#1292=VECTOR('',#4906,10.);
#1293=VECTOR('',#4907,10.);
#1294=VECTOR('',#4908,10.);
#1295=VECTOR('',#4911,10.);
#1296=VECTOR('',#4912,10.);
#1297=VECTOR('',#4913,10.);
#1298=VECTOR('',#4916,10.);
#1299=VECTOR('',#4917,10.);
#1300=VECTOR('',#4918,10.);
#1301=VECTOR('',#4921,10.);
#1302=VECTOR('',#4922,10.);
#1303=VECTOR('',#4923,10.);
#1304=VECTOR('',#4926,10.);
#1305=VECTOR('',#4927,10.);
#1306=VECTOR('',#4928,10.);
#1307=VECTOR('',#4931,10.);
#1308=VECTOR('',#4932,10.);
#1309=VECTOR('',#4933,10.);
#1310=VECTOR('',#4936,10.);
#1311=VECTOR('',#4937,10.);
#1312=VECTOR('',#4938,10.);
#1313=VECTOR('',#4941,10.);
#1314=VECTOR('',#4942,10.);
#1315=VECTOR('',#4943,10.);
#1316=VECTOR('',#4946,10.);
#1317=VECTOR('',#4947,10.);
#1318=VECTOR('',#4948,10.);
#1319=VECTOR('',#4951,10.);
#1320=VECTOR('',#4952,10.);
#1321=VECTOR('',#4953,10.);
#1322=VECTOR('',#4956,10.);
#1323=VECTOR('',#4957,10.);
#1324=VECTOR('',#4958,10.);
#1325=VECTOR('',#4961,10.);
#1326=VECTOR('',#4962,10.);
#1327=VECTOR('',#4963,10.);
#1328=VECTOR('',#4966,10.);
#1329=VECTOR('',#4967,10.);
#1330=VECTOR('',#4968,10.);
#1331=VECTOR('',#4971,10.);
#1332=VECTOR('',#4972,10.);
#1333=VECTOR('',#4973,10.);
#1334=VECTOR('',#4976,10.);
#1335=VECTOR('',#4977,10.);
#1336=VECTOR('',#4978,10.);
#1337=VECTOR('',#4981,10.);
#1338=VECTOR('',#4982,10.);
#1339=VECTOR('',#4983,10.);
#1340=VECTOR('',#4986,10.);
#1341=VECTOR('',#4987,10.);
#1342=VECTOR('',#4988,10.);
#1343=VECTOR('',#4991,10.);
#1344=VECTOR('',#4992,10.);
#1345=VECTOR('',#4995,10.);
#1346=VECTOR('',#4996,10.);
#1347=VECTOR('',#4997,10.);
#1348=VECTOR('',#4998,10.);
#1349=VECTOR('',#5001,10.);
#1350=VECTOR('',#5002,10.);
#1351=VECTOR('',#5003,10.);
#1352=VECTOR('',#5006,10.);
#1353=VECTOR('',#5007,10.);
#1354=VECTOR('',#5008,10.);
#1355=VECTOR('',#5011,10.);
#1356=VECTOR('',#5012,10.);
#1357=VECTOR('',#5015,10.);
#1358=VECTOR('',#5016,10.);
#1359=VECTOR('',#5017,10.);
#1360=VECTOR('',#5018,10.);
#1361=VECTOR('',#5021,10.);
#1362=VECTOR('',#5022,10.);
#1363=VECTOR('',#5023,10.);
#1364=VECTOR('',#5026,10.);
#1365=VECTOR('',#5027,10.);
#1366=VECTOR('',#5028,10.);
#1367=VECTOR('',#5031,10.);
#1368=VECTOR('',#5032,10.);
#1369=VECTOR('',#5035,10.);
#1370=VECTOR('',#5036,10.);
#1371=VECTOR('',#5037,10.);
#1372=VECTOR('',#5038,10.);
#1373=VECTOR('',#5041,10.);
#1374=VECTOR('',#5042,10.);
#1375=VECTOR('',#5043,10.);
#1376=VECTOR('',#5046,10.);
#1377=VECTOR('',#5047,10.);
#1378=VECTOR('',#5048,10.);
#1379=VECTOR('',#5051,10.);
#1380=VECTOR('',#5052,10.);
#1381=VECTOR('',#5055,10.);
#1382=VECTOR('',#5056,10.);
#1383=VECTOR('',#5057,10.);
#1384=VECTOR('',#5058,10.);
#1385=VECTOR('',#5061,10.);
#1386=VECTOR('',#5062,10.);
#1387=VECTOR('',#5063,10.);
#1388=VECTOR('',#5066,10.);
#1389=VECTOR('',#5067,10.);
#1390=VECTOR('',#5068,10.);
#1391=VECTOR('',#5071,10.);
#1392=VECTOR('',#5072,10.);
#1393=VECTOR('',#5073,10.);
#1394=VECTOR('',#5076,10.);
#1395=VECTOR('',#5077,10.);
#1396=VECTOR('',#5078,10.);
#1397=VECTOR('',#5081,10.);
#1398=VECTOR('',#5082,10.);
#1399=VECTOR('',#5083,10.);
#1400=VECTOR('',#5086,10.);
#1401=VECTOR('',#5087,10.);
#1402=VECTOR('',#5088,10.);
#1403=VECTOR('',#5091,10.);
#1404=VECTOR('',#5092,10.);
#1405=VECTOR('',#5093,10.);
#1406=VECTOR('',#5096,10.);
#1407=VECTOR('',#5097,10.);
#1408=VECTOR('',#5098,10.);
#1409=VECTOR('',#5101,10.);
#1410=VECTOR('',#5102,10.);
#1411=VECTOR('',#5103,10.);
#1412=VECTOR('',#5106,10.);
#1413=VECTOR('',#5107,10.);
#1414=VECTOR('',#5108,10.);
#1415=VECTOR('',#5111,10.);
#1416=VECTOR('',#5112,10.);
#1417=VECTOR('',#5113,10.);
#1418=VECTOR('',#5116,10.);
#1419=VECTOR('',#5117,10.);
#1420=VECTOR('',#5118,10.);
#1421=VECTOR('',#5121,10.);
#1422=VECTOR('',#5122,10.);
#1423=VECTOR('',#5123,10.);
#1424=VECTOR('',#5126,10.);
#1425=VECTOR('',#5127,10.);
#1426=VECTOR('',#5128,10.);
#1427=VECTOR('',#5131,10.);
#1428=VECTOR('',#5132,10.);
#1429=VECTOR('',#5133,10.);
#1430=VECTOR('',#5136,10.);
#1431=VECTOR('',#5137,10.);
#1432=VECTOR('',#5138,10.);
#1433=VECTOR('',#5141,10.);
#1434=VECTOR('',#5142,10.);
#1435=VECTOR('',#5143,10.);
#1436=VECTOR('',#5146,10.);
#1437=VECTOR('',#5147,10.);
#1438=VECTOR('',#5148,10.);
#1439=VECTOR('',#5151,10.);
#1440=VECTOR('',#5152,10.);
#1441=VECTOR('',#5153,10.);
#1442=VECTOR('',#5156,10.);
#1443=VECTOR('',#5157,10.);
#1444=VECTOR('',#5158,10.);
#1445=VECTOR('',#5161,10.);
#1446=VECTOR('',#5162,10.);
#1447=VECTOR('',#5163,10.);
#1448=VECTOR('',#5166,10.);
#1449=VECTOR('',#5167,10.);
#1450=VECTOR('',#5168,10.);
#1451=VECTOR('',#5171,10.);
#1452=VECTOR('',#5172,10.);
#1453=VECTOR('',#5173,10.);
#1454=VECTOR('',#5176,10.);
#1455=VECTOR('',#5177,10.);
#1456=VECTOR('',#5178,10.);
#1457=VECTOR('',#5181,10.);
#1458=VECTOR('',#5182,10.);
#1459=VECTOR('',#5183,10.);
#1460=VECTOR('',#5186,10.);
#1461=VECTOR('',#5187,10.);
#1462=VECTOR('',#5188,10.);
#1463=VECTOR('',#5191,10.);
#1464=VECTOR('',#5192,10.);
#1465=VECTOR('',#5193,10.);
#1466=VECTOR('',#5196,10.);
#1467=VECTOR('',#5197,10.);
#1468=VECTOR('',#5198,10.);
#1469=VECTOR('',#5201,10.);
#1470=VECTOR('',#5202,10.);
#1471=VECTOR('',#5203,10.);
#1472=VECTOR('',#5206,10.);
#1473=VECTOR('',#5207,10.);
#1474=VECTOR('',#5208,10.);
#1475=VECTOR('',#5211,10.);
#1476=VECTOR('',#5212,10.);
#1477=VECTOR('',#5213,10.);
#1478=VECTOR('',#5216,10.);
#1479=VECTOR('',#5217,10.);
#1480=VECTOR('',#5218,10.);
#1481=VECTOR('',#5221,10.);
#1482=VECTOR('',#5222,10.);
#1483=VECTOR('',#5223,10.);
#1484=VECTOR('',#5226,10.);
#1485=VECTOR('',#5227,10.);
#1486=VECTOR('',#5228,10.);
#1487=VECTOR('',#5231,10.);
#1488=VECTOR('',#5232,10.);
#1489=VECTOR('',#5235,10.);
#1490=VECTOR('',#5236,10.);
#1491=VECTOR('',#5237,10.);
#1492=VECTOR('',#5238,10.);
#1493=VECTOR('',#5241,10.);
#1494=VECTOR('',#5242,10.);
#1495=VECTOR('',#5243,10.);
#1496=VECTOR('',#5246,10.);
#1497=VECTOR('',#5247,10.);
#1498=VECTOR('',#5248,10.);
#1499=VECTOR('',#5251,10.);
#1500=VECTOR('',#5252,10.);
#1501=VECTOR('',#5255,10.);
#1502=VECTOR('',#5256,10.);
#1503=VECTOR('',#5257,10.);
#1504=VECTOR('',#5258,10.);
#1505=VECTOR('',#5261,10.);
#1506=VECTOR('',#5262,10.);
#1507=VECTOR('',#5263,10.);
#1508=VECTOR('',#5266,10.);
#1509=VECTOR('',#5267,10.);
#1510=VECTOR('',#5268,10.);
#1511=VECTOR('',#5271,10.);
#1512=VECTOR('',#5272,10.);
#1513=VECTOR('',#5275,10.);
#1514=VECTOR('',#5276,10.);
#1515=VECTOR('',#5277,10.);
#1516=VECTOR('',#5278,10.);
#1517=VECTOR('',#5281,10.);
#1518=VECTOR('',#5282,10.);
#1519=VECTOR('',#5283,10.);
#1520=VECTOR('',#5286,10.);
#1521=VECTOR('',#5287,10.);
#1522=VECTOR('',#5288,10.);
#1523=VECTOR('',#5291,10.);
#1524=VECTOR('',#5292,10.);
#1525=VECTOR('',#5295,10.);
#1526=VECTOR('',#5296,10.);
#1527=VECTOR('',#5297,10.);
#1528=VECTOR('',#5298,10.);
#1529=VECTOR('',#5301,10.);
#1530=VECTOR('',#5302,10.);
#1531=VECTOR('',#5303,10.);
#1532=VECTOR('',#5306,10.);
#1533=VECTOR('',#5307,10.);
#1534=VECTOR('',#5308,10.);
#1535=VECTOR('',#5311,10.);
#1536=VECTOR('',#5312,10.);
#1537=VECTOR('',#5315,10.);
#1538=VECTOR('',#5316,10.);
#1539=VECTOR('',#5317,10.);
#1540=VECTOR('',#5318,10.);
#1541=VECTOR('',#5321,10.);
#1542=VECTOR('',#5322,10.);
#1543=VECTOR('',#5323,10.);
#1544=VECTOR('',#5326,10.);
#1545=VECTOR('',#5327,10.);
#1546=VECTOR('',#5328,10.);
#1547=VECTOR('',#5331,10.);
#1548=VECTOR('',#5332,10.);
#1549=VECTOR('',#5335,10.);
#1550=VECTOR('',#5336,10.);
#1551=VECTOR('',#5337,10.);
#1552=VECTOR('',#5338,10.);
#1553=VECTOR('',#5341,10.);
#1554=VECTOR('',#5342,10.);
#1555=VECTOR('',#5343,10.);
#1556=VECTOR('',#5346,10.);
#1557=VECTOR('',#5347,10.);
#1558=VECTOR('',#5348,10.);
#1559=VECTOR('',#5351,10.);
#1560=VECTOR('',#5352,10.);
#1561=VECTOR('',#5355,10.);
#1562=VECTOR('',#5356,10.);
#1563=VECTOR('',#5357,10.);
#1564=VECTOR('',#5358,10.);
#1565=VECTOR('',#5361,10.);
#1566=VECTOR('',#5362,10.);
#1567=VECTOR('',#5363,10.);
#1568=VECTOR('',#5366,10.);
#1569=VECTOR('',#5367,10.);
#1570=VECTOR('',#5368,10.);
#1571=VECTOR('',#5371,10.);
#1572=VECTOR('',#5372,10.);
#1573=VECTOR('',#5375,10.);
#1574=VECTOR('',#5376,10.);
#1575=VECTOR('',#5377,10.);
#1576=VECTOR('',#5378,10.);
#1577=VECTOR('',#5381,10.);
#1578=VECTOR('',#5382,10.);
#1579=VECTOR('',#5383,10.);
#1580=VECTOR('',#5386,10.);
#1581=VECTOR('',#5387,10.);
#1582=VECTOR('',#5388,10.);
#1583=VECTOR('',#5391,10.);
#1584=VECTOR('',#5392,10.);
#1585=VECTOR('',#5395,10.);
#1586=VECTOR('',#5396,10.);
#1587=VECTOR('',#5397,10.);
#1588=VECTOR('',#5398,10.);
#1589=VECTOR('',#5401,10.);
#1590=VECTOR('',#5402,10.);
#1591=VECTOR('',#5403,10.);
#1592=VECTOR('',#5406,10.);
#1593=VECTOR('',#5407,10.);
#1594=VECTOR('',#5408,10.);
#1595=VECTOR('',#5411,10.);
#1596=VECTOR('',#5412,10.);
#1597=VECTOR('',#5415,10.);
#1598=VECTOR('',#5416,10.);
#1599=VECTOR('',#5417,10.);
#1600=VECTOR('',#5418,10.);
#1601=VECTOR('',#5421,10.);
#1602=VECTOR('',#5422,10.);
#1603=VECTOR('',#5423,10.);
#1604=VECTOR('',#5426,10.);
#1605=VECTOR('',#5427,10.);
#1606=VECTOR('',#5428,10.);
#1607=VECTOR('',#5431,10.);
#1608=VECTOR('',#5432,10.);
#1609=VECTOR('',#5435,10.);
#1610=VECTOR('',#5436,10.);
#1611=VECTOR('',#5437,10.);
#1612=VECTOR('',#5438,10.);
#1613=VECTOR('',#5441,10.);
#1614=VECTOR('',#5442,10.);
#1615=VECTOR('',#5445,10.);
#1616=VECTOR('',#5446,10.);
#1617=VECTOR('',#5447,10.);
#1618=VECTOR('',#5450,10.);
#1619=VECTOR('',#5451,10.);
#1620=VECTOR('',#5452,10.);
#1621=VECTOR('',#5455,10.);
#1622=VECTOR('',#5456,10.);
#1623=VECTOR('',#5457,10.);
#1624=VECTOR('',#5460,10.);
#1625=VECTOR('',#5461,10.);
#1626=VECTOR('',#5462,10.);
#1627=VECTOR('',#5465,10.);
#1628=VECTOR('',#5466,10.);
#1629=VECTOR('',#5467,10.);
#1630=VECTOR('',#5470,10.);
#1631=VECTOR('',#5471,10.);
#1632=VECTOR('',#5472,10.);
#1633=VECTOR('',#5475,10.);
#1634=VECTOR('',#5476,10.);
#1635=VECTOR('',#5477,10.);
#1636=VECTOR('',#5480,10.);
#1637=VECTOR('',#5481,10.);
#1638=VECTOR('',#5482,10.);
#1639=VECTOR('',#5485,10.);
#1640=VECTOR('',#5486,10.);
#1641=VECTOR('',#5487,10.);
#1642=VECTOR('',#5490,10.);
#1643=VECTOR('',#5491,10.);
#1644=VECTOR('',#5492,10.);
#1645=VECTOR('',#5495,10.);
#1646=VECTOR('',#5496,10.);
#1647=VECTOR('',#5497,10.);
#1648=VECTOR('',#5500,10.);
#1649=VECTOR('',#5501,10.);
#1650=VECTOR('',#5502,10.);
#1651=VECTOR('',#5505,10.);
#1652=VECTOR('',#5506,10.);
#1653=VECTOR('',#5507,10.);
#1654=VECTOR('',#5510,10.);
#1655=VECTOR('',#5511,10.);
#1656=VECTOR('',#5512,10.);
#1657=VECTOR('',#5515,10.);
#1658=VECTOR('',#5516,10.);
#1659=VECTOR('',#5517,10.);
#1660=VECTOR('',#5520,10.);
#1661=VECTOR('',#5521,10.);
#1662=VECTOR('',#5522,10.);
#1663=VECTOR('',#5525,10.);
#1664=VECTOR('',#5526,10.);
#1665=VECTOR('',#5527,10.);
#1666=VECTOR('',#5530,10.);
#1667=VECTOR('',#5531,10.);
#1668=VECTOR('',#5532,10.);
#1669=VECTOR('',#5535,10.);
#1670=VECTOR('',#5536,10.);
#1671=VECTOR('',#5537,10.);
#1672=VECTOR('',#5540,10.);
#1673=VECTOR('',#5541,10.);
#1674=VECTOR('',#5542,10.);
#1675=VECTOR('',#5545,10.);
#1676=VECTOR('',#5546,10.);
#1677=VECTOR('',#5547,10.);
#1678=VECTOR('',#5550,10.);
#1679=VECTOR('',#5551,10.);
#1680=VECTOR('',#5552,10.);
#1681=VECTOR('',#5555,10.);
#1682=VECTOR('',#5556,10.);
#1683=VECTOR('',#5557,10.);
#1684=VECTOR('',#5560,10.);
#1685=VECTOR('',#5561,10.);
#1686=VECTOR('',#5562,10.);
#1687=VECTOR('',#5565,10.);
#1688=VECTOR('',#5566,10.);
#1689=VECTOR('',#5567,10.);
#1690=VECTOR('',#5570,10.);
#1691=VECTOR('',#5571,10.);
#1692=VECTOR('',#5572,10.);
#1693=VECTOR('',#5575,10.);
#1694=VECTOR('',#5576,10.);
#1695=VECTOR('',#5577,10.);
#1696=VECTOR('',#5580,10.);
#1697=VECTOR('',#5581,10.);
#1698=VECTOR('',#5582,10.);
#1699=VECTOR('',#5585,10.);
#1700=VECTOR('',#5586,10.);
#1701=VECTOR('',#5587,10.);
#1702=VECTOR('',#5590,10.);
#1703=VECTOR('',#5591,10.);
#1704=VECTOR('',#5592,10.);
#1705=VECTOR('',#5595,10.);
#1706=VECTOR('',#5596,10.);
#1707=VECTOR('',#5597,10.);
#1708=VECTOR('',#5600,10.);
#1709=VECTOR('',#5601,10.);
#1710=VECTOR('',#5602,10.);
#1711=VECTOR('',#5605,10.);
#1712=VECTOR('',#5606,10.);
#1713=VECTOR('',#5607,10.);
#1714=VECTOR('',#5610,10.);
#1715=VECTOR('',#5611,10.);
#1716=VECTOR('',#5612,10.);
#1717=VECTOR('',#5615,10.);
#1718=VECTOR('',#5616,10.);
#1719=VERTEX_POINT('',#5623);
#1720=VERTEX_POINT('',#5624);
#1721=VERTEX_POINT('',#5626);
#1722=VERTEX_POINT('',#5628);
#1723=VERTEX_POINT('',#5632);
#1724=VERTEX_POINT('',#5634);
#1725=VERTEX_POINT('',#5638);
#1726=VERTEX_POINT('',#5640);
#1727=VERTEX_POINT('',#5644);
#1728=VERTEX_POINT('',#5645);
#1729=VERTEX_POINT('',#5647);
#1730=VERTEX_POINT('',#5649);
#1731=VERTEX_POINT('',#5653);
#1732=VERTEX_POINT('',#5655);
#1733=VERTEX_POINT('',#5659);
#1734=VERTEX_POINT('',#5661);
#1735=VERTEX_POINT('',#5665);
#1736=VERTEX_POINT('',#5667);
#1737=VERTEX_POINT('',#5671);
#1738=VERTEX_POINT('',#5673);
#1739=VERTEX_POINT('',#5677);
#1740=VERTEX_POINT('',#5679);
#1741=VERTEX_POINT('',#5683);
#1742=VERTEX_POINT('',#5685);
#1743=VERTEX_POINT('',#5689);
#1744=VERTEX_POINT('',#5691);
#1745=VERTEX_POINT('',#5695);
#1746=VERTEX_POINT('',#5697);
#1747=VERTEX_POINT('',#5701);
#1748=VERTEX_POINT('',#5703);
#1749=VERTEX_POINT('',#5707);
#1750=VERTEX_POINT('',#5709);
#1751=VERTEX_POINT('',#5713);
#1752=VERTEX_POINT('',#5715);
#1753=VERTEX_POINT('',#5719);
#1754=VERTEX_POINT('',#5721);
#1755=VERTEX_POINT('',#5725);
#1756=VERTEX_POINT('',#5727);
#1757=VERTEX_POINT('',#5731);
#1758=VERTEX_POINT('',#5733);
#1759=VERTEX_POINT('',#5737);
#1760=VERTEX_POINT('',#5739);
#1761=VERTEX_POINT('',#5743);
#1762=VERTEX_POINT('',#5745);
#1763=VERTEX_POINT('',#5749);
#1764=VERTEX_POINT('',#5751);
#1765=VERTEX_POINT('',#5755);
#1766=VERTEX_POINT('',#5757);
#1767=VERTEX_POINT('',#5761);
#1768=VERTEX_POINT('',#5763);
#1769=VERTEX_POINT('',#5767);
#1770=VERTEX_POINT('',#5769);
#1771=VERTEX_POINT('',#5773);
#1772=VERTEX_POINT('',#5775);
#1773=VERTEX_POINT('',#5779);
#1774=VERTEX_POINT('',#5781);
#1775=VERTEX_POINT('',#5785);
#1776=VERTEX_POINT('',#5787);
#1777=VERTEX_POINT('',#5791);
#1778=VERTEX_POINT('',#5793);
#1779=VERTEX_POINT('',#5797);
#1780=VERTEX_POINT('',#5799);
#1781=VERTEX_POINT('',#5803);
#1782=VERTEX_POINT('',#5805);
#1783=VERTEX_POINT('',#5809);
#1784=VERTEX_POINT('',#5811);
#1785=VERTEX_POINT('',#5815);
#1786=VERTEX_POINT('',#5817);
#1787=VERTEX_POINT('',#5821);
#1788=VERTEX_POINT('',#5823);
#1789=VERTEX_POINT('',#5827);
#1790=VERTEX_POINT('',#5829);
#1791=VERTEX_POINT('',#5833);
#1792=VERTEX_POINT('',#5835);
#1793=VERTEX_POINT('',#5839);
#1794=VERTEX_POINT('',#5841);
#1795=VERTEX_POINT('',#5845);
#1796=VERTEX_POINT('',#5847);
#1797=VERTEX_POINT('',#5851);
#1798=VERTEX_POINT('',#5853);
#1799=VERTEX_POINT('',#5860);
#1800=VERTEX_POINT('',#5861);
#1801=VERTEX_POINT('',#5863);
#1802=VERTEX_POINT('',#5865);
#1803=VERTEX_POINT('',#5869);
#1804=VERTEX_POINT('',#5871);
#1805=VERTEX_POINT('',#5875);
#1806=VERTEX_POINT('',#5877);
#1807=VERTEX_POINT('',#5884);
#1808=VERTEX_POINT('',#5885);
#1809=VERTEX_POINT('',#5887);
#1810=VERTEX_POINT('',#5889);
#1811=VERTEX_POINT('',#5893);
#1812=VERTEX_POINT('',#5895);
#1813=VERTEX_POINT('',#5899);
#1814=VERTEX_POINT('',#5901);
#1815=VERTEX_POINT('',#5905);
#1816=VERTEX_POINT('',#5907);
#1817=VERTEX_POINT('',#5911);
#1818=VERTEX_POINT('',#5913);
#1819=VERTEX_POINT('',#5917);
#1820=VERTEX_POINT('',#5919);
#1821=VERTEX_POINT('',#5923);
#1822=VERTEX_POINT('',#5925);
#1823=VERTEX_POINT('',#5929);
#1824=VERTEX_POINT('',#5931);
#1825=VERTEX_POINT('',#5935);
#1826=VERTEX_POINT('',#5937);
#1827=VERTEX_POINT('',#5941);
#1828=VERTEX_POINT('',#5943);
#1829=VERTEX_POINT('',#5947);
#1830=VERTEX_POINT('',#5949);
#1831=VERTEX_POINT('',#5953);
#1832=VERTEX_POINT('',#5955);
#1833=VERTEX_POINT('',#5959);
#1834=VERTEX_POINT('',#5961);
#1835=VERTEX_POINT('',#5965);
#1836=VERTEX_POINT('',#5967);
#1837=VERTEX_POINT('',#5971);
#1838=VERTEX_POINT('',#5973);
#1839=VERTEX_POINT('',#5977);
#1840=VERTEX_POINT('',#5979);
#1841=VERTEX_POINT('',#5983);
#1842=VERTEX_POINT('',#5985);
#1843=VERTEX_POINT('',#5989);
#1844=VERTEX_POINT('',#5991);
#1845=VERTEX_POINT('',#5995);
#1846=VERTEX_POINT('',#5997);
#1847=VERTEX_POINT('',#6001);
#1848=VERTEX_POINT('',#6003);
#1849=VERTEX_POINT('',#6007);
#1850=VERTEX_POINT('',#6009);
#1851=VERTEX_POINT('',#6013);
#1852=VERTEX_POINT('',#6015);
#1853=VERTEX_POINT('',#6019);
#1854=VERTEX_POINT('',#6021);
#1855=VERTEX_POINT('',#6025);
#1856=VERTEX_POINT('',#6027);
#1857=VERTEX_POINT('',#6031);
#1858=VERTEX_POINT('',#6033);
#1859=VERTEX_POINT('',#6037);
#1860=VERTEX_POINT('',#6039);
#1861=VERTEX_POINT('',#6043);
#1862=VERTEX_POINT('',#6045);
#1863=VERTEX_POINT('',#6049);
#1864=VERTEX_POINT('',#6051);
#1865=VERTEX_POINT('',#6055);
#1866=VERTEX_POINT('',#6057);
#1867=VERTEX_POINT('',#6061);
#1868=VERTEX_POINT('',#6063);
#1869=VERTEX_POINT('',#6067);
#1870=VERTEX_POINT('',#6069);
#1871=VERTEX_POINT('',#6073);
#1872=VERTEX_POINT('',#6075);
#1873=VERTEX_POINT('',#6079);
#1874=VERTEX_POINT('',#6081);
#1875=VERTEX_POINT('',#6085);
#1876=VERTEX_POINT('',#6087);
#1877=VERTEX_POINT('',#6091);
#1878=VERTEX_POINT('',#6093);
#1879=VERTEX_POINT('',#6100);
#1880=VERTEX_POINT('',#6101);
#1881=VERTEX_POINT('',#6103);
#1882=VERTEX_POINT('',#6105);
#1883=VERTEX_POINT('',#6109);
#1884=VERTEX_POINT('',#6111);
#1885=VERTEX_POINT('',#6115);
#1886=VERTEX_POINT('',#6117);
#1887=VERTEX_POINT('',#6124);
#1888=VERTEX_POINT('',#6125);
#1889=VERTEX_POINT('',#6127);
#1890=VERTEX_POINT('',#6129);
#1891=VERTEX_POINT('',#6133);
#1892=VERTEX_POINT('',#6135);
#1893=VERTEX_POINT('',#6139);
#1894=VERTEX_POINT('',#6141);
#1895=VERTEX_POINT('',#6148);
#1896=VERTEX_POINT('',#6149);
#1897=VERTEX_POINT('',#6151);
#1898=VERTEX_POINT('',#6153);
#1899=VERTEX_POINT('',#6157);
#1900=VERTEX_POINT('',#6159);
#1901=VERTEX_POINT('',#6163);
#1902=VERTEX_POINT('',#6165);
#1903=VERTEX_POINT('',#6172);
#1904=VERTEX_POINT('',#6173);
#1905=VERTEX_POINT('',#6175);
#1906=VERTEX_POINT('',#6177);
#1907=VERTEX_POINT('',#6181);
#1908=VERTEX_POINT('',#6183);
#1909=VERTEX_POINT('',#6187);
#1910=VERTEX_POINT('',#6189);
#1911=VERTEX_POINT('',#6193);
#1912=VERTEX_POINT('',#6195);
#1913=VERTEX_POINT('',#6199);
#1914=VERTEX_POINT('',#6201);
#1915=VERTEX_POINT('',#6205);
#1916=VERTEX_POINT('',#6207);
#1917=VERTEX_POINT('',#6211);
#1918=VERTEX_POINT('',#6213);
#1919=VERTEX_POINT('',#6217);
#1920=VERTEX_POINT('',#6219);
#1921=VERTEX_POINT('',#6223);
#1922=VERTEX_POINT('',#6225);
#1923=VERTEX_POINT('',#6229);
#1924=VERTEX_POINT('',#6231);
#1925=VERTEX_POINT('',#6235);
#1926=VERTEX_POINT('',#6237);
#1927=VERTEX_POINT('',#6241);
#1928=VERTEX_POINT('',#6243);
#1929=VERTEX_POINT('',#6247);
#1930=VERTEX_POINT('',#6249);
#1931=VERTEX_POINT('',#6253);
#1932=VERTEX_POINT('',#6255);
#1933=VERTEX_POINT('',#6259);
#1934=VERTEX_POINT('',#6261);
#1935=VERTEX_POINT('',#6265);
#1936=VERTEX_POINT('',#6267);
#1937=VERTEX_POINT('',#6271);
#1938=VERTEX_POINT('',#6273);
#1939=VERTEX_POINT('',#6277);
#1940=VERTEX_POINT('',#6279);
#1941=VERTEX_POINT('',#6283);
#1942=VERTEX_POINT('',#6285);
#1943=VERTEX_POINT('',#6289);
#1944=VERTEX_POINT('',#6291);
#1945=VERTEX_POINT('',#6295);
#1946=VERTEX_POINT('',#6297);
#1947=VERTEX_POINT('',#6301);
#1948=VERTEX_POINT('',#6303);
#1949=VERTEX_POINT('',#6307);
#1950=VERTEX_POINT('',#6309);
#1951=VERTEX_POINT('',#6313);
#1952=VERTEX_POINT('',#6315);
#1953=VERTEX_POINT('',#6319);
#1954=VERTEX_POINT('',#6321);
#1955=VERTEX_POINT('',#6325);
#1956=VERTEX_POINT('',#6327);
#1957=VERTEX_POINT('',#6331);
#1958=VERTEX_POINT('',#6333);
#1959=VERTEX_POINT('',#6337);
#1960=VERTEX_POINT('',#6339);
#1961=VERTEX_POINT('',#6343);
#1962=VERTEX_POINT('',#6345);
#1963=VERTEX_POINT('',#6349);
#1964=VERTEX_POINT('',#6351);
#1965=VERTEX_POINT('',#6355);
#1966=VERTEX_POINT('',#6357);
#1967=VERTEX_POINT('',#6361);
#1968=VERTEX_POINT('',#6363);
#1969=VERTEX_POINT('',#6367);
#1970=VERTEX_POINT('',#6369);
#1971=VERTEX_POINT('',#6373);
#1972=VERTEX_POINT('',#6375);
#1973=VERTEX_POINT('',#6379);
#1974=VERTEX_POINT('',#6381);
#1975=VERTEX_POINT('',#6388);
#1976=VERTEX_POINT('',#6389);
#1977=VERTEX_POINT('',#6391);
#1978=VERTEX_POINT('',#6393);
#1979=VERTEX_POINT('',#6397);
#1980=VERTEX_POINT('',#6399);
#1981=VERTEX_POINT('',#6403);
#1982=VERTEX_POINT('',#6405);
#1983=VERTEX_POINT('',#6412);
#1984=VERTEX_POINT('',#6413);
#1985=VERTEX_POINT('',#6415);
#1986=VERTEX_POINT('',#6417);
#1987=VERTEX_POINT('',#6421);
#1988=VERTEX_POINT('',#6423);
#1989=VERTEX_POINT('',#6427);
#1990=VERTEX_POINT('',#6429);
#1991=VERTEX_POINT('',#6436);
#1992=VERTEX_POINT('',#6437);
#1993=VERTEX_POINT('',#6439);
#1994=VERTEX_POINT('',#6441);
#1995=VERTEX_POINT('',#6445);
#1996=VERTEX_POINT('',#6447);
#1997=VERTEX_POINT('',#6451);
#1998=VERTEX_POINT('',#6453);
#1999=VERTEX_POINT('',#6460);
#2000=VERTEX_POINT('',#6461);
#2001=VERTEX_POINT('',#6463);
#2002=VERTEX_POINT('',#6465);
#2003=VERTEX_POINT('',#6469);
#2004=VERTEX_POINT('',#6471);
#2005=VERTEX_POINT('',#6475);
#2006=VERTEX_POINT('',#6477);
#2007=VERTEX_POINT('',#6484);
#2008=VERTEX_POINT('',#6485);
#2009=VERTEX_POINT('',#6487);
#2010=VERTEX_POINT('',#6489);
#2011=VERTEX_POINT('',#6493);
#2012=VERTEX_POINT('',#6495);
#2013=VERTEX_POINT('',#6499);
#2014=VERTEX_POINT('',#6501);
#2015=VERTEX_POINT('',#6508);
#2016=VERTEX_POINT('',#6509);
#2017=VERTEX_POINT('',#6511);
#2018=VERTEX_POINT('',#6513);
#2019=VERTEX_POINT('',#6517);
#2020=VERTEX_POINT('',#6519);
#2021=VERTEX_POINT('',#6523);
#2022=VERTEX_POINT('',#6525);
#2023=VERTEX_POINT('',#6532);
#2024=VERTEX_POINT('',#6533);
#2025=VERTEX_POINT('',#6535);
#2026=VERTEX_POINT('',#6537);
#2027=VERTEX_POINT('',#6541);
#2028=VERTEX_POINT('',#6543);
#2029=VERTEX_POINT('',#6547);
#2030=VERTEX_POINT('',#6549);
#2031=VERTEX_POINT('',#6556);
#2032=VERTEX_POINT('',#6557);
#2033=VERTEX_POINT('',#6559);
#2034=VERTEX_POINT('',#6561);
#2035=VERTEX_POINT('',#6565);
#2036=VERTEX_POINT('',#6567);
#2037=VERTEX_POINT('',#6571);
#2038=VERTEX_POINT('',#6573);
#2039=VERTEX_POINT('',#6580);
#2040=VERTEX_POINT('',#6581);
#2041=VERTEX_POINT('',#6583);
#2042=VERTEX_POINT('',#6585);
#2043=VERTEX_POINT('',#6589);
#2044=VERTEX_POINT('',#6591);
#2045=VERTEX_POINT('',#6595);
#2046=VERTEX_POINT('',#6597);
#2047=VERTEX_POINT('',#6604);
#2048=VERTEX_POINT('',#6605);
#2049=VERTEX_POINT('',#6607);
#2050=VERTEX_POINT('',#6609);
#2051=VERTEX_POINT('',#6613);
#2052=VERTEX_POINT('',#6615);
#2053=VERTEX_POINT('',#6619);
#2054=VERTEX_POINT('',#6621);
#2055=VERTEX_POINT('',#6628);
#2056=VERTEX_POINT('',#6629);
#2057=VERTEX_POINT('',#6631);
#2058=VERTEX_POINT('',#6633);
#2059=VERTEX_POINT('',#6640);
#2060=VERTEX_POINT('',#6642);
#2061=VERTEX_POINT('',#6646);
#2062=VERTEX_POINT('',#6648);
#2063=VERTEX_POINT('',#6652);
#2064=VERTEX_POINT('',#6654);
#2065=VERTEX_POINT('',#6658);
#2066=VERTEX_POINT('',#6660);
#2067=VERTEX_POINT('',#6664);
#2068=VERTEX_POINT('',#6666);
#2069=VERTEX_POINT('',#6670);
#2070=VERTEX_POINT('',#6672);
#2071=VERTEX_POINT('',#6676);
#2072=VERTEX_POINT('',#6678);
#2073=VERTEX_POINT('',#6682);
#2074=VERTEX_POINT('',#6684);
#2075=VERTEX_POINT('',#6688);
#2076=VERTEX_POINT('',#6690);
#2077=VERTEX_POINT('',#6694);
#2078=VERTEX_POINT('',#6696);
#2079=VERTEX_POINT('',#6700);
#2080=VERTEX_POINT('',#6702);
#2081=VERTEX_POINT('',#6706);
#2082=VERTEX_POINT('',#6708);
#2083=VERTEX_POINT('',#6712);
#2084=VERTEX_POINT('',#6714);
#2085=VERTEX_POINT('',#6718);
#2086=VERTEX_POINT('',#6720);
#2087=VERTEX_POINT('',#6724);
#2088=VERTEX_POINT('',#6726);
#2089=VERTEX_POINT('',#6730);
#2090=VERTEX_POINT('',#6732);
#2091=VERTEX_POINT('',#6736);
#2092=VERTEX_POINT('',#6738);
#2093=VERTEX_POINT('',#6742);
#2094=VERTEX_POINT('',#6744);
#2095=VERTEX_POINT('',#6748);
#2096=VERTEX_POINT('',#6750);
#2097=VERTEX_POINT('',#6754);
#2098=VERTEX_POINT('',#6756);
#2099=VERTEX_POINT('',#6760);
#2100=VERTEX_POINT('',#6762);
#2101=VERTEX_POINT('',#6766);
#2102=VERTEX_POINT('',#6768);
#2103=VERTEX_POINT('',#6772);
#2104=VERTEX_POINT('',#6774);
#2105=VERTEX_POINT('',#6778);
#2106=VERTEX_POINT('',#6780);
#2107=VERTEX_POINT('',#6784);
#2108=VERTEX_POINT('',#6786);
#2109=VERTEX_POINT('',#6790);
#2110=VERTEX_POINT('',#6792);
#2111=VERTEX_POINT('',#6796);
#2112=VERTEX_POINT('',#6798);
#2113=VERTEX_POINT('',#6802);
#2114=VERTEX_POINT('',#6804);
#2115=VERTEX_POINT('',#6808);
#2116=VERTEX_POINT('',#6810);
#2117=VERTEX_POINT('',#6814);
#2118=VERTEX_POINT('',#6816);
#2119=VERTEX_POINT('',#6820);
#2120=VERTEX_POINT('',#6822);
#2121=VERTEX_POINT('',#6826);
#2122=VERTEX_POINT('',#6828);
#2123=VERTEX_POINT('',#6832);
#2124=VERTEX_POINT('',#6834);
#2125=VERTEX_POINT('',#6838);
#2126=VERTEX_POINT('',#6840);
#2127=EDGE_CURVE('',#1719,#1720,#495,.T.);
#2128=EDGE_CURVE('',#1721,#1719,#496,.T.);
#2129=EDGE_CURVE('',#1722,#1721,#497,.T.);
#2130=EDGE_CURVE('',#1720,#1722,#498,.T.);
#2131=EDGE_CURVE('',#1720,#1723,#499,.T.);
#2132=EDGE_CURVE('',#1724,#1722,#500,.T.);
#2133=EDGE_CURVE('',#1723,#1724,#501,.T.);
#2134=EDGE_CURVE('',#1725,#1719,#502,.T.);
#2135=EDGE_CURVE('',#1725,#1726,#503,.T.);
#2136=EDGE_CURVE('',#1721,#1726,#504,.T.);
#2137=EDGE_CURVE('',#1727,#1728,#505,.T.);
#2138=EDGE_CURVE('',#1727,#1729,#506,.T.);
#2139=EDGE_CURVE('',#1730,#1729,#507,.T.);
#2140=EDGE_CURVE('',#1728,#1730,#508,.T.);
#2141=EDGE_CURVE('',#1728,#1731,#509,.T.);
#2142=EDGE_CURVE('',#1732,#1730,#510,.T.);
#2143=EDGE_CURVE('',#1731,#1732,#511,.T.);
#2144=EDGE_CURVE('',#1731,#1733,#512,.T.);
#2145=EDGE_CURVE('',#1734,#1732,#513,.T.);
#2146=EDGE_CURVE('',#1733,#1734,#514,.T.);
#2147=EDGE_CURVE('',#1733,#1735,#515,.T.);
#2148=EDGE_CURVE('',#1736,#1734,#516,.T.);
#2149=EDGE_CURVE('',#1735,#1736,#517,.T.);
#2150=EDGE_CURVE('',#1735,#1737,#518,.T.);
#2151=EDGE_CURVE('',#1738,#1736,#519,.T.);
#2152=EDGE_CURVE('',#1737,#1738,#520,.T.);
#2153=EDGE_CURVE('',#1737,#1739,#521,.T.);
#2154=EDGE_CURVE('',#1740,#1738,#522,.T.);
#2155=EDGE_CURVE('',#1739,#1740,#523,.T.);
#2156=EDGE_CURVE('',#1739,#1741,#524,.T.);
#2157=EDGE_CURVE('',#1742,#1740,#525,.T.);
#2158=EDGE_CURVE('',#1741,#1742,#526,.T.);
#2159=EDGE_CURVE('',#1741,#1743,#527,.T.);
#2160=EDGE_CURVE('',#1744,#1742,#528,.T.);
#2161=EDGE_CURVE('',#1743,#1744,#529,.T.);
#2162=EDGE_CURVE('',#1743,#1745,#530,.T.);
#2163=EDGE_CURVE('',#1746,#1744,#531,.T.);
#2164=EDGE_CURVE('',#1745,#1746,#532,.T.);
#2165=EDGE_CURVE('',#1745,#1747,#533,.T.);
#2166=EDGE_CURVE('',#1748,#1746,#534,.T.);
#2167=EDGE_CURVE('',#1747,#1748,#535,.T.);
#2168=EDGE_CURVE('',#1747,#1749,#536,.T.);
#2169=EDGE_CURVE('',#1750,#1748,#537,.T.);
#2170=EDGE_CURVE('',#1749,#1750,#538,.T.);
#2171=EDGE_CURVE('',#1749,#1751,#539,.T.);
#2172=EDGE_CURVE('',#1752,#1750,#540,.T.);
#2173=EDGE_CURVE('',#1751,#1752,#541,.T.);
#2174=EDGE_CURVE('',#1751,#1753,#542,.T.);
#2175=EDGE_CURVE('',#1754,#1752,#543,.T.);
#2176=EDGE_CURVE('',#1753,#1754,#544,.T.);
#2177=EDGE_CURVE('',#1753,#1755,#545,.T.);
#2178=EDGE_CURVE('',#1756,#1754,#546,.T.);
#2179=EDGE_CURVE('',#1755,#1756,#547,.T.);
#2180=EDGE_CURVE('',#1755,#1757,#548,.T.);
#2181=EDGE_CURVE('',#1758,#1756,#549,.T.);
#2182=EDGE_CURVE('',#1757,#1758,#550,.T.);
#2183=EDGE_CURVE('',#1757,#1759,#551,.T.);
#2184=EDGE_CURVE('',#1760,#1758,#552,.T.);
#2185=EDGE_CURVE('',#1759,#1760,#553,.T.);
#2186=EDGE_CURVE('',#1759,#1761,#554,.T.);
#2187=EDGE_CURVE('',#1762,#1760,#555,.T.);
#2188=EDGE_CURVE('',#1761,#1762,#556,.T.);
#2189=EDGE_CURVE('',#1761,#1763,#557,.T.);
#2190=EDGE_CURVE('',#1764,#1762,#558,.T.);
#2191=EDGE_CURVE('',#1763,#1764,#559,.T.);
#2192=EDGE_CURVE('',#1763,#1765,#560,.T.);
#2193=EDGE_CURVE('',#1766,#1764,#561,.T.);
#2194=EDGE_CURVE('',#1765,#1766,#562,.T.);
#2195=EDGE_CURVE('',#1765,#1767,#563,.T.);
#2196=EDGE_CURVE('',#1768,#1766,#564,.T.);
#2197=EDGE_CURVE('',#1767,#1768,#565,.T.);
#2198=EDGE_CURVE('',#1767,#1769,#566,.T.);
#2199=EDGE_CURVE('',#1770,#1768,#567,.T.);
#2200=EDGE_CURVE('',#1769,#1770,#568,.T.);
#2201=EDGE_CURVE('',#1769,#1771,#569,.T.);
#2202=EDGE_CURVE('',#1772,#1770,#570,.T.);
#2203=EDGE_CURVE('',#1771,#1772,#571,.T.);
#2204=EDGE_CURVE('',#1771,#1773,#572,.T.);
#2205=EDGE_CURVE('',#1774,#1772,#573,.T.);
#2206=EDGE_CURVE('',#1773,#1774,#574,.T.);
#2207=EDGE_CURVE('',#1773,#1775,#575,.T.);
#2208=EDGE_CURVE('',#1776,#1774,#576,.T.);
#2209=EDGE_CURVE('',#1775,#1776,#577,.T.);
#2210=EDGE_CURVE('',#1775,#1777,#578,.T.);
#2211=EDGE_CURVE('',#1778,#1776,#579,.T.);
#2212=EDGE_CURVE('',#1777,#1778,#580,.T.);
#2213=EDGE_CURVE('',#1777,#1779,#581,.T.);
#2214=EDGE_CURVE('',#1780,#1778,#582,.T.);
#2215=EDGE_CURVE('',#1779,#1780,#583,.T.);
#2216=EDGE_CURVE('',#1779,#1781,#584,.T.);
#2217=EDGE_CURVE('',#1782,#1780,#585,.T.);
#2218=EDGE_CURVE('',#1781,#1782,#586,.T.);
#2219=EDGE_CURVE('',#1781,#1783,#587,.T.);
#2220=EDGE_CURVE('',#1784,#1782,#588,.T.);
#2221=EDGE_CURVE('',#1783,#1784,#589,.T.);
#2222=EDGE_CURVE('',#1783,#1785,#590,.T.);
#2223=EDGE_CURVE('',#1786,#1784,#591,.T.);
#2224=EDGE_CURVE('',#1785,#1786,#592,.T.);
#2225=EDGE_CURVE('',#1785,#1787,#593,.T.);
#2226=EDGE_CURVE('',#1788,#1786,#594,.T.);
#2227=EDGE_CURVE('',#1787,#1788,#595,.T.);
#2228=EDGE_CURVE('',#1787,#1789,#596,.T.);
#2229=EDGE_CURVE('',#1790,#1788,#597,.T.);
#2230=EDGE_CURVE('',#1789,#1790,#598,.T.);
#2231=EDGE_CURVE('',#1789,#1791,#599,.T.);
#2232=EDGE_CURVE('',#1792,#1790,#600,.T.);
#2233=EDGE_CURVE('',#1791,#1792,#601,.T.);
#2234=EDGE_CURVE('',#1791,#1793,#602,.T.);
#2235=EDGE_CURVE('',#1794,#1792,#603,.T.);
#2236=EDGE_CURVE('',#1793,#1794,#604,.T.);
#2237=EDGE_CURVE('',#1793,#1795,#605,.T.);
#2238=EDGE_CURVE('',#1796,#1794,#606,.T.);
#2239=EDGE_CURVE('',#1795,#1796,#607,.T.);
#2240=EDGE_CURVE('',#1795,#1797,#608,.T.);
#2241=EDGE_CURVE('',#1798,#1796,#609,.T.);
#2242=EDGE_CURVE('',#1797,#1798,#610,.T.);
#2243=EDGE_CURVE('',#1797,#1727,#611,.T.);
#2244=EDGE_CURVE('',#1729,#1798,#612,.T.);
#2245=EDGE_CURVE('',#1799,#1800,#613,.T.);
#2246=EDGE_CURVE('',#1799,#1801,#614,.T.);
#2247=EDGE_CURVE('',#1802,#1801,#615,.T.);
#2248=EDGE_CURVE('',#1800,#1802,#616,.T.);
#2249=EDGE_CURVE('',#1800,#1803,#617,.T.);
#2250=EDGE_CURVE('',#1804,#1802,#618,.T.);
#2251=EDGE_CURVE('',#1803,#1804,#619,.T.);
#2252=EDGE_CURVE('',#1803,#1805,#620,.T.);
#2253=EDGE_CURVE('',#1806,#1804,#621,.T.);
#2254=EDGE_CURVE('',#1805,#1806,#622,.T.);
#2255=EDGE_CURVE('',#1805,#1799,#623,.T.);
#2256=EDGE_CURVE('',#1801,#1806,#624,.T.);
#2257=EDGE_CURVE('',#1807,#1808,#625,.T.);
#2258=EDGE_CURVE('',#1807,#1809,#626,.T.);
#2259=EDGE_CURVE('',#1810,#1809,#627,.T.);
#2260=EDGE_CURVE('',#1808,#1810,#628,.T.);
#2261=EDGE_CURVE('',#1808,#1811,#629,.T.);
#2262=EDGE_CURVE('',#1812,#1810,#630,.T.);
#2263=EDGE_CURVE('',#1811,#1812,#631,.T.);
#2264=EDGE_CURVE('',#1811,#1813,#632,.T.);
#2265=EDGE_CURVE('',#1814,#1812,#633,.T.);
#2266=EDGE_CURVE('',#1813,#1814,#634,.T.);
#2267=EDGE_CURVE('',#1813,#1815,#635,.T.);
#2268=EDGE_CURVE('',#1816,#1814,#636,.T.);
#2269=EDGE_CURVE('',#1815,#1816,#637,.T.);
#2270=EDGE_CURVE('',#1815,#1817,#638,.T.);
#2271=EDGE_CURVE('',#1818,#1816,#639,.T.);
#2272=EDGE_CURVE('',#1817,#1818,#640,.T.);
#2273=EDGE_CURVE('',#1817,#1819,#641,.T.);
#2274=EDGE_CURVE('',#1820,#1818,#642,.T.);
#2275=EDGE_CURVE('',#1819,#1820,#643,.T.);
#2276=EDGE_CURVE('',#1819,#1821,#644,.T.);
#2277=EDGE_CURVE('',#1822,#1820,#645,.T.);
#2278=EDGE_CURVE('',#1821,#1822,#646,.T.);
#2279=EDGE_CURVE('',#1821,#1823,#647,.T.);
#2280=EDGE_CURVE('',#1824,#1822,#648,.T.);
#2281=EDGE_CURVE('',#1823,#1824,#649,.T.);
#2282=EDGE_CURVE('',#1823,#1825,#650,.T.);
#2283=EDGE_CURVE('',#1826,#1824,#651,.T.);
#2284=EDGE_CURVE('',#1825,#1826,#652,.T.);
#2285=EDGE_CURVE('',#1825,#1827,#653,.T.);
#2286=EDGE_CURVE('',#1828,#1826,#654,.T.);
#2287=EDGE_CURVE('',#1827,#1828,#655,.T.);
#2288=EDGE_CURVE('',#1827,#1829,#656,.T.);
#2289=EDGE_CURVE('',#1830,#1828,#657,.T.);
#2290=EDGE_CURVE('',#1829,#1830,#658,.T.);
#2291=EDGE_CURVE('',#1829,#1831,#659,.T.);
#2292=EDGE_CURVE('',#1832,#1830,#660,.T.);
#2293=EDGE_CURVE('',#1831,#1832,#661,.T.);
#2294=EDGE_CURVE('',#1831,#1833,#662,.T.);
#2295=EDGE_CURVE('',#1834,#1832,#663,.T.);
#2296=EDGE_CURVE('',#1833,#1834,#664,.T.);
#2297=EDGE_CURVE('',#1833,#1835,#665,.T.);
#2298=EDGE_CURVE('',#1836,#1834,#666,.T.);
#2299=EDGE_CURVE('',#1835,#1836,#667,.T.);
#2300=EDGE_CURVE('',#1835,#1837,#668,.T.);
#2301=EDGE_CURVE('',#1838,#1836,#669,.T.);
#2302=EDGE_CURVE('',#1837,#1838,#670,.T.);
#2303=EDGE_CURVE('',#1837,#1839,#671,.T.);
#2304=EDGE_CURVE('',#1840,#1838,#672,.T.);
#2305=EDGE_CURVE('',#1839,#1840,#673,.T.);
#2306=EDGE_CURVE('',#1839,#1841,#674,.T.);
#2307=EDGE_CURVE('',#1842,#1840,#675,.T.);
#2308=EDGE_CURVE('',#1841,#1842,#676,.T.);
#2309=EDGE_CURVE('',#1841,#1843,#677,.T.);
#2310=EDGE_CURVE('',#1844,#1842,#678,.T.);
#2311=EDGE_CURVE('',#1843,#1844,#679,.T.);
#2312=EDGE_CURVE('',#1843,#1845,#680,.T.);
#2313=EDGE_CURVE('',#1846,#1844,#681,.T.);
#2314=EDGE_CURVE('',#1845,#1846,#682,.T.);
#2315=EDGE_CURVE('',#1845,#1847,#683,.T.);
#2316=EDGE_CURVE('',#1848,#1846,#684,.T.);
#2317=EDGE_CURVE('',#1847,#1848,#685,.T.);
#2318=EDGE_CURVE('',#1847,#1849,#686,.T.);
#2319=EDGE_CURVE('',#1850,#1848,#687,.T.);
#2320=EDGE_CURVE('',#1849,#1850,#688,.T.);
#2321=EDGE_CURVE('',#1849,#1851,#689,.T.);
#2322=EDGE_CURVE('',#1852,#1850,#690,.T.);
#2323=EDGE_CURVE('',#1851,#1852,#691,.T.);
#2324=EDGE_CURVE('',#1851,#1853,#692,.T.);
#2325=EDGE_CURVE('',#1854,#1852,#693,.T.);
#2326=EDGE_CURVE('',#1853,#1854,#694,.T.);
#2327=EDGE_CURVE('',#1853,#1855,#695,.T.);
#2328=EDGE_CURVE('',#1856,#1854,#696,.T.);
#2329=EDGE_CURVE('',#1855,#1856,#697,.T.);
#2330=EDGE_CURVE('',#1855,#1857,#698,.T.);
#2331=EDGE_CURVE('',#1858,#1856,#699,.T.);
#2332=EDGE_CURVE('',#1857,#1858,#700,.T.);
#2333=EDGE_CURVE('',#1857,#1859,#701,.T.);
#2334=EDGE_CURVE('',#1860,#1858,#702,.T.);
#2335=EDGE_CURVE('',#1859,#1860,#703,.T.);
#2336=EDGE_CURVE('',#1859,#1861,#704,.T.);
#2337=EDGE_CURVE('',#1862,#1860,#705,.T.);
#2338=EDGE_CURVE('',#1861,#1862,#706,.T.);
#2339=EDGE_CURVE('',#1861,#1863,#707,.T.);
#2340=EDGE_CURVE('',#1864,#1862,#708,.T.);
#2341=EDGE_CURVE('',#1863,#1864,#709,.T.);
#2342=EDGE_CURVE('',#1863,#1865,#710,.T.);
#2343=EDGE_CURVE('',#1866,#1864,#711,.T.);
#2344=EDGE_CURVE('',#1865,#1866,#712,.T.);
#2345=EDGE_CURVE('',#1865,#1867,#713,.T.);
#2346=EDGE_CURVE('',#1868,#1866,#714,.T.);
#2347=EDGE_CURVE('',#1867,#1868,#715,.T.);
#2348=EDGE_CURVE('',#1867,#1869,#716,.T.);
#2349=EDGE_CURVE('',#1870,#1868,#717,.T.);
#2350=EDGE_CURVE('',#1869,#1870,#718,.T.);
#2351=EDGE_CURVE('',#1869,#1871,#719,.T.);
#2352=EDGE_CURVE('',#1872,#1870,#720,.T.);
#2353=EDGE_CURVE('',#1871,#1872,#721,.T.);
#2354=EDGE_CURVE('',#1871,#1873,#722,.T.);
#2355=EDGE_CURVE('',#1874,#1872,#723,.T.);
#2356=EDGE_CURVE('',#1873,#1874,#724,.T.);
#2357=EDGE_CURVE('',#1873,#1875,#725,.T.);
#2358=EDGE_CURVE('',#1876,#1874,#726,.T.);
#2359=EDGE_CURVE('',#1875,#1876,#727,.T.);
#2360=EDGE_CURVE('',#1875,#1877,#728,.T.);
#2361=EDGE_CURVE('',#1878,#1876,#729,.T.);
#2362=EDGE_CURVE('',#1877,#1878,#730,.T.);
#2363=EDGE_CURVE('',#1877,#1807,#731,.T.);
#2364=EDGE_CURVE('',#1809,#1878,#732,.T.);
#2365=EDGE_CURVE('',#1879,#1880,#733,.T.);
#2366=EDGE_CURVE('',#1879,#1881,#734,.T.);
#2367=EDGE_CURVE('',#1882,#1881,#735,.T.);
#2368=EDGE_CURVE('',#1880,#1882,#736,.T.);
#2369=EDGE_CURVE('',#1880,#1883,#737,.T.);
#2370=EDGE_CURVE('',#1884,#1882,#738,.T.);
#2371=EDGE_CURVE('',#1883,#1884,#739,.T.);
#2372=EDGE_CURVE('',#1883,#1885,#740,.T.);
#2373=EDGE_CURVE('',#1886,#1884,#741,.T.);
#2374=EDGE_CURVE('',#1885,#1886,#742,.T.);
#2375=EDGE_CURVE('',#1885,#1879,#743,.T.);
#2376=EDGE_CURVE('',#1881,#1886,#744,.T.);
#2377=EDGE_CURVE('',#1887,#1888,#745,.T.);
#2378=EDGE_CURVE('',#1887,#1889,#746,.T.);
#2379=EDGE_CURVE('',#1890,#1889,#747,.T.);
#2380=EDGE_CURVE('',#1888,#1890,#748,.T.);
#2381=EDGE_CURVE('',#1888,#1891,#749,.T.);
#2382=EDGE_CURVE('',#1892,#1890,#750,.T.);
#2383=EDGE_CURVE('',#1891,#1892,#751,.T.);
#2384=EDGE_CURVE('',#1891,#1893,#752,.T.);
#2385=EDGE_CURVE('',#1894,#1892,#753,.T.);
#2386=EDGE_CURVE('',#1893,#1894,#754,.T.);
#2387=EDGE_CURVE('',#1893,#1887,#755,.T.);
#2388=EDGE_CURVE('',#1889,#1894,#756,.T.);
#2389=EDGE_CURVE('',#1895,#1896,#757,.T.);
#2390=EDGE_CURVE('',#1895,#1897,#758,.T.);
#2391=EDGE_CURVE('',#1898,#1897,#759,.T.);
#2392=EDGE_CURVE('',#1896,#1898,#760,.T.);
#2393=EDGE_CURVE('',#1896,#1899,#761,.T.);
#2394=EDGE_CURVE('',#1900,#1898,#762,.T.);
#2395=EDGE_CURVE('',#1899,#1900,#763,.T.);
#2396=EDGE_CURVE('',#1899,#1901,#764,.T.);
#2397=EDGE_CURVE('',#1902,#1900,#765,.T.);
#2398=EDGE_CURVE('',#1901,#1902,#766,.T.);
#2399=EDGE_CURVE('',#1901,#1895,#767,.T.);
#2400=EDGE_CURVE('',#1897,#1902,#768,.T.);
#2401=EDGE_CURVE('',#1903,#1904,#769,.T.);
#2402=EDGE_CURVE('',#1903,#1905,#770,.T.);
#2403=EDGE_CURVE('',#1906,#1905,#771,.T.);
#2404=EDGE_CURVE('',#1904,#1906,#772,.T.);
#2405=EDGE_CURVE('',#1904,#1907,#773,.T.);
#2406=EDGE_CURVE('',#1908,#1906,#774,.T.);
#2407=EDGE_CURVE('',#1907,#1908,#775,.T.);
#2408=EDGE_CURVE('',#1907,#1909,#776,.T.);
#2409=EDGE_CURVE('',#1910,#1908,#777,.T.);
#2410=EDGE_CURVE('',#1909,#1910,#778,.T.);
#2411=EDGE_CURVE('',#1909,#1911,#779,.T.);
#2412=EDGE_CURVE('',#1912,#1910,#780,.T.);
#2413=EDGE_CURVE('',#1911,#1912,#781,.T.);
#2414=EDGE_CURVE('',#1911,#1913,#782,.T.);
#2415=EDGE_CURVE('',#1914,#1912,#783,.T.);
#2416=EDGE_CURVE('',#1913,#1914,#784,.T.);
#2417=EDGE_CURVE('',#1913,#1915,#785,.T.);
#2418=EDGE_CURVE('',#1916,#1914,#786,.T.);
#2419=EDGE_CURVE('',#1915,#1916,#787,.T.);
#2420=EDGE_CURVE('',#1915,#1917,#788,.T.);
#2421=EDGE_CURVE('',#1918,#1916,#789,.T.);
#2422=EDGE_CURVE('',#1917,#1918,#790,.T.);
#2423=EDGE_CURVE('',#1917,#1919,#791,.T.);
#2424=EDGE_CURVE('',#1920,#1918,#792,.T.);
#2425=EDGE_CURVE('',#1919,#1920,#793,.T.);
#2426=EDGE_CURVE('',#1919,#1921,#794,.T.);
#2427=EDGE_CURVE('',#1922,#1920,#795,.T.);
#2428=EDGE_CURVE('',#1921,#1922,#796,.T.);
#2429=EDGE_CURVE('',#1921,#1923,#797,.T.);
#2430=EDGE_CURVE('',#1924,#1922,#798,.T.);
#2431=EDGE_CURVE('',#1923,#1924,#799,.T.);
#2432=EDGE_CURVE('',#1923,#1925,#800,.T.);
#2433=EDGE_CURVE('',#1926,#1924,#801,.T.);
#2434=EDGE_CURVE('',#1925,#1926,#802,.T.);
#2435=EDGE_CURVE('',#1925,#1927,#803,.T.);
#2436=EDGE_CURVE('',#1928,#1926,#804,.T.);
#2437=EDGE_CURVE('',#1927,#1928,#805,.T.);
#2438=EDGE_CURVE('',#1927,#1929,#806,.T.);
#2439=EDGE_CURVE('',#1930,#1928,#807,.T.);
#2440=EDGE_CURVE('',#1929,#1930,#808,.T.);
#2441=EDGE_CURVE('',#1929,#1931,#809,.T.);
#2442=EDGE_CURVE('',#1932,#1930,#810,.T.);
#2443=EDGE_CURVE('',#1931,#1932,#811,.T.);
#2444=EDGE_CURVE('',#1931,#1933,#812,.T.);
#2445=EDGE_CURVE('',#1934,#1932,#813,.T.);
#2446=EDGE_CURVE('',#1933,#1934,#814,.T.);
#2447=EDGE_CURVE('',#1933,#1935,#815,.T.);
#2448=EDGE_CURVE('',#1936,#1934,#816,.T.);
#2449=EDGE_CURVE('',#1935,#1936,#817,.T.);
#2450=EDGE_CURVE('',#1935,#1937,#818,.T.);
#2451=EDGE_CURVE('',#1938,#1936,#819,.T.);
#2452=EDGE_CURVE('',#1937,#1938,#820,.T.);
#2453=EDGE_CURVE('',#1937,#1939,#821,.T.);
#2454=EDGE_CURVE('',#1940,#1938,#822,.T.);
#2455=EDGE_CURVE('',#1939,#1940,#823,.T.);
#2456=EDGE_CURVE('',#1939,#1941,#824,.T.);
#2457=EDGE_CURVE('',#1942,#1940,#825,.T.);
#2458=EDGE_CURVE('',#1941,#1942,#826,.T.);
#2459=EDGE_CURVE('',#1941,#1943,#827,.T.);
#2460=EDGE_CURVE('',#1944,#1942,#828,.T.);
#2461=EDGE_CURVE('',#1943,#1944,#829,.T.);
#2462=EDGE_CURVE('',#1943,#1945,#830,.T.);
#2463=EDGE_CURVE('',#1946,#1944,#831,.T.);
#2464=EDGE_CURVE('',#1945,#1946,#832,.T.);
#2465=EDGE_CURVE('',#1945,#1947,#833,.T.);
#2466=EDGE_CURVE('',#1948,#1946,#834,.T.);
#2467=EDGE_CURVE('',#1947,#1948,#835,.T.);
#2468=EDGE_CURVE('',#1947,#1949,#836,.T.);
#2469=EDGE_CURVE('',#1950,#1948,#837,.T.);
#2470=EDGE_CURVE('',#1949,#1950,#838,.T.);
#2471=EDGE_CURVE('',#1949,#1951,#839,.T.);
#2472=EDGE_CURVE('',#1952,#1950,#840,.T.);
#2473=EDGE_CURVE('',#1951,#1952,#841,.T.);
#2474=EDGE_CURVE('',#1951,#1953,#842,.T.);
#2475=EDGE_CURVE('',#1954,#1952,#843,.T.);
#2476=EDGE_CURVE('',#1953,#1954,#844,.T.);
#2477=EDGE_CURVE('',#1953,#1955,#845,.T.);
#2478=EDGE_CURVE('',#1956,#1954,#846,.T.);
#2479=EDGE_CURVE('',#1955,#1956,#847,.T.);
#2480=EDGE_CURVE('',#1955,#1957,#848,.T.);
#2481=EDGE_CURVE('',#1958,#1956,#849,.T.);
#2482=EDGE_CURVE('',#1957,#1958,#850,.T.);
#2483=EDGE_CURVE('',#1957,#1959,#851,.T.);
#2484=EDGE_CURVE('',#1960,#1958,#852,.T.);
#2485=EDGE_CURVE('',#1959,#1960,#853,.T.);
#2486=EDGE_CURVE('',#1959,#1961,#854,.T.);
#2487=EDGE_CURVE('',#1962,#1960,#855,.T.);
#2488=EDGE_CURVE('',#1961,#1962,#856,.T.);
#2489=EDGE_CURVE('',#1961,#1963,#857,.T.);
#2490=EDGE_CURVE('',#1964,#1962,#858,.T.);
#2491=EDGE_CURVE('',#1963,#1964,#859,.T.);
#2492=EDGE_CURVE('',#1963,#1965,#860,.T.);
#2493=EDGE_CURVE('',#1966,#1964,#861,.T.);
#2494=EDGE_CURVE('',#1965,#1966,#862,.T.);
#2495=EDGE_CURVE('',#1965,#1967,#863,.T.);
#2496=EDGE_CURVE('',#1968,#1966,#864,.T.);
#2497=EDGE_CURVE('',#1967,#1968,#865,.T.);
#2498=EDGE_CURVE('',#1967,#1969,#866,.T.);
#2499=EDGE_CURVE('',#1970,#1968,#867,.T.);
#2500=EDGE_CURVE('',#1969,#1970,#868,.T.);
#2501=EDGE_CURVE('',#1969,#1971,#869,.T.);
#2502=EDGE_CURVE('',#1972,#1970,#870,.T.);
#2503=EDGE_CURVE('',#1971,#1972,#871,.T.);
#2504=EDGE_CURVE('',#1971,#1973,#872,.T.);
#2505=EDGE_CURVE('',#1974,#1972,#873,.T.);
#2506=EDGE_CURVE('',#1973,#1974,#874,.T.);
#2507=EDGE_CURVE('',#1973,#1903,#875,.T.);
#2508=EDGE_CURVE('',#1905,#1974,#876,.T.);
#2509=EDGE_CURVE('',#1975,#1976,#877,.T.);
#2510=EDGE_CURVE('',#1975,#1977,#878,.T.);
#2511=EDGE_CURVE('',#1978,#1977,#879,.T.);
#2512=EDGE_CURVE('',#1976,#1978,#880,.T.);
#2513=EDGE_CURVE('',#1976,#1979,#881,.T.);
#2514=EDGE_CURVE('',#1980,#1978,#882,.T.);
#2515=EDGE_CURVE('',#1979,#1980,#883,.T.);
#2516=EDGE_CURVE('',#1979,#1981,#884,.T.);
#2517=EDGE_CURVE('',#1982,#1980,#885,.T.);
#2518=EDGE_CURVE('',#1981,#1982,#886,.T.);
#2519=EDGE_CURVE('',#1981,#1975,#887,.T.);
#2520=EDGE_CURVE('',#1977,#1982,#888,.T.);
#2521=EDGE_CURVE('',#1983,#1984,#889,.T.);
#2522=EDGE_CURVE('',#1983,#1985,#890,.T.);
#2523=EDGE_CURVE('',#1986,#1985,#891,.T.);
#2524=EDGE_CURVE('',#1984,#1986,#892,.T.);
#2525=EDGE_CURVE('',#1984,#1987,#893,.T.);
#2526=EDGE_CURVE('',#1988,#1986,#894,.T.);
#2527=EDGE_CURVE('',#1987,#1988,#895,.T.);
#2528=EDGE_CURVE('',#1987,#1989,#896,.T.);
#2529=EDGE_CURVE('',#1990,#1988,#897,.T.);
#2530=EDGE_CURVE('',#1989,#1990,#898,.T.);
#2531=EDGE_CURVE('',#1989,#1983,#899,.T.);
#2532=EDGE_CURVE('',#1985,#1990,#900,.T.);
#2533=EDGE_CURVE('',#1991,#1992,#901,.T.);
#2534=EDGE_CURVE('',#1991,#1993,#902,.T.);
#2535=EDGE_CURVE('',#1994,#1993,#903,.T.);
#2536=EDGE_CURVE('',#1992,#1994,#904,.T.);
#2537=EDGE_CURVE('',#1992,#1995,#905,.T.);
#2538=EDGE_CURVE('',#1996,#1994,#906,.T.);
#2539=EDGE_CURVE('',#1995,#1996,#907,.T.);
#2540=EDGE_CURVE('',#1995,#1997,#908,.T.);
#2541=EDGE_CURVE('',#1998,#1996,#909,.T.);
#2542=EDGE_CURVE('',#1997,#1998,#910,.T.);
#2543=EDGE_CURVE('',#1997,#1991,#911,.T.);
#2544=EDGE_CURVE('',#1993,#1998,#912,.T.);
#2545=EDGE_CURVE('',#1999,#2000,#913,.T.);
#2546=EDGE_CURVE('',#1999,#2001,#914,.T.);
#2547=EDGE_CURVE('',#2002,#2001,#915,.T.);
#2548=EDGE_CURVE('',#2000,#2002,#916,.T.);
#2549=EDGE_CURVE('',#2000,#2003,#917,.T.);
#2550=EDGE_CURVE('',#2004,#2002,#918,.T.);
#2551=EDGE_CURVE('',#2003,#2004,#919,.T.);
#2552=EDGE_CURVE('',#2003,#2005,#920,.T.);
#2553=EDGE_CURVE('',#2006,#2004,#921,.T.);
#2554=EDGE_CURVE('',#2005,#2006,#922,.T.);
#2555=EDGE_CURVE('',#2005,#1999,#923,.T.);
#2556=EDGE_CURVE('',#2001,#2006,#924,.T.);
#2557=EDGE_CURVE('',#2007,#2008,#925,.T.);
#2558=EDGE_CURVE('',#2007,#2009,#926,.T.);
#2559=EDGE_CURVE('',#2010,#2009,#927,.T.);
#2560=EDGE_CURVE('',#2008,#2010,#928,.T.);
#2561=EDGE_CURVE('',#2008,#2011,#929,.T.);
#2562=EDGE_CURVE('',#2012,#2010,#930,.T.);
#2563=EDGE_CURVE('',#2011,#2012,#931,.T.);
#2564=EDGE_CURVE('',#2011,#2013,#932,.T.);
#2565=EDGE_CURVE('',#2014,#2012,#933,.T.);
#2566=EDGE_CURVE('',#2013,#2014,#934,.T.);
#2567=EDGE_CURVE('',#2013,#2007,#935,.T.);
#2568=EDGE_CURVE('',#2009,#2014,#936,.T.);
#2569=EDGE_CURVE('',#2015,#2016,#937,.T.);
#2570=EDGE_CURVE('',#2015,#2017,#938,.T.);
#2571=EDGE_CURVE('',#2018,#2017,#939,.T.);
#2572=EDGE_CURVE('',#2016,#2018,#940,.T.);
#2573=EDGE_CURVE('',#2016,#2019,#941,.T.);
#2574=EDGE_CURVE('',#2020,#2018,#942,.T.);
#2575=EDGE_CURVE('',#2019,#2020,#943,.T.);
#2576=EDGE_CURVE('',#2019,#2021,#944,.T.);
#2577=EDGE_CURVE('',#2022,#2020,#945,.T.);
#2578=EDGE_CURVE('',#2021,#2022,#946,.T.);
#2579=EDGE_CURVE('',#2021,#2015,#947,.T.);
#2580=EDGE_CURVE('',#2017,#2022,#948,.T.);
#2581=EDGE_CURVE('',#2023,#2024,#949,.T.);
#2582=EDGE_CURVE('',#2023,#2025,#950,.T.);
#2583=EDGE_CURVE('',#2026,#2025,#951,.T.);
#2584=EDGE_CURVE('',#2024,#2026,#952,.T.);
#2585=EDGE_CURVE('',#2024,#2027,#953,.T.);
#2586=EDGE_CURVE('',#2028,#2026,#954,.T.);
#2587=EDGE_CURVE('',#2027,#2028,#955,.T.);
#2588=EDGE_CURVE('',#2027,#2029,#956,.T.);
#2589=EDGE_CURVE('',#2030,#2028,#957,.T.);
#2590=EDGE_CURVE('',#2029,#2030,#958,.T.);
#2591=EDGE_CURVE('',#2029,#2023,#959,.T.);
#2592=EDGE_CURVE('',#2025,#2030,#960,.T.);
#2593=EDGE_CURVE('',#2031,#2032,#961,.T.);
#2594=EDGE_CURVE('',#2031,#2033,#962,.T.);
#2595=EDGE_CURVE('',#2034,#2033,#963,.T.);
#2596=EDGE_CURVE('',#2032,#2034,#964,.T.);
#2597=EDGE_CURVE('',#2032,#2035,#965,.T.);
#2598=EDGE_CURVE('',#2036,#2034,#966,.T.);
#2599=EDGE_CURVE('',#2035,#2036,#967,.T.);
#2600=EDGE_CURVE('',#2035,#2037,#968,.T.);
#2601=EDGE_CURVE('',#2038,#2036,#969,.T.);
#2602=EDGE_CURVE('',#2037,#2038,#970,.T.);
#2603=EDGE_CURVE('',#2037,#2031,#971,.T.);
#2604=EDGE_CURVE('',#2033,#2038,#972,.T.);
#2605=EDGE_CURVE('',#2039,#2040,#973,.T.);
#2606=EDGE_CURVE('',#2039,#2041,#974,.T.);
#2607=EDGE_CURVE('',#2042,#2041,#975,.T.);
#2608=EDGE_CURVE('',#2040,#2042,#976,.T.);
#2609=EDGE_CURVE('',#2040,#2043,#977,.T.);
#2610=EDGE_CURVE('',#2044,#2042,#978,.T.);
#2611=EDGE_CURVE('',#2043,#2044,#979,.T.);
#2612=EDGE_CURVE('',#2043,#2045,#980,.T.);
#2613=EDGE_CURVE('',#2046,#2044,#981,.T.);
#2614=EDGE_CURVE('',#2045,#2046,#982,.T.);
#2615=EDGE_CURVE('',#2045,#2039,#983,.T.);
#2616=EDGE_CURVE('',#2041,#2046,#984,.T.);
#2617=EDGE_CURVE('',#2047,#2048,#985,.T.);
#2618=EDGE_CURVE('',#2047,#2049,#986,.T.);
#2619=EDGE_CURVE('',#2050,#2049,#987,.T.);
#2620=EDGE_CURVE('',#2048,#2050,#988,.T.);
#2621=EDGE_CURVE('',#2048,#2051,#989,.T.);
#2622=EDGE_CURVE('',#2052,#2050,#990,.T.);
#2623=EDGE_CURVE('',#2051,#2052,#991,.T.);
#2624=EDGE_CURVE('',#2051,#2053,#992,.T.);
#2625=EDGE_CURVE('',#2054,#2052,#993,.T.);
#2626=EDGE_CURVE('',#2053,#2054,#994,.T.);
#2627=EDGE_CURVE('',#2053,#2047,#995,.T.);
#2628=EDGE_CURVE('',#2049,#2054,#996,.T.);
#2629=EDGE_CURVE('',#2055,#2056,#997,.T.);
#2630=EDGE_CURVE('',#2056,#2057,#998,.T.);
#2631=EDGE_CURVE('',#2058,#2057,#999,.T.);
#2632=EDGE_CURVE('',#2055,#2058,#1000,.T.);
#2633=EDGE_CURVE('',#2055,#1725,#1001,.T.);
#2634=EDGE_CURVE('',#1726,#2058,#1002,.T.);
#2635=EDGE_CURVE('',#1723,#2059,#1003,.T.);
#2636=EDGE_CURVE('',#2060,#1724,#1004,.T.);
#2637=EDGE_CURVE('',#2059,#2060,#1005,.T.);
#2638=EDGE_CURVE('',#2059,#2061,#1006,.T.);
#2639=EDGE_CURVE('',#2062,#2060,#1007,.T.);
#2640=EDGE_CURVE('',#2061,#2062,#1008,.T.);
#2641=EDGE_CURVE('',#2061,#2063,#1009,.T.);
#2642=EDGE_CURVE('',#2064,#2062,#1010,.T.);
#2643=EDGE_CURVE('',#2063,#2064,#1011,.T.);
#2644=EDGE_CURVE('',#2063,#2065,#1012,.T.);
#2645=EDGE_CURVE('',#2066,#2064,#1013,.T.);
#2646=EDGE_CURVE('',#2065,#2066,#1014,.T.);
#2647=EDGE_CURVE('',#2065,#2067,#1015,.T.);
#2648=EDGE_CURVE('',#2068,#2066,#1016,.T.);
#2649=EDGE_CURVE('',#2067,#2068,#1017,.T.);
#2650=EDGE_CURVE('',#2067,#2069,#1018,.T.);
#2651=EDGE_CURVE('',#2070,#2068,#1019,.T.);
#2652=EDGE_CURVE('',#2069,#2070,#1020,.T.);
#2653=EDGE_CURVE('',#2069,#2071,#1021,.T.);
#2654=EDGE_CURVE('',#2072,#2070,#1022,.T.);
#2655=EDGE_CURVE('',#2071,#2072,#1023,.T.);
#2656=EDGE_CURVE('',#2071,#2073,#1024,.T.);
#2657=EDGE_CURVE('',#2074,#2072,#1025,.T.);
#2658=EDGE_CURVE('',#2073,#2074,#1026,.T.);
#2659=EDGE_CURVE('',#2073,#2075,#1027,.T.);
#2660=EDGE_CURVE('',#2076,#2074,#1028,.T.);
#2661=EDGE_CURVE('',#2075,#2076,#1029,.T.);
#2662=EDGE_CURVE('',#2077,#2075,#1030,.T.);
#2663=EDGE_CURVE('',#2078,#2076,#1031,.T.);
#2664=EDGE_CURVE('',#2077,#2078,#1032,.T.);
#2665=EDGE_CURVE('',#2079,#2077,#1033,.T.);
#2666=EDGE_CURVE('',#2080,#2078,#1034,.T.);
#2667=EDGE_CURVE('',#2079,#2080,#1035,.T.);
#2668=EDGE_CURVE('',#2081,#2079,#1036,.T.);
#2669=EDGE_CURVE('',#2082,#2080,#1037,.T.);
#2670=EDGE_CURVE('',#2081,#2082,#1038,.T.);
#2671=EDGE_CURVE('',#2083,#2081,#1039,.T.);
#2672=EDGE_CURVE('',#2084,#2082,#1040,.T.);
#2673=EDGE_CURVE('',#2083,#2084,#1041,.T.);
#2674=EDGE_CURVE('',#2085,#2083,#1042,.T.);
#2675=EDGE_CURVE('',#2086,#2084,#1043,.T.);
#2676=EDGE_CURVE('',#2085,#2086,#1044,.T.);
#2677=EDGE_CURVE('',#2087,#2085,#1045,.T.);
#2678=EDGE_CURVE('',#2088,#2086,#1046,.T.);
#2679=EDGE_CURVE('',#2087,#2088,#1047,.T.);
#2680=EDGE_CURVE('',#2089,#2087,#1048,.T.);
#2681=EDGE_CURVE('',#2090,#2088,#1049,.T.);
#2682=EDGE_CURVE('',#2089,#2090,#1050,.T.);
#2683=EDGE_CURVE('',#2089,#2091,#1051,.T.);
#2684=EDGE_CURVE('',#2092,#2090,#1052,.T.);
#2685=EDGE_CURVE('',#2091,#2092,#1053,.T.);
#2686=EDGE_CURVE('',#2093,#2091,#1054,.T.);
#2687=EDGE_CURVE('',#2094,#2092,#1055,.T.);
#2688=EDGE_CURVE('',#2093,#2094,#1056,.T.);
#2689=EDGE_CURVE('',#2095,#2093,#1057,.T.);
#2690=EDGE_CURVE('',#2096,#2094,#1058,.T.);
#2691=EDGE_CURVE('',#2095,#2096,#1059,.T.);
#2692=EDGE_CURVE('',#2095,#2097,#1060,.T.);
#2693=EDGE_CURVE('',#2098,#2096,#1061,.T.);
#2694=EDGE_CURVE('',#2097,#2098,#1062,.T.);
#2695=EDGE_CURVE('',#2097,#2099,#1063,.T.);
#2696=EDGE_CURVE('',#2100,#2098,#1064,.T.);
#2697=EDGE_CURVE('',#2099,#2100,#1065,.T.);
#2698=EDGE_CURVE('',#2099,#2101,#1066,.T.);
#2699=EDGE_CURVE('',#2102,#2100,#1067,.T.);
#2700=EDGE_CURVE('',#2101,#2102,#1068,.T.);
#2701=EDGE_CURVE('',#2101,#2103,#1069,.T.);
#2702=EDGE_CURVE('',#2104,#2102,#1070,.T.);
#2703=EDGE_CURVE('',#2103,#2104,#1071,.T.);
#2704=EDGE_CURVE('',#2103,#2105,#1072,.T.);
#2705=EDGE_CURVE('',#2106,#2104,#1073,.T.);
#2706=EDGE_CURVE('',#2105,#2106,#1074,.T.);
#2707=EDGE_CURVE('',#2105,#2107,#1075,.T.);
#2708=EDGE_CURVE('',#2108,#2106,#1076,.T.);
#2709=EDGE_CURVE('',#2107,#2108,#1077,.T.);
#2710=EDGE_CURVE('',#2107,#2109,#1078,.T.);
#2711=EDGE_CURVE('',#2110,#2108,#1079,.T.);
#2712=EDGE_CURVE('',#2109,#2110,#1080,.T.);
#2713=EDGE_CURVE('',#2111,#2109,#1081,.T.);
#2714=EDGE_CURVE('',#2112,#2110,#1082,.T.);
#2715=EDGE_CURVE('',#2111,#2112,#1083,.T.);
#2716=EDGE_CURVE('',#2113,#2111,#1084,.T.);
#2717=EDGE_CURVE('',#2114,#2112,#1085,.T.);
#2718=EDGE_CURVE('',#2113,#2114,#1086,.T.);
#2719=EDGE_CURVE('',#2115,#2113,#1087,.T.);
#2720=EDGE_CURVE('',#2116,#2114,#1088,.T.);
#2721=EDGE_CURVE('',#2115,#2116,#1089,.T.);
#2722=EDGE_CURVE('',#2117,#2115,#1090,.T.);
#2723=EDGE_CURVE('',#2118,#2116,#1091,.T.);
#2724=EDGE_CURVE('',#2117,#2118,#1092,.T.);
#2725=EDGE_CURVE('',#2119,#2117,#1093,.T.);
#2726=EDGE_CURVE('',#2120,#2118,#1094,.T.);
#2727=EDGE_CURVE('',#2119,#2120,#1095,.T.);
#2728=EDGE_CURVE('',#2121,#2119,#1096,.T.);
#2729=EDGE_CURVE('',#2122,#2120,#1097,.T.);
#2730=EDGE_CURVE('',#2121,#2122,#1098,.T.);
#2731=EDGE_CURVE('',#2123,#2121,#1099,.T.);
#2732=EDGE_CURVE('',#2124,#2122,#1100,.T.);
#2733=EDGE_CURVE('',#2123,#2124,#1101,.T.);
#2734=EDGE_CURVE('',#2125,#2123,#1102,.T.);
#2735=EDGE_CURVE('',#2126,#2124,#1103,.T.);
#2736=EDGE_CURVE('',#2125,#2126,#1104,.T.);
#2737=EDGE_CURVE('',#2056,#2125,#1105,.T.);
#2738=EDGE_CURVE('',#2057,#2126,#1106,.T.);
#2739=ORIENTED_EDGE('',*,*,#2127,.F.);
#2740=ORIENTED_EDGE('',*,*,#2128,.F.);
#2741=ORIENTED_EDGE('',*,*,#2129,.F.);
#2742=ORIENTED_EDGE('',*,*,#2130,.F.);
#2743=ORIENTED_EDGE('',*,*,#2131,.F.);
#2744=ORIENTED_EDGE('',*,*,#2130,.T.);
#2745=ORIENTED_EDGE('',*,*,#2132,.F.);
#2746=ORIENTED_EDGE('',*,*,#2133,.F.);
#2747=ORIENTED_EDGE('',*,*,#2128,.T.);
#2748=ORIENTED_EDGE('',*,*,#2134,.F.);
#2749=ORIENTED_EDGE('',*,*,#2135,.T.);
#2750=ORIENTED_EDGE('',*,*,#2136,.F.);
#2751=ORIENTED_EDGE('',*,*,#2137,.F.);
#2752=ORIENTED_EDGE('',*,*,#2138,.T.);
#2753=ORIENTED_EDGE('',*,*,#2139,.F.);
#2754=ORIENTED_EDGE('',*,*,#2140,.F.);
#2755=ORIENTED_EDGE('',*,*,#2141,.F.);
#2756=ORIENTED_EDGE('',*,*,#2140,.T.);
#2757=ORIENTED_EDGE('',*,*,#2142,.F.);
#2758=ORIENTED_EDGE('',*,*,#2143,.F.);
#2759=ORIENTED_EDGE('',*,*,#2144,.F.);
#2760=ORIENTED_EDGE('',*,*,#2143,.T.);
#2761=ORIENTED_EDGE('',*,*,#2145,.F.);
#2762=ORIENTED_EDGE('',*,*,#2146,.F.);
#2763=ORIENTED_EDGE('',*,*,#2147,.F.);
#2764=ORIENTED_EDGE('',*,*,#2146,.T.);
#2765=ORIENTED_EDGE('',*,*,#2148,.F.);
#2766=ORIENTED_EDGE('',*,*,#2149,.F.);
#2767=ORIENTED_EDGE('',*,*,#2150,.F.);
#2768=ORIENTED_EDGE('',*,*,#2149,.T.);
#2769=ORIENTED_EDGE('',*,*,#2151,.F.);
#2770=ORIENTED_EDGE('',*,*,#2152,.F.);
#2771=ORIENTED_EDGE('',*,*,#2153,.F.);
#2772=ORIENTED_EDGE('',*,*,#2152,.T.);
#2773=ORIENTED_EDGE('',*,*,#2154,.F.);
#2774=ORIENTED_EDGE('',*,*,#2155,.F.);
#2775=ORIENTED_EDGE('',*,*,#2156,.F.);
#2776=ORIENTED_EDGE('',*,*,#2155,.T.);
#2777=ORIENTED_EDGE('',*,*,#2157,.F.);
#2778=ORIENTED_EDGE('',*,*,#2158,.F.);
#2779=ORIENTED_EDGE('',*,*,#2159,.F.);
#2780=ORIENTED_EDGE('',*,*,#2158,.T.);
#2781=ORIENTED_EDGE('',*,*,#2160,.F.);
#2782=ORIENTED_EDGE('',*,*,#2161,.F.);
#2783=ORIENTED_EDGE('',*,*,#2162,.F.);
#2784=ORIENTED_EDGE('',*,*,#2161,.T.);
#2785=ORIENTED_EDGE('',*,*,#2163,.F.);
#2786=ORIENTED_EDGE('',*,*,#2164,.F.);
#2787=ORIENTED_EDGE('',*,*,#2165,.F.);
#2788=ORIENTED_EDGE('',*,*,#2164,.T.);
#2789=ORIENTED_EDGE('',*,*,#2166,.F.);
#2790=ORIENTED_EDGE('',*,*,#2167,.F.);
#2791=ORIENTED_EDGE('',*,*,#2168,.F.);
#2792=ORIENTED_EDGE('',*,*,#2167,.T.);
#2793=ORIENTED_EDGE('',*,*,#2169,.F.);
#2794=ORIENTED_EDGE('',*,*,#2170,.F.);
#2795=ORIENTED_EDGE('',*,*,#2171,.F.);
#2796=ORIENTED_EDGE('',*,*,#2170,.T.);
#2797=ORIENTED_EDGE('',*,*,#2172,.F.);
#2798=ORIENTED_EDGE('',*,*,#2173,.F.);
#2799=ORIENTED_EDGE('',*,*,#2174,.F.);
#2800=ORIENTED_EDGE('',*,*,#2173,.T.);
#2801=ORIENTED_EDGE('',*,*,#2175,.F.);
#2802=ORIENTED_EDGE('',*,*,#2176,.F.);
#2803=ORIENTED_EDGE('',*,*,#2177,.F.);
#2804=ORIENTED_EDGE('',*,*,#2176,.T.);
#2805=ORIENTED_EDGE('',*,*,#2178,.F.);
#2806=ORIENTED_EDGE('',*,*,#2179,.F.);
#2807=ORIENTED_EDGE('',*,*,#2180,.F.);
#2808=ORIENTED_EDGE('',*,*,#2179,.T.);
#2809=ORIENTED_EDGE('',*,*,#2181,.F.);
#2810=ORIENTED_EDGE('',*,*,#2182,.F.);
#2811=ORIENTED_EDGE('',*,*,#2183,.F.);
#2812=ORIENTED_EDGE('',*,*,#2182,.T.);
#2813=ORIENTED_EDGE('',*,*,#2184,.F.);
#2814=ORIENTED_EDGE('',*,*,#2185,.F.);
#2815=ORIENTED_EDGE('',*,*,#2186,.F.);
#2816=ORIENTED_EDGE('',*,*,#2185,.T.);
#2817=ORIENTED_EDGE('',*,*,#2187,.F.);
#2818=ORIENTED_EDGE('',*,*,#2188,.F.);
#2819=ORIENTED_EDGE('',*,*,#2189,.F.);
#2820=ORIENTED_EDGE('',*,*,#2188,.T.);
#2821=ORIENTED_EDGE('',*,*,#2190,.F.);
#2822=ORIENTED_EDGE('',*,*,#2191,.F.);
#2823=ORIENTED_EDGE('',*,*,#2192,.F.);
#2824=ORIENTED_EDGE('',*,*,#2191,.T.);
#2825=ORIENTED_EDGE('',*,*,#2193,.F.);
#2826=ORIENTED_EDGE('',*,*,#2194,.F.);
#2827=ORIENTED_EDGE('',*,*,#2195,.F.);
#2828=ORIENTED_EDGE('',*,*,#2194,.T.);
#2829=ORIENTED_EDGE('',*,*,#2196,.F.);
#2830=ORIENTED_EDGE('',*,*,#2197,.F.);
#2831=ORIENTED_EDGE('',*,*,#2198,.F.);
#2832=ORIENTED_EDGE('',*,*,#2197,.T.);
#2833=ORIENTED_EDGE('',*,*,#2199,.F.);
#2834=ORIENTED_EDGE('',*,*,#2200,.F.);
#2835=ORIENTED_EDGE('',*,*,#2201,.F.);
#2836=ORIENTED_EDGE('',*,*,#2200,.T.);
#2837=ORIENTED_EDGE('',*,*,#2202,.F.);
#2838=ORIENTED_EDGE('',*,*,#2203,.F.);
#2839=ORIENTED_EDGE('',*,*,#2204,.F.);
#2840=ORIENTED_EDGE('',*,*,#2203,.T.);
#2841=ORIENTED_EDGE('',*,*,#2205,.F.);
#2842=ORIENTED_EDGE('',*,*,#2206,.F.);
#2843=ORIENTED_EDGE('',*,*,#2207,.F.);
#2844=ORIENTED_EDGE('',*,*,#2206,.T.);
#2845=ORIENTED_EDGE('',*,*,#2208,.F.);
#2846=ORIENTED_EDGE('',*,*,#2209,.F.);
#2847=ORIENTED_EDGE('',*,*,#2210,.F.);
#2848=ORIENTED_EDGE('',*,*,#2209,.T.);
#2849=ORIENTED_EDGE('',*,*,#2211,.F.);
#2850=ORIENTED_EDGE('',*,*,#2212,.F.);
#2851=ORIENTED_EDGE('',*,*,#2213,.F.);
#2852=ORIENTED_EDGE('',*,*,#2212,.T.);
#2853=ORIENTED_EDGE('',*,*,#2214,.F.);
#2854=ORIENTED_EDGE('',*,*,#2215,.F.);
#2855=ORIENTED_EDGE('',*,*,#2216,.F.);
#2856=ORIENTED_EDGE('',*,*,#2215,.T.);
#2857=ORIENTED_EDGE('',*,*,#2217,.F.);
#2858=ORIENTED_EDGE('',*,*,#2218,.F.);
#2859=ORIENTED_EDGE('',*,*,#2219,.F.);
#2860=ORIENTED_EDGE('',*,*,#2218,.T.);
#2861=ORIENTED_EDGE('',*,*,#2220,.F.);
#2862=ORIENTED_EDGE('',*,*,#2221,.F.);
#2863=ORIENTED_EDGE('',*,*,#2222,.F.);
#2864=ORIENTED_EDGE('',*,*,#2221,.T.);
#2865=ORIENTED_EDGE('',*,*,#2223,.F.);
#2866=ORIENTED_EDGE('',*,*,#2224,.F.);
#2867=ORIENTED_EDGE('',*,*,#2225,.F.);
#2868=ORIENTED_EDGE('',*,*,#2224,.T.);
#2869=ORIENTED_EDGE('',*,*,#2226,.F.);
#2870=ORIENTED_EDGE('',*,*,#2227,.F.);
#2871=ORIENTED_EDGE('',*,*,#2228,.F.);
#2872=ORIENTED_EDGE('',*,*,#2227,.T.);
#2873=ORIENTED_EDGE('',*,*,#2229,.F.);
#2874=ORIENTED_EDGE('',*,*,#2230,.F.);
#2875=ORIENTED_EDGE('',*,*,#2231,.F.);
#2876=ORIENTED_EDGE('',*,*,#2230,.T.);
#2877=ORIENTED_EDGE('',*,*,#2232,.F.);
#2878=ORIENTED_EDGE('',*,*,#2233,.F.);
#2879=ORIENTED_EDGE('',*,*,#2234,.F.);
#2880=ORIENTED_EDGE('',*,*,#2233,.T.);
#2881=ORIENTED_EDGE('',*,*,#2235,.F.);
#2882=ORIENTED_EDGE('',*,*,#2236,.F.);
#2883=ORIENTED_EDGE('',*,*,#2237,.F.);
#2884=ORIENTED_EDGE('',*,*,#2236,.T.);
#2885=ORIENTED_EDGE('',*,*,#2238,.F.);
#2886=ORIENTED_EDGE('',*,*,#2239,.F.);
#2887=ORIENTED_EDGE('',*,*,#2240,.F.);
#2888=ORIENTED_EDGE('',*,*,#2239,.T.);
#2889=ORIENTED_EDGE('',*,*,#2241,.F.);
#2890=ORIENTED_EDGE('',*,*,#2242,.F.);
#2891=ORIENTED_EDGE('',*,*,#2243,.F.);
#2892=ORIENTED_EDGE('',*,*,#2242,.T.);
#2893=ORIENTED_EDGE('',*,*,#2244,.F.);
#2894=ORIENTED_EDGE('',*,*,#2138,.F.);
#2895=ORIENTED_EDGE('',*,*,#2245,.F.);
#2896=ORIENTED_EDGE('',*,*,#2246,.T.);
#2897=ORIENTED_EDGE('',*,*,#2247,.F.);
#2898=ORIENTED_EDGE('',*,*,#2248,.F.);
#2899=ORIENTED_EDGE('',*,*,#2249,.F.);
#2900=ORIENTED_EDGE('',*,*,#2248,.T.);
#2901=ORIENTED_EDGE('',*,*,#2250,.F.);
#2902=ORIENTED_EDGE('',*,*,#2251,.F.);
#2903=ORIENTED_EDGE('',*,*,#2252,.F.);
#2904=ORIENTED_EDGE('',*,*,#2251,.T.);
#2905=ORIENTED_EDGE('',*,*,#2253,.F.);
#2906=ORIENTED_EDGE('',*,*,#2254,.F.);
#2907=ORIENTED_EDGE('',*,*,#2255,.F.);
#2908=ORIENTED_EDGE('',*,*,#2254,.T.);
#2909=ORIENTED_EDGE('',*,*,#2256,.F.);
#2910=ORIENTED_EDGE('',*,*,#2246,.F.);
#2911=ORIENTED_EDGE('',*,*,#2257,.F.);
#2912=ORIENTED_EDGE('',*,*,#2258,.T.);
#2913=ORIENTED_EDGE('',*,*,#2259,.F.);
#2914=ORIENTED_EDGE('',*,*,#2260,.F.);
#2915=ORIENTED_EDGE('',*,*,#2261,.F.);
#2916=ORIENTED_EDGE('',*,*,#2260,.T.);
#2917=ORIENTED_EDGE('',*,*,#2262,.F.);
#2918=ORIENTED_EDGE('',*,*,#2263,.F.);
#2919=ORIENTED_EDGE('',*,*,#2264,.F.);
#2920=ORIENTED_EDGE('',*,*,#2263,.T.);
#2921=ORIENTED_EDGE('',*,*,#2265,.F.);
#2922=ORIENTED_EDGE('',*,*,#2266,.F.);
#2923=ORIENTED_EDGE('',*,*,#2267,.F.);
#2924=ORIENTED_EDGE('',*,*,#2266,.T.);
#2925=ORIENTED_EDGE('',*,*,#2268,.F.);
#2926=ORIENTED_EDGE('',*,*,#2269,.F.);
#2927=ORIENTED_EDGE('',*,*,#2270,.F.);
#2928=ORIENTED_EDGE('',*,*,#2269,.T.);
#2929=ORIENTED_EDGE('',*,*,#2271,.F.);
#2930=ORIENTED_EDGE('',*,*,#2272,.F.);
#2931=ORIENTED_EDGE('',*,*,#2273,.F.);
#2932=ORIENTED_EDGE('',*,*,#2272,.T.);
#2933=ORIENTED_EDGE('',*,*,#2274,.F.);
#2934=ORIENTED_EDGE('',*,*,#2275,.F.);
#2935=ORIENTED_EDGE('',*,*,#2276,.F.);
#2936=ORIENTED_EDGE('',*,*,#2275,.T.);
#2937=ORIENTED_EDGE('',*,*,#2277,.F.);
#2938=ORIENTED_EDGE('',*,*,#2278,.F.);
#2939=ORIENTED_EDGE('',*,*,#2279,.F.);
#2940=ORIENTED_EDGE('',*,*,#2278,.T.);
#2941=ORIENTED_EDGE('',*,*,#2280,.F.);
#2942=ORIENTED_EDGE('',*,*,#2281,.F.);
#2943=ORIENTED_EDGE('',*,*,#2282,.F.);
#2944=ORIENTED_EDGE('',*,*,#2281,.T.);
#2945=ORIENTED_EDGE('',*,*,#2283,.F.);
#2946=ORIENTED_EDGE('',*,*,#2284,.F.);
#2947=ORIENTED_EDGE('',*,*,#2285,.F.);
#2948=ORIENTED_EDGE('',*,*,#2284,.T.);
#2949=ORIENTED_EDGE('',*,*,#2286,.F.);
#2950=ORIENTED_EDGE('',*,*,#2287,.F.);
#2951=ORIENTED_EDGE('',*,*,#2288,.F.);
#2952=ORIENTED_EDGE('',*,*,#2287,.T.);
#2953=ORIENTED_EDGE('',*,*,#2289,.F.);
#2954=ORIENTED_EDGE('',*,*,#2290,.F.);
#2955=ORIENTED_EDGE('',*,*,#2291,.F.);
#2956=ORIENTED_EDGE('',*,*,#2290,.T.);
#2957=ORIENTED_EDGE('',*,*,#2292,.F.);
#2958=ORIENTED_EDGE('',*,*,#2293,.F.);
#2959=ORIENTED_EDGE('',*,*,#2294,.F.);
#2960=ORIENTED_EDGE('',*,*,#2293,.T.);
#2961=ORIENTED_EDGE('',*,*,#2295,.F.);
#2962=ORIENTED_EDGE('',*,*,#2296,.F.);
#2963=ORIENTED_EDGE('',*,*,#2297,.F.);
#2964=ORIENTED_EDGE('',*,*,#2296,.T.);
#2965=ORIENTED_EDGE('',*,*,#2298,.F.);
#2966=ORIENTED_EDGE('',*,*,#2299,.F.);
#2967=ORIENTED_EDGE('',*,*,#2300,.F.);
#2968=ORIENTED_EDGE('',*,*,#2299,.T.);
#2969=ORIENTED_EDGE('',*,*,#2301,.F.);
#2970=ORIENTED_EDGE('',*,*,#2302,.F.);
#2971=ORIENTED_EDGE('',*,*,#2303,.F.);
#2972=ORIENTED_EDGE('',*,*,#2302,.T.);
#2973=ORIENTED_EDGE('',*,*,#2304,.F.);
#2974=ORIENTED_EDGE('',*,*,#2305,.F.);
#2975=ORIENTED_EDGE('',*,*,#2306,.F.);
#2976=ORIENTED_EDGE('',*,*,#2305,.T.);
#2977=ORIENTED_EDGE('',*,*,#2307,.F.);
#2978=ORIENTED_EDGE('',*,*,#2308,.F.);
#2979=ORIENTED_EDGE('',*,*,#2309,.F.);
#2980=ORIENTED_EDGE('',*,*,#2308,.T.);
#2981=ORIENTED_EDGE('',*,*,#2310,.F.);
#2982=ORIENTED_EDGE('',*,*,#2311,.F.);
#2983=ORIENTED_EDGE('',*,*,#2312,.F.);
#2984=ORIENTED_EDGE('',*,*,#2311,.T.);
#2985=ORIENTED_EDGE('',*,*,#2313,.F.);
#2986=ORIENTED_EDGE('',*,*,#2314,.F.);
#2987=ORIENTED_EDGE('',*,*,#2315,.F.);
#2988=ORIENTED_EDGE('',*,*,#2314,.T.);
#2989=ORIENTED_EDGE('',*,*,#2316,.F.);
#2990=ORIENTED_EDGE('',*,*,#2317,.F.);
#2991=ORIENTED_EDGE('',*,*,#2318,.F.);
#2992=ORIENTED_EDGE('',*,*,#2317,.T.);
#2993=ORIENTED_EDGE('',*,*,#2319,.F.);
#2994=ORIENTED_EDGE('',*,*,#2320,.F.);
#2995=ORIENTED_EDGE('',*,*,#2321,.F.);
#2996=ORIENTED_EDGE('',*,*,#2320,.T.);
#2997=ORIENTED_EDGE('',*,*,#2322,.F.);
#2998=ORIENTED_EDGE('',*,*,#2323,.F.);
#2999=ORIENTED_EDGE('',*,*,#2324,.F.);
#3000=ORIENTED_EDGE('',*,*,#2323,.T.);
#3001=ORIENTED_EDGE('',*,*,#2325,.F.);
#3002=ORIENTED_EDGE('',*,*,#2326,.F.);
#3003=ORIENTED_EDGE('',*,*,#2327,.F.);
#3004=ORIENTED_EDGE('',*,*,#2326,.T.);
#3005=ORIENTED_EDGE('',*,*,#2328,.F.);
#3006=ORIENTED_EDGE('',*,*,#2329,.F.);
#3007=ORIENTED_EDGE('',*,*,#2330,.F.);
#3008=ORIENTED_EDGE('',*,*,#2329,.T.);
#3009=ORIENTED_EDGE('',*,*,#2331,.F.);
#3010=ORIENTED_EDGE('',*,*,#2332,.F.);
#3011=ORIENTED_EDGE('',*,*,#2333,.F.);
#3012=ORIENTED_EDGE('',*,*,#2332,.T.);
#3013=ORIENTED_EDGE('',*,*,#2334,.F.);
#3014=ORIENTED_EDGE('',*,*,#2335,.F.);
#3015=ORIENTED_EDGE('',*,*,#2336,.F.);
#3016=ORIENTED_EDGE('',*,*,#2335,.T.);
#3017=ORIENTED_EDGE('',*,*,#2337,.F.);
#3018=ORIENTED_EDGE('',*,*,#2338,.F.);
#3019=ORIENTED_EDGE('',*,*,#2339,.F.);
#3020=ORIENTED_EDGE('',*,*,#2338,.T.);
#3021=ORIENTED_EDGE('',*,*,#2340,.F.);
#3022=ORIENTED_EDGE('',*,*,#2341,.F.);
#3023=ORIENTED_EDGE('',*,*,#2342,.F.);
#3024=ORIENTED_EDGE('',*,*,#2341,.T.);
#3025=ORIENTED_EDGE('',*,*,#2343,.F.);
#3026=ORIENTED_EDGE('',*,*,#2344,.F.);
#3027=ORIENTED_EDGE('',*,*,#2345,.F.);
#3028=ORIENTED_EDGE('',*,*,#2344,.T.);
#3029=ORIENTED_EDGE('',*,*,#2346,.F.);
#3030=ORIENTED_EDGE('',*,*,#2347,.F.);
#3031=ORIENTED_EDGE('',*,*,#2348,.F.);
#3032=ORIENTED_EDGE('',*,*,#2347,.T.);
#3033=ORIENTED_EDGE('',*,*,#2349,.F.);
#3034=ORIENTED_EDGE('',*,*,#2350,.F.);
#3035=ORIENTED_EDGE('',*,*,#2351,.F.);
#3036=ORIENTED_EDGE('',*,*,#2350,.T.);
#3037=ORIENTED_EDGE('',*,*,#2352,.F.);
#3038=ORIENTED_EDGE('',*,*,#2353,.F.);
#3039=ORIENTED_EDGE('',*,*,#2354,.F.);
#3040=ORIENTED_EDGE('',*,*,#2353,.T.);
#3041=ORIENTED_EDGE('',*,*,#2355,.F.);
#3042=ORIENTED_EDGE('',*,*,#2356,.F.);
#3043=ORIENTED_EDGE('',*,*,#2357,.F.);
#3044=ORIENTED_EDGE('',*,*,#2356,.T.);
#3045=ORIENTED_EDGE('',*,*,#2358,.F.);
#3046=ORIENTED_EDGE('',*,*,#2359,.F.);
#3047=ORIENTED_EDGE('',*,*,#2360,.F.);
#3048=ORIENTED_EDGE('',*,*,#2359,.T.);
#3049=ORIENTED_EDGE('',*,*,#2361,.F.);
#3050=ORIENTED_EDGE('',*,*,#2362,.F.);
#3051=ORIENTED_EDGE('',*,*,#2363,.F.);
#3052=ORIENTED_EDGE('',*,*,#2362,.T.);
#3053=ORIENTED_EDGE('',*,*,#2364,.F.);
#3054=ORIENTED_EDGE('',*,*,#2258,.F.);
#3055=ORIENTED_EDGE('',*,*,#2365,.F.);
#3056=ORIENTED_EDGE('',*,*,#2366,.T.);
#3057=ORIENTED_EDGE('',*,*,#2367,.F.);
#3058=ORIENTED_EDGE('',*,*,#2368,.F.);
#3059=ORIENTED_EDGE('',*,*,#2369,.F.);
#3060=ORIENTED_EDGE('',*,*,#2368,.T.);
#3061=ORIENTED_EDGE('',*,*,#2370,.F.);
#3062=ORIENTED_EDGE('',*,*,#2371,.F.);
#3063=ORIENTED_EDGE('',*,*,#2372,.F.);
#3064=ORIENTED_EDGE('',*,*,#2371,.T.);
#3065=ORIENTED_EDGE('',*,*,#2373,.F.);
#3066=ORIENTED_EDGE('',*,*,#2374,.F.);
#3067=ORIENTED_EDGE('',*,*,#2375,.F.);
#3068=ORIENTED_EDGE('',*,*,#2374,.T.);
#3069=ORIENTED_EDGE('',*,*,#2376,.F.);
#3070=ORIENTED_EDGE('',*,*,#2366,.F.);
#3071=ORIENTED_EDGE('',*,*,#2377,.F.);
#3072=ORIENTED_EDGE('',*,*,#2378,.T.);
#3073=ORIENTED_EDGE('',*,*,#2379,.F.);
#3074=ORIENTED_EDGE('',*,*,#2380,.F.);
#3075=ORIENTED_EDGE('',*,*,#2381,.F.);
#3076=ORIENTED_EDGE('',*,*,#2380,.T.);
#3077=ORIENTED_EDGE('',*,*,#2382,.F.);
#3078=ORIENTED_EDGE('',*,*,#2383,.F.);
#3079=ORIENTED_EDGE('',*,*,#2384,.F.);
#3080=ORIENTED_EDGE('',*,*,#2383,.T.);
#3081=ORIENTED_EDGE('',*,*,#2385,.F.);
#3082=ORIENTED_EDGE('',*,*,#2386,.F.);
#3083=ORIENTED_EDGE('',*,*,#2387,.F.);
#3084=ORIENTED_EDGE('',*,*,#2386,.T.);
#3085=ORIENTED_EDGE('',*,*,#2388,.F.);
#3086=ORIENTED_EDGE('',*,*,#2378,.F.);
#3087=ORIENTED_EDGE('',*,*,#2389,.F.);
#3088=ORIENTED_EDGE('',*,*,#2390,.T.);
#3089=ORIENTED_EDGE('',*,*,#2391,.F.);
#3090=ORIENTED_EDGE('',*,*,#2392,.F.);
#3091=ORIENTED_EDGE('',*,*,#2393,.F.);
#3092=ORIENTED_EDGE('',*,*,#2392,.T.);
#3093=ORIENTED_EDGE('',*,*,#2394,.F.);
#3094=ORIENTED_EDGE('',*,*,#2395,.F.);
#3095=ORIENTED_EDGE('',*,*,#2396,.F.);
#3096=ORIENTED_EDGE('',*,*,#2395,.T.);
#3097=ORIENTED_EDGE('',*,*,#2397,.F.);
#3098=ORIENTED_EDGE('',*,*,#2398,.F.);
#3099=ORIENTED_EDGE('',*,*,#2399,.F.);
#3100=ORIENTED_EDGE('',*,*,#2398,.T.);
#3101=ORIENTED_EDGE('',*,*,#2400,.F.);
#3102=ORIENTED_EDGE('',*,*,#2390,.F.);
#3103=ORIENTED_EDGE('',*,*,#2401,.F.);
#3104=ORIENTED_EDGE('',*,*,#2402,.T.);
#3105=ORIENTED_EDGE('',*,*,#2403,.F.);
#3106=ORIENTED_EDGE('',*,*,#2404,.F.);
#3107=ORIENTED_EDGE('',*,*,#2405,.F.);
#3108=ORIENTED_EDGE('',*,*,#2404,.T.);
#3109=ORIENTED_EDGE('',*,*,#2406,.F.);
#3110=ORIENTED_EDGE('',*,*,#2407,.F.);
#3111=ORIENTED_EDGE('',*,*,#2408,.F.);
#3112=ORIENTED_EDGE('',*,*,#2407,.T.);
#3113=ORIENTED_EDGE('',*,*,#2409,.F.);
#3114=ORIENTED_EDGE('',*,*,#2410,.F.);
#3115=ORIENTED_EDGE('',*,*,#2411,.F.);
#3116=ORIENTED_EDGE('',*,*,#2410,.T.);
#3117=ORIENTED_EDGE('',*,*,#2412,.F.);
#3118=ORIENTED_EDGE('',*,*,#2413,.F.);
#3119=ORIENTED_EDGE('',*,*,#2414,.F.);
#3120=ORIENTED_EDGE('',*,*,#2413,.T.);
#3121=ORIENTED_EDGE('',*,*,#2415,.F.);
#3122=ORIENTED_EDGE('',*,*,#2416,.F.);
#3123=ORIENTED_EDGE('',*,*,#2417,.F.);
#3124=ORIENTED_EDGE('',*,*,#2416,.T.);
#3125=ORIENTED_EDGE('',*,*,#2418,.F.);
#3126=ORIENTED_EDGE('',*,*,#2419,.F.);
#3127=ORIENTED_EDGE('',*,*,#2420,.F.);
#3128=ORIENTED_EDGE('',*,*,#2419,.T.);
#3129=ORIENTED_EDGE('',*,*,#2421,.F.);
#3130=ORIENTED_EDGE('',*,*,#2422,.F.);
#3131=ORIENTED_EDGE('',*,*,#2423,.F.);
#3132=ORIENTED_EDGE('',*,*,#2422,.T.);
#3133=ORIENTED_EDGE('',*,*,#2424,.F.);
#3134=ORIENTED_EDGE('',*,*,#2425,.F.);
#3135=ORIENTED_EDGE('',*,*,#2426,.F.);
#3136=ORIENTED_EDGE('',*,*,#2425,.T.);
#3137=ORIENTED_EDGE('',*,*,#2427,.F.);
#3138=ORIENTED_EDGE('',*,*,#2428,.F.);
#3139=ORIENTED_EDGE('',*,*,#2429,.F.);
#3140=ORIENTED_EDGE('',*,*,#2428,.T.);
#3141=ORIENTED_EDGE('',*,*,#2430,.F.);
#3142=ORIENTED_EDGE('',*,*,#2431,.F.);
#3143=ORIENTED_EDGE('',*,*,#2432,.F.);
#3144=ORIENTED_EDGE('',*,*,#2431,.T.);
#3145=ORIENTED_EDGE('',*,*,#2433,.F.);
#3146=ORIENTED_EDGE('',*,*,#2434,.F.);
#3147=ORIENTED_EDGE('',*,*,#2435,.F.);
#3148=ORIENTED_EDGE('',*,*,#2434,.T.);
#3149=ORIENTED_EDGE('',*,*,#2436,.F.);
#3150=ORIENTED_EDGE('',*,*,#2437,.F.);
#3151=ORIENTED_EDGE('',*,*,#2438,.F.);
#3152=ORIENTED_EDGE('',*,*,#2437,.T.);
#3153=ORIENTED_EDGE('',*,*,#2439,.F.);
#3154=ORIENTED_EDGE('',*,*,#2440,.F.);
#3155=ORIENTED_EDGE('',*,*,#2441,.F.);
#3156=ORIENTED_EDGE('',*,*,#2440,.T.);
#3157=ORIENTED_EDGE('',*,*,#2442,.F.);
#3158=ORIENTED_EDGE('',*,*,#2443,.F.);
#3159=ORIENTED_EDGE('',*,*,#2444,.F.);
#3160=ORIENTED_EDGE('',*,*,#2443,.T.);
#3161=ORIENTED_EDGE('',*,*,#2445,.F.);
#3162=ORIENTED_EDGE('',*,*,#2446,.F.);
#3163=ORIENTED_EDGE('',*,*,#2447,.F.);
#3164=ORIENTED_EDGE('',*,*,#2446,.T.);
#3165=ORIENTED_EDGE('',*,*,#2448,.F.);
#3166=ORIENTED_EDGE('',*,*,#2449,.F.);
#3167=ORIENTED_EDGE('',*,*,#2450,.F.);
#3168=ORIENTED_EDGE('',*,*,#2449,.T.);
#3169=ORIENTED_EDGE('',*,*,#2451,.F.);
#3170=ORIENTED_EDGE('',*,*,#2452,.F.);
#3171=ORIENTED_EDGE('',*,*,#2453,.F.);
#3172=ORIENTED_EDGE('',*,*,#2452,.T.);
#3173=ORIENTED_EDGE('',*,*,#2454,.F.);
#3174=ORIENTED_EDGE('',*,*,#2455,.F.);
#3175=ORIENTED_EDGE('',*,*,#2456,.F.);
#3176=ORIENTED_EDGE('',*,*,#2455,.T.);
#3177=ORIENTED_EDGE('',*,*,#2457,.F.);
#3178=ORIENTED_EDGE('',*,*,#2458,.F.);
#3179=ORIENTED_EDGE('',*,*,#2459,.F.);
#3180=ORIENTED_EDGE('',*,*,#2458,.T.);
#3181=ORIENTED_EDGE('',*,*,#2460,.F.);
#3182=ORIENTED_EDGE('',*,*,#2461,.F.);
#3183=ORIENTED_EDGE('',*,*,#2462,.F.);
#3184=ORIENTED_EDGE('',*,*,#2461,.T.);
#3185=ORIENTED_EDGE('',*,*,#2463,.F.);
#3186=ORIENTED_EDGE('',*,*,#2464,.F.);
#3187=ORIENTED_EDGE('',*,*,#2465,.F.);
#3188=ORIENTED_EDGE('',*,*,#2464,.T.);
#3189=ORIENTED_EDGE('',*,*,#2466,.F.);
#3190=ORIENTED_EDGE('',*,*,#2467,.F.);
#3191=ORIENTED_EDGE('',*,*,#2468,.F.);
#3192=ORIENTED_EDGE('',*,*,#2467,.T.);
#3193=ORIENTED_EDGE('',*,*,#2469,.F.);
#3194=ORIENTED_EDGE('',*,*,#2470,.F.);
#3195=ORIENTED_EDGE('',*,*,#2471,.F.);
#3196=ORIENTED_EDGE('',*,*,#2470,.T.);
#3197=ORIENTED_EDGE('',*,*,#2472,.F.);
#3198=ORIENTED_EDGE('',*,*,#2473,.F.);
#3199=ORIENTED_EDGE('',*,*,#2474,.F.);
#3200=ORIENTED_EDGE('',*,*,#2473,.T.);
#3201=ORIENTED_EDGE('',*,*,#2475,.F.);
#3202=ORIENTED_EDGE('',*,*,#2476,.F.);
#3203=ORIENTED_EDGE('',*,*,#2477,.F.);
#3204=ORIENTED_EDGE('',*,*,#2476,.T.);
#3205=ORIENTED_EDGE('',*,*,#2478,.F.);
#3206=ORIENTED_EDGE('',*,*,#2479,.F.);
#3207=ORIENTED_EDGE('',*,*,#2480,.F.);
#3208=ORIENTED_EDGE('',*,*,#2479,.T.);
#3209=ORIENTED_EDGE('',*,*,#2481,.F.);
#3210=ORIENTED_EDGE('',*,*,#2482,.F.);
#3211=ORIENTED_EDGE('',*,*,#2483,.F.);
#3212=ORIENTED_EDGE('',*,*,#2482,.T.);
#3213=ORIENTED_EDGE('',*,*,#2484,.F.);
#3214=ORIENTED_EDGE('',*,*,#2485,.F.);
#3215=ORIENTED_EDGE('',*,*,#2486,.F.);
#3216=ORIENTED_EDGE('',*,*,#2485,.T.);
#3217=ORIENTED_EDGE('',*,*,#2487,.F.);
#3218=ORIENTED_EDGE('',*,*,#2488,.F.);
#3219=ORIENTED_EDGE('',*,*,#2489,.F.);
#3220=ORIENTED_EDGE('',*,*,#2488,.T.);
#3221=ORIENTED_EDGE('',*,*,#2490,.F.);
#3222=ORIENTED_EDGE('',*,*,#2491,.F.);
#3223=ORIENTED_EDGE('',*,*,#2492,.F.);
#3224=ORIENTED_EDGE('',*,*,#2491,.T.);
#3225=ORIENTED_EDGE('',*,*,#2493,.F.);
#3226=ORIENTED_EDGE('',*,*,#2494,.F.);
#3227=ORIENTED_EDGE('',*,*,#2495,.F.);
#3228=ORIENTED_EDGE('',*,*,#2494,.T.);
#3229=ORIENTED_EDGE('',*,*,#2496,.F.);
#3230=ORIENTED_EDGE('',*,*,#2497,.F.);
#3231=ORIENTED_EDGE('',*,*,#2498,.F.);
#3232=ORIENTED_EDGE('',*,*,#2497,.T.);
#3233=ORIENTED_EDGE('',*,*,#2499,.F.);
#3234=ORIENTED_EDGE('',*,*,#2500,.F.);
#3235=ORIENTED_EDGE('',*,*,#2501,.F.);
#3236=ORIENTED_EDGE('',*,*,#2500,.T.);
#3237=ORIENTED_EDGE('',*,*,#2502,.F.);
#3238=ORIENTED_EDGE('',*,*,#2503,.F.);
#3239=ORIENTED_EDGE('',*,*,#2504,.F.);
#3240=ORIENTED_EDGE('',*,*,#2503,.T.);
#3241=ORIENTED_EDGE('',*,*,#2505,.F.);
#3242=ORIENTED_EDGE('',*,*,#2506,.F.);
#3243=ORIENTED_EDGE('',*,*,#2507,.F.);
#3244=ORIENTED_EDGE('',*,*,#2506,.T.);
#3245=ORIENTED_EDGE('',*,*,#2508,.F.);
#3246=ORIENTED_EDGE('',*,*,#2402,.F.);
#3247=ORIENTED_EDGE('',*,*,#2509,.F.);
#3248=ORIENTED_EDGE('',*,*,#2510,.T.);
#3249=ORIENTED_EDGE('',*,*,#2511,.F.);
#3250=ORIENTED_EDGE('',*,*,#2512,.F.);
#3251=ORIENTED_EDGE('',*,*,#2513,.F.);
#3252=ORIENTED_EDGE('',*,*,#2512,.T.);
#3253=ORIENTED_EDGE('',*,*,#2514,.F.);
#3254=ORIENTED_EDGE('',*,*,#2515,.F.);
#3255=ORIENTED_EDGE('',*,*,#2516,.F.);
#3256=ORIENTED_EDGE('',*,*,#2515,.T.);
#3257=ORIENTED_EDGE('',*,*,#2517,.F.);
#3258=ORIENTED_EDGE('',*,*,#2518,.F.);
#3259=ORIENTED_EDGE('',*,*,#2519,.F.);
#3260=ORIENTED_EDGE('',*,*,#2518,.T.);
#3261=ORIENTED_EDGE('',*,*,#2520,.F.);
#3262=ORIENTED_EDGE('',*,*,#2510,.F.);
#3263=ORIENTED_EDGE('',*,*,#2521,.F.);
#3264=ORIENTED_EDGE('',*,*,#2522,.T.);
#3265=ORIENTED_EDGE('',*,*,#2523,.F.);
#3266=ORIENTED_EDGE('',*,*,#2524,.F.);
#3267=ORIENTED_EDGE('',*,*,#2525,.F.);
#3268=ORIENTED_EDGE('',*,*,#2524,.T.);
#3269=ORIENTED_EDGE('',*,*,#2526,.F.);
#3270=ORIENTED_EDGE('',*,*,#2527,.F.);
#3271=ORIENTED_EDGE('',*,*,#2528,.F.);
#3272=ORIENTED_EDGE('',*,*,#2527,.T.);
#3273=ORIENTED_EDGE('',*,*,#2529,.F.);
#3274=ORIENTED_EDGE('',*,*,#2530,.F.);
#3275=ORIENTED_EDGE('',*,*,#2531,.F.);
#3276=ORIENTED_EDGE('',*,*,#2530,.T.);
#3277=ORIENTED_EDGE('',*,*,#2532,.F.);
#3278=ORIENTED_EDGE('',*,*,#2522,.F.);
#3279=ORIENTED_EDGE('',*,*,#2533,.F.);
#3280=ORIENTED_EDGE('',*,*,#2534,.T.);
#3281=ORIENTED_EDGE('',*,*,#2535,.F.);
#3282=ORIENTED_EDGE('',*,*,#2536,.F.);
#3283=ORIENTED_EDGE('',*,*,#2537,.F.);
#3284=ORIENTED_EDGE('',*,*,#2536,.T.);
#3285=ORIENTED_EDGE('',*,*,#2538,.F.);
#3286=ORIENTED_EDGE('',*,*,#2539,.F.);
#3287=ORIENTED_EDGE('',*,*,#2540,.F.);
#3288=ORIENTED_EDGE('',*,*,#2539,.T.);
#3289=ORIENTED_EDGE('',*,*,#2541,.F.);
#3290=ORIENTED_EDGE('',*,*,#2542,.F.);
#3291=ORIENTED_EDGE('',*,*,#2543,.F.);
#3292=ORIENTED_EDGE('',*,*,#2542,.T.);
#3293=ORIENTED_EDGE('',*,*,#2544,.F.);
#3294=ORIENTED_EDGE('',*,*,#2534,.F.);
#3295=ORIENTED_EDGE('',*,*,#2545,.F.);
#3296=ORIENTED_EDGE('',*,*,#2546,.T.);
#3297=ORIENTED_EDGE('',*,*,#2547,.F.);
#3298=ORIENTED_EDGE('',*,*,#2548,.F.);
#3299=ORIENTED_EDGE('',*,*,#2549,.F.);
#3300=ORIENTED_EDGE('',*,*,#2548,.T.);
#3301=ORIENTED_EDGE('',*,*,#2550,.F.);
#3302=ORIENTED_EDGE('',*,*,#2551,.F.);
#3303=ORIENTED_EDGE('',*,*,#2552,.F.);
#3304=ORIENTED_EDGE('',*,*,#2551,.T.);
#3305=ORIENTED_EDGE('',*,*,#2553,.F.);
#3306=ORIENTED_EDGE('',*,*,#2554,.F.);
#3307=ORIENTED_EDGE('',*,*,#2555,.F.);
#3308=ORIENTED_EDGE('',*,*,#2554,.T.);
#3309=ORIENTED_EDGE('',*,*,#2556,.F.);
#3310=ORIENTED_EDGE('',*,*,#2546,.F.);
#3311=ORIENTED_EDGE('',*,*,#2557,.F.);
#3312=ORIENTED_EDGE('',*,*,#2558,.T.);
#3313=ORIENTED_EDGE('',*,*,#2559,.F.);
#3314=ORIENTED_EDGE('',*,*,#2560,.F.);
#3315=ORIENTED_EDGE('',*,*,#2561,.F.);
#3316=ORIENTED_EDGE('',*,*,#2560,.T.);
#3317=ORIENTED_EDGE('',*,*,#2562,.F.);
#3318=ORIENTED_EDGE('',*,*,#2563,.F.);
#3319=ORIENTED_EDGE('',*,*,#2564,.F.);
#3320=ORIENTED_EDGE('',*,*,#2563,.T.);
#3321=ORIENTED_EDGE('',*,*,#2565,.F.);
#3322=ORIENTED_EDGE('',*,*,#2566,.F.);
#3323=ORIENTED_EDGE('',*,*,#2567,.F.);
#3324=ORIENTED_EDGE('',*,*,#2566,.T.);
#3325=ORIENTED_EDGE('',*,*,#2568,.F.);
#3326=ORIENTED_EDGE('',*,*,#2558,.F.);
#3327=ORIENTED_EDGE('',*,*,#2569,.F.);
#3328=ORIENTED_EDGE('',*,*,#2570,.T.);
#3329=ORIENTED_EDGE('',*,*,#2571,.F.);
#3330=ORIENTED_EDGE('',*,*,#2572,.F.);
#3331=ORIENTED_EDGE('',*,*,#2573,.F.);
#3332=ORIENTED_EDGE('',*,*,#2572,.T.);
#3333=ORIENTED_EDGE('',*,*,#2574,.F.);
#3334=ORIENTED_EDGE('',*,*,#2575,.F.);
#3335=ORIENTED_EDGE('',*,*,#2576,.F.);
#3336=ORIENTED_EDGE('',*,*,#2575,.T.);
#3337=ORIENTED_EDGE('',*,*,#2577,.F.);
#3338=ORIENTED_EDGE('',*,*,#2578,.F.);
#3339=ORIENTED_EDGE('',*,*,#2579,.F.);
#3340=ORIENTED_EDGE('',*,*,#2578,.T.);
#3341=ORIENTED_EDGE('',*,*,#2580,.F.);
#3342=ORIENTED_EDGE('',*,*,#2570,.F.);
#3343=ORIENTED_EDGE('',*,*,#2581,.F.);
#3344=ORIENTED_EDGE('',*,*,#2582,.T.);
#3345=ORIENTED_EDGE('',*,*,#2583,.F.);
#3346=ORIENTED_EDGE('',*,*,#2584,.F.);
#3347=ORIENTED_EDGE('',*,*,#2585,.F.);
#3348=ORIENTED_EDGE('',*,*,#2584,.T.);
#3349=ORIENTED_EDGE('',*,*,#2586,.F.);
#3350=ORIENTED_EDGE('',*,*,#2587,.F.);
#3351=ORIENTED_EDGE('',*,*,#2588,.F.);
#3352=ORIENTED_EDGE('',*,*,#2587,.T.);
#3353=ORIENTED_EDGE('',*,*,#2589,.F.);
#3354=ORIENTED_EDGE('',*,*,#2590,.F.);
#3355=ORIENTED_EDGE('',*,*,#2591,.F.);
#3356=ORIENTED_EDGE('',*,*,#2590,.T.);
#3357=ORIENTED_EDGE('',*,*,#2592,.F.);
#3358=ORIENTED_EDGE('',*,*,#2582,.F.);
#3359=ORIENTED_EDGE('',*,*,#2593,.F.);
#3360=ORIENTED_EDGE('',*,*,#2594,.T.);
#3361=ORIENTED_EDGE('',*,*,#2595,.F.);
#3362=ORIENTED_EDGE('',*,*,#2596,.F.);
#3363=ORIENTED_EDGE('',*,*,#2597,.F.);
#3364=ORIENTED_EDGE('',*,*,#2596,.T.);
#3365=ORIENTED_EDGE('',*,*,#2598,.F.);
#3366=ORIENTED_EDGE('',*,*,#2599,.F.);
#3367=ORIENTED_EDGE('',*,*,#2600,.F.);
#3368=ORIENTED_EDGE('',*,*,#2599,.T.);
#3369=ORIENTED_EDGE('',*,*,#2601,.F.);
#3370=ORIENTED_EDGE('',*,*,#2602,.F.);
#3371=ORIENTED_EDGE('',*,*,#2603,.F.);
#3372=ORIENTED_EDGE('',*,*,#2602,.T.);
#3373=ORIENTED_EDGE('',*,*,#2604,.F.);
#3374=ORIENTED_EDGE('',*,*,#2594,.F.);
#3375=ORIENTED_EDGE('',*,*,#2605,.F.);
#3376=ORIENTED_EDGE('',*,*,#2606,.T.);
#3377=ORIENTED_EDGE('',*,*,#2607,.F.);
#3378=ORIENTED_EDGE('',*,*,#2608,.F.);
#3379=ORIENTED_EDGE('',*,*,#2609,.F.);
#3380=ORIENTED_EDGE('',*,*,#2608,.T.);
#3381=ORIENTED_EDGE('',*,*,#2610,.F.);
#3382=ORIENTED_EDGE('',*,*,#2611,.F.);
#3383=ORIENTED_EDGE('',*,*,#2612,.F.);
#3384=ORIENTED_EDGE('',*,*,#2611,.T.);
#3385=ORIENTED_EDGE('',*,*,#2613,.F.);
#3386=ORIENTED_EDGE('',*,*,#2614,.F.);
#3387=ORIENTED_EDGE('',*,*,#2615,.F.);
#3388=ORIENTED_EDGE('',*,*,#2614,.T.);
#3389=ORIENTED_EDGE('',*,*,#2616,.F.);
#3390=ORIENTED_EDGE('',*,*,#2606,.F.);
#3391=ORIENTED_EDGE('',*,*,#2617,.F.);
#3392=ORIENTED_EDGE('',*,*,#2618,.T.);
#3393=ORIENTED_EDGE('',*,*,#2619,.F.);
#3394=ORIENTED_EDGE('',*,*,#2620,.F.);
#3395=ORIENTED_EDGE('',*,*,#2621,.F.);
#3396=ORIENTED_EDGE('',*,*,#2620,.T.);
#3397=ORIENTED_EDGE('',*,*,#2622,.F.);
#3398=ORIENTED_EDGE('',*,*,#2623,.F.);
#3399=ORIENTED_EDGE('',*,*,#2624,.F.);
#3400=ORIENTED_EDGE('',*,*,#2623,.T.);
#3401=ORIENTED_EDGE('',*,*,#2625,.F.);
#3402=ORIENTED_EDGE('',*,*,#2626,.F.);
#3403=ORIENTED_EDGE('',*,*,#2627,.F.);
#3404=ORIENTED_EDGE('',*,*,#2626,.T.);
#3405=ORIENTED_EDGE('',*,*,#2628,.F.);
#3406=ORIENTED_EDGE('',*,*,#2618,.F.);
#3407=ORIENTED_EDGE('',*,*,#2629,.T.);
#3408=ORIENTED_EDGE('',*,*,#2630,.T.);
#3409=ORIENTED_EDGE('',*,*,#2631,.F.);
#3410=ORIENTED_EDGE('',*,*,#2632,.F.);
#3411=ORIENTED_EDGE('',*,*,#2633,.F.);
#3412=ORIENTED_EDGE('',*,*,#2632,.T.);
#3413=ORIENTED_EDGE('',*,*,#2634,.F.);
#3414=ORIENTED_EDGE('',*,*,#2135,.F.);
#3415=ORIENTED_EDGE('',*,*,#2635,.F.);
#3416=ORIENTED_EDGE('',*,*,#2133,.T.);
#3417=ORIENTED_EDGE('',*,*,#2636,.F.);
#3418=ORIENTED_EDGE('',*,*,#2637,.F.);
#3419=ORIENTED_EDGE('',*,*,#2638,.F.);
#3420=ORIENTED_EDGE('',*,*,#2637,.T.);
#3421=ORIENTED_EDGE('',*,*,#2639,.F.);
#3422=ORIENTED_EDGE('',*,*,#2640,.F.);
#3423=ORIENTED_EDGE('',*,*,#2641,.F.);
#3424=ORIENTED_EDGE('',*,*,#2640,.T.);
#3425=ORIENTED_EDGE('',*,*,#2642,.F.);
#3426=ORIENTED_EDGE('',*,*,#2643,.F.);
#3427=ORIENTED_EDGE('',*,*,#2644,.F.);
#3428=ORIENTED_EDGE('',*,*,#2643,.T.);
#3429=ORIENTED_EDGE('',*,*,#2645,.F.);
#3430=ORIENTED_EDGE('',*,*,#2646,.F.);
#3431=ORIENTED_EDGE('',*,*,#2647,.F.);
#3432=ORIENTED_EDGE('',*,*,#2646,.T.);
#3433=ORIENTED_EDGE('',*,*,#2648,.F.);
#3434=ORIENTED_EDGE('',*,*,#2649,.F.);
#3435=ORIENTED_EDGE('',*,*,#2650,.F.);
#3436=ORIENTED_EDGE('',*,*,#2649,.T.);
#3437=ORIENTED_EDGE('',*,*,#2651,.F.);
#3438=ORIENTED_EDGE('',*,*,#2652,.F.);
#3439=ORIENTED_EDGE('',*,*,#2653,.F.);
#3440=ORIENTED_EDGE('',*,*,#2652,.T.);
#3441=ORIENTED_EDGE('',*,*,#2654,.F.);
#3442=ORIENTED_EDGE('',*,*,#2655,.F.);
#3443=ORIENTED_EDGE('',*,*,#2656,.F.);
#3444=ORIENTED_EDGE('',*,*,#2655,.T.);
#3445=ORIENTED_EDGE('',*,*,#2657,.F.);
#3446=ORIENTED_EDGE('',*,*,#2658,.F.);
#3447=ORIENTED_EDGE('',*,*,#2659,.F.);
#3448=ORIENTED_EDGE('',*,*,#2658,.T.);
#3449=ORIENTED_EDGE('',*,*,#2660,.F.);
#3450=ORIENTED_EDGE('',*,*,#2661,.F.);
#3451=ORIENTED_EDGE('',*,*,#2662,.T.);
#3452=ORIENTED_EDGE('',*,*,#2661,.T.);
#3453=ORIENTED_EDGE('',*,*,#2663,.F.);
#3454=ORIENTED_EDGE('',*,*,#2664,.F.);
#3455=ORIENTED_EDGE('',*,*,#2665,.T.);
#3456=ORIENTED_EDGE('',*,*,#2664,.T.);
#3457=ORIENTED_EDGE('',*,*,#2666,.F.);
#3458=ORIENTED_EDGE('',*,*,#2667,.F.);
#3459=ORIENTED_EDGE('',*,*,#2668,.T.);
#3460=ORIENTED_EDGE('',*,*,#2667,.T.);
#3461=ORIENTED_EDGE('',*,*,#2669,.F.);
#3462=ORIENTED_EDGE('',*,*,#2670,.F.);
#3463=ORIENTED_EDGE('',*,*,#2671,.T.);
#3464=ORIENTED_EDGE('',*,*,#2670,.T.);
#3465=ORIENTED_EDGE('',*,*,#2672,.F.);
#3466=ORIENTED_EDGE('',*,*,#2673,.F.);
#3467=ORIENTED_EDGE('',*,*,#2674,.T.);
#3468=ORIENTED_EDGE('',*,*,#2673,.T.);
#3469=ORIENTED_EDGE('',*,*,#2675,.F.);
#3470=ORIENTED_EDGE('',*,*,#2676,.F.);
#3471=ORIENTED_EDGE('',*,*,#2677,.T.);
#3472=ORIENTED_EDGE('',*,*,#2676,.T.);
#3473=ORIENTED_EDGE('',*,*,#2678,.F.);
#3474=ORIENTED_EDGE('',*,*,#2679,.F.);
#3475=ORIENTED_EDGE('',*,*,#2680,.T.);
#3476=ORIENTED_EDGE('',*,*,#2679,.T.);
#3477=ORIENTED_EDGE('',*,*,#2681,.F.);
#3478=ORIENTED_EDGE('',*,*,#2682,.F.);
#3479=ORIENTED_EDGE('',*,*,#2683,.F.);
#3480=ORIENTED_EDGE('',*,*,#2682,.T.);
#3481=ORIENTED_EDGE('',*,*,#2684,.F.);
#3482=ORIENTED_EDGE('',*,*,#2685,.F.);
#3483=ORIENTED_EDGE('',*,*,#2686,.T.);
#3484=ORIENTED_EDGE('',*,*,#2685,.T.);
#3485=ORIENTED_EDGE('',*,*,#2687,.F.);
#3486=ORIENTED_EDGE('',*,*,#2688,.F.);
#3487=ORIENTED_EDGE('',*,*,#2689,.T.);
#3488=ORIENTED_EDGE('',*,*,#2688,.T.);
#3489=ORIENTED_EDGE('',*,*,#2690,.F.);
#3490=ORIENTED_EDGE('',*,*,#2691,.F.);
#3491=ORIENTED_EDGE('',*,*,#2692,.F.);
#3492=ORIENTED_EDGE('',*,*,#2691,.T.);
#3493=ORIENTED_EDGE('',*,*,#2693,.F.);
#3494=ORIENTED_EDGE('',*,*,#2694,.F.);
#3495=ORIENTED_EDGE('',*,*,#2695,.F.);
#3496=ORIENTED_EDGE('',*,*,#2694,.T.);
#3497=ORIENTED_EDGE('',*,*,#2696,.F.);
#3498=ORIENTED_EDGE('',*,*,#2697,.F.);
#3499=ORIENTED_EDGE('',*,*,#2698,.F.);
#3500=ORIENTED_EDGE('',*,*,#2697,.T.);
#3501=ORIENTED_EDGE('',*,*,#2699,.F.);
#3502=ORIENTED_EDGE('',*,*,#2700,.F.);
#3503=ORIENTED_EDGE('',*,*,#2701,.F.);
#3504=ORIENTED_EDGE('',*,*,#2700,.T.);
#3505=ORIENTED_EDGE('',*,*,#2702,.F.);
#3506=ORIENTED_EDGE('',*,*,#2703,.F.);
#3507=ORIENTED_EDGE('',*,*,#2704,.F.);
#3508=ORIENTED_EDGE('',*,*,#2703,.T.);
#3509=ORIENTED_EDGE('',*,*,#2705,.F.);
#3510=ORIENTED_EDGE('',*,*,#2706,.F.);
#3511=ORIENTED_EDGE('',*,*,#2707,.F.);
#3512=ORIENTED_EDGE('',*,*,#2706,.T.);
#3513=ORIENTED_EDGE('',*,*,#2708,.F.);
#3514=ORIENTED_EDGE('',*,*,#2709,.F.);
#3515=ORIENTED_EDGE('',*,*,#2710,.F.);
#3516=ORIENTED_EDGE('',*,*,#2709,.T.);
#3517=ORIENTED_EDGE('',*,*,#2711,.F.);
#3518=ORIENTED_EDGE('',*,*,#2712,.F.);
#3519=ORIENTED_EDGE('',*,*,#2713,.T.);
#3520=ORIENTED_EDGE('',*,*,#2712,.T.);
#3521=ORIENTED_EDGE('',*,*,#2714,.F.);
#3522=ORIENTED_EDGE('',*,*,#2715,.F.);
#3523=ORIENTED_EDGE('',*,*,#2716,.T.);
#3524=ORIENTED_EDGE('',*,*,#2715,.T.);
#3525=ORIENTED_EDGE('',*,*,#2717,.F.);
#3526=ORIENTED_EDGE('',*,*,#2718,.F.);
#3527=ORIENTED_EDGE('',*,*,#2719,.T.);
#3528=ORIENTED_EDGE('',*,*,#2718,.T.);
#3529=ORIENTED_EDGE('',*,*,#2720,.F.);
#3530=ORIENTED_EDGE('',*,*,#2721,.F.);
#3531=ORIENTED_EDGE('',*,*,#2722,.T.);
#3532=ORIENTED_EDGE('',*,*,#2721,.T.);
#3533=ORIENTED_EDGE('',*,*,#2723,.F.);
#3534=ORIENTED_EDGE('',*,*,#2724,.F.);
#3535=ORIENTED_EDGE('',*,*,#2725,.T.);
#3536=ORIENTED_EDGE('',*,*,#2724,.T.);
#3537=ORIENTED_EDGE('',*,*,#2726,.F.);
#3538=ORIENTED_EDGE('',*,*,#2727,.F.);
#3539=ORIENTED_EDGE('',*,*,#2728,.T.);
#3540=ORIENTED_EDGE('',*,*,#2727,.T.);
#3541=ORIENTED_EDGE('',*,*,#2729,.F.);
#3542=ORIENTED_EDGE('',*,*,#2730,.F.);
#3543=ORIENTED_EDGE('',*,*,#2731,.T.);
#3544=ORIENTED_EDGE('',*,*,#2730,.T.);
#3545=ORIENTED_EDGE('',*,*,#2732,.F.);
#3546=ORIENTED_EDGE('',*,*,#2733,.F.);
#3547=ORIENTED_EDGE('',*,*,#2734,.T.);
#3548=ORIENTED_EDGE('',*,*,#2733,.T.);
#3549=ORIENTED_EDGE('',*,*,#2735,.F.);
#3550=ORIENTED_EDGE('',*,*,#2736,.F.);
#3551=ORIENTED_EDGE('',*,*,#2737,.T.);
#3552=ORIENTED_EDGE('',*,*,#2736,.T.);
#3553=ORIENTED_EDGE('',*,*,#2738,.F.);
#3554=ORIENTED_EDGE('',*,*,#2630,.F.);
#3555=ORIENTED_EDGE('',*,*,#2738,.T.);
#3556=ORIENTED_EDGE('',*,*,#2735,.T.);
#3557=ORIENTED_EDGE('',*,*,#2732,.T.);
#3558=ORIENTED_EDGE('',*,*,#2729,.T.);
#3559=ORIENTED_EDGE('',*,*,#2726,.T.);
#3560=ORIENTED_EDGE('',*,*,#2723,.T.);
#3561=ORIENTED_EDGE('',*,*,#2720,.T.);
#3562=ORIENTED_EDGE('',*,*,#2717,.T.);
#3563=ORIENTED_EDGE('',*,*,#2714,.T.);
#3564=ORIENTED_EDGE('',*,*,#2711,.T.);
#3565=ORIENTED_EDGE('',*,*,#2708,.T.);
#3566=ORIENTED_EDGE('',*,*,#2705,.T.);
#3567=ORIENTED_EDGE('',*,*,#2702,.T.);
#3568=ORIENTED_EDGE('',*,*,#2699,.T.);
#3569=ORIENTED_EDGE('',*,*,#2696,.T.);
#3570=ORIENTED_EDGE('',*,*,#2693,.T.);
#3571=ORIENTED_EDGE('',*,*,#2690,.T.);
#3572=ORIENTED_EDGE('',*,*,#2687,.T.);
#3573=ORIENTED_EDGE('',*,*,#2684,.T.);
#3574=ORIENTED_EDGE('',*,*,#2681,.T.);
#3575=ORIENTED_EDGE('',*,*,#2678,.T.);
#3576=ORIENTED_EDGE('',*,*,#2675,.T.);
#3577=ORIENTED_EDGE('',*,*,#2672,.T.);
#3578=ORIENTED_EDGE('',*,*,#2669,.T.);
#3579=ORIENTED_EDGE('',*,*,#2666,.T.);
#3580=ORIENTED_EDGE('',*,*,#2663,.T.);
#3581=ORIENTED_EDGE('',*,*,#2660,.T.);
#3582=ORIENTED_EDGE('',*,*,#2657,.T.);
#3583=ORIENTED_EDGE('',*,*,#2654,.T.);
#3584=ORIENTED_EDGE('',*,*,#2651,.T.);
#3585=ORIENTED_EDGE('',*,*,#2648,.T.);
#3586=ORIENTED_EDGE('',*,*,#2645,.T.);
#3587=ORIENTED_EDGE('',*,*,#2642,.T.);
#3588=ORIENTED_EDGE('',*,*,#2639,.T.);
#3589=ORIENTED_EDGE('',*,*,#2636,.T.);
#3590=ORIENTED_EDGE('',*,*,#2132,.T.);
#3591=ORIENTED_EDGE('',*,*,#2129,.T.);
#3592=ORIENTED_EDGE('',*,*,#2136,.T.);
#3593=ORIENTED_EDGE('',*,*,#2634,.T.);
#3594=ORIENTED_EDGE('',*,*,#2631,.T.);
#3595=ORIENTED_EDGE('',*,*,#2628,.T.);
#3596=ORIENTED_EDGE('',*,*,#2625,.T.);
#3597=ORIENTED_EDGE('',*,*,#2622,.T.);
#3598=ORIENTED_EDGE('',*,*,#2619,.T.);
#3599=ORIENTED_EDGE('',*,*,#2616,.T.);
#3600=ORIENTED_EDGE('',*,*,#2613,.T.);
#3601=ORIENTED_EDGE('',*,*,#2610,.T.);
#3602=ORIENTED_EDGE('',*,*,#2607,.T.);
#3603=ORIENTED_EDGE('',*,*,#2604,.T.);
#3604=ORIENTED_EDGE('',*,*,#2601,.T.);
#3605=ORIENTED_EDGE('',*,*,#2598,.T.);
#3606=ORIENTED_EDGE('',*,*,#2595,.T.);
#3607=ORIENTED_EDGE('',*,*,#2592,.T.);
#3608=ORIENTED_EDGE('',*,*,#2589,.T.);
#3609=ORIENTED_EDGE('',*,*,#2586,.T.);
#3610=ORIENTED_EDGE('',*,*,#2583,.T.);
#3611=ORIENTED_EDGE('',*,*,#2580,.T.);
#3612=ORIENTED_EDGE('',*,*,#2577,.T.);
#3613=ORIENTED_EDGE('',*,*,#2574,.T.);
#3614=ORIENTED_EDGE('',*,*,#2571,.T.);
#3615=ORIENTED_EDGE('',*,*,#2568,.T.);
#3616=ORIENTED_EDGE('',*,*,#2565,.T.);
#3617=ORIENTED_EDGE('',*,*,#2562,.T.);
#3618=ORIENTED_EDGE('',*,*,#2559,.T.);
#3619=ORIENTED_EDGE('',*,*,#2556,.T.);
#3620=ORIENTED_EDGE('',*,*,#2553,.T.);
#3621=ORIENTED_EDGE('',*,*,#2550,.T.);
#3622=ORIENTED_EDGE('',*,*,#2547,.T.);
#3623=ORIENTED_EDGE('',*,*,#2544,.T.);
#3624=ORIENTED_EDGE('',*,*,#2541,.T.);
#3625=ORIENTED_EDGE('',*,*,#2538,.T.);
#3626=ORIENTED_EDGE('',*,*,#2535,.T.);
#3627=ORIENTED_EDGE('',*,*,#2532,.T.);
#3628=ORIENTED_EDGE('',*,*,#2529,.T.);
#3629=ORIENTED_EDGE('',*,*,#2526,.T.);
#3630=ORIENTED_EDGE('',*,*,#2523,.T.);
#3631=ORIENTED_EDGE('',*,*,#2520,.T.);
#3632=ORIENTED_EDGE('',*,*,#2517,.T.);
#3633=ORIENTED_EDGE('',*,*,#2514,.T.);
#3634=ORIENTED_EDGE('',*,*,#2511,.T.);
#3635=ORIENTED_EDGE('',*,*,#2508,.T.);
#3636=ORIENTED_EDGE('',*,*,#2505,.T.);
#3637=ORIENTED_EDGE('',*,*,#2502,.T.);
#3638=ORIENTED_EDGE('',*,*,#2499,.T.);
#3639=ORIENTED_EDGE('',*,*,#2496,.T.);
#3640=ORIENTED_EDGE('',*,*,#2493,.T.);
#3641=ORIENTED_EDGE('',*,*,#2490,.T.);
#3642=ORIENTED_EDGE('',*,*,#2487,.T.);
#3643=ORIENTED_EDGE('',*,*,#2484,.T.);
#3644=ORIENTED_EDGE('',*,*,#2481,.T.);
#3645=ORIENTED_EDGE('',*,*,#2478,.T.);
#3646=ORIENTED_EDGE('',*,*,#2475,.T.);
#3647=ORIENTED_EDGE('',*,*,#2472,.T.);
#3648=ORIENTED_EDGE('',*,*,#2469,.T.);
#3649=ORIENTED_EDGE('',*,*,#2466,.T.);
#3650=ORIENTED_EDGE('',*,*,#2463,.T.);
#3651=ORIENTED_EDGE('',*,*,#2460,.T.);
#3652=ORIENTED_EDGE('',*,*,#2457,.T.);
#3653=ORIENTED_EDGE('',*,*,#2454,.T.);
#3654=ORIENTED_EDGE('',*,*,#2451,.T.);
#3655=ORIENTED_EDGE('',*,*,#2448,.T.);
#3656=ORIENTED_EDGE('',*,*,#2445,.T.);
#3657=ORIENTED_EDGE('',*,*,#2442,.T.);
#3658=ORIENTED_EDGE('',*,*,#2439,.T.);
#3659=ORIENTED_EDGE('',*,*,#2436,.T.);
#3660=ORIENTED_EDGE('',*,*,#2433,.T.);
#3661=ORIENTED_EDGE('',*,*,#2430,.T.);
#3662=ORIENTED_EDGE('',*,*,#2427,.T.);
#3663=ORIENTED_EDGE('',*,*,#2424,.T.);
#3664=ORIENTED_EDGE('',*,*,#2421,.T.);
#3665=ORIENTED_EDGE('',*,*,#2418,.T.);
#3666=ORIENTED_EDGE('',*,*,#2415,.T.);
#3667=ORIENTED_EDGE('',*,*,#2412,.T.);
#3668=ORIENTED_EDGE('',*,*,#2409,.T.);
#3669=ORIENTED_EDGE('',*,*,#2406,.T.);
#3670=ORIENTED_EDGE('',*,*,#2403,.T.);
#3671=ORIENTED_EDGE('',*,*,#2400,.T.);
#3672=ORIENTED_EDGE('',*,*,#2397,.T.);
#3673=ORIENTED_EDGE('',*,*,#2394,.T.);
#3674=ORIENTED_EDGE('',*,*,#2391,.T.);
#3675=ORIENTED_EDGE('',*,*,#2388,.T.);
#3676=ORIENTED_EDGE('',*,*,#2385,.T.);
#3677=ORIENTED_EDGE('',*,*,#2382,.T.);
#3678=ORIENTED_EDGE('',*,*,#2379,.T.);
#3679=ORIENTED_EDGE('',*,*,#2376,.T.);
#3680=ORIENTED_EDGE('',*,*,#2373,.T.);
#3681=ORIENTED_EDGE('',*,*,#2370,.T.);
#3682=ORIENTED_EDGE('',*,*,#2367,.T.);
#3683=ORIENTED_EDGE('',*,*,#2364,.T.);
#3684=ORIENTED_EDGE('',*,*,#2361,.T.);
#3685=ORIENTED_EDGE('',*,*,#2358,.T.);
#3686=ORIENTED_EDGE('',*,*,#2355,.T.);
#3687=ORIENTED_EDGE('',*,*,#2352,.T.);
#3688=ORIENTED_EDGE('',*,*,#2349,.T.);
#3689=ORIENTED_EDGE('',*,*,#2346,.T.);
#3690=ORIENTED_EDGE('',*,*,#2343,.T.);
#3691=ORIENTED_EDGE('',*,*,#2340,.T.);
#3692=ORIENTED_EDGE('',*,*,#2337,.T.);
#3693=ORIENTED_EDGE('',*,*,#2334,.T.);
#3694=ORIENTED_EDGE('',*,*,#2331,.T.);
#3695=ORIENTED_EDGE('',*,*,#2328,.T.);
#3696=ORIENTED_EDGE('',*,*,#2325,.T.);
#3697=ORIENTED_EDGE('',*,*,#2322,.T.);
#3698=ORIENTED_EDGE('',*,*,#2319,.T.);
#3699=ORIENTED_EDGE('',*,*,#2316,.T.);
#3700=ORIENTED_EDGE('',*,*,#2313,.T.);
#3701=ORIENTED_EDGE('',*,*,#2310,.T.);
#3702=ORIENTED_EDGE('',*,*,#2307,.T.);
#3703=ORIENTED_EDGE('',*,*,#2304,.T.);
#3704=ORIENTED_EDGE('',*,*,#2301,.T.);
#3705=ORIENTED_EDGE('',*,*,#2298,.T.);
#3706=ORIENTED_EDGE('',*,*,#2295,.T.);
#3707=ORIENTED_EDGE('',*,*,#2292,.T.);
#3708=ORIENTED_EDGE('',*,*,#2289,.T.);
#3709=ORIENTED_EDGE('',*,*,#2286,.T.);
#3710=ORIENTED_EDGE('',*,*,#2283,.T.);
#3711=ORIENTED_EDGE('',*,*,#2280,.T.);
#3712=ORIENTED_EDGE('',*,*,#2277,.T.);
#3713=ORIENTED_EDGE('',*,*,#2274,.T.);
#3714=ORIENTED_EDGE('',*,*,#2271,.T.);
#3715=ORIENTED_EDGE('',*,*,#2268,.T.);
#3716=ORIENTED_EDGE('',*,*,#2265,.T.);
#3717=ORIENTED_EDGE('',*,*,#2262,.T.);
#3718=ORIENTED_EDGE('',*,*,#2259,.T.);
#3719=ORIENTED_EDGE('',*,*,#2256,.T.);
#3720=ORIENTED_EDGE('',*,*,#2253,.T.);
#3721=ORIENTED_EDGE('',*,*,#2250,.T.);
#3722=ORIENTED_EDGE('',*,*,#2247,.T.);
#3723=ORIENTED_EDGE('',*,*,#2244,.T.);
#3724=ORIENTED_EDGE('',*,*,#2241,.T.);
#3725=ORIENTED_EDGE('',*,*,#2238,.T.);
#3726=ORIENTED_EDGE('',*,*,#2235,.T.);
#3727=ORIENTED_EDGE('',*,*,#2232,.T.);
#3728=ORIENTED_EDGE('',*,*,#2229,.T.);
#3729=ORIENTED_EDGE('',*,*,#2226,.T.);
#3730=ORIENTED_EDGE('',*,*,#2223,.T.);
#3731=ORIENTED_EDGE('',*,*,#2220,.T.);
#3732=ORIENTED_EDGE('',*,*,#2217,.T.);
#3733=ORIENTED_EDGE('',*,*,#2214,.T.);
#3734=ORIENTED_EDGE('',*,*,#2211,.T.);
#3735=ORIENTED_EDGE('',*,*,#2208,.T.);
#3736=ORIENTED_EDGE('',*,*,#2205,.T.);
#3737=ORIENTED_EDGE('',*,*,#2202,.T.);
#3738=ORIENTED_EDGE('',*,*,#2199,.T.);
#3739=ORIENTED_EDGE('',*,*,#2196,.T.);
#3740=ORIENTED_EDGE('',*,*,#2193,.T.);
#3741=ORIENTED_EDGE('',*,*,#2190,.T.);
#3742=ORIENTED_EDGE('',*,*,#2187,.T.);
#3743=ORIENTED_EDGE('',*,*,#2184,.T.);
#3744=ORIENTED_EDGE('',*,*,#2181,.T.);
#3745=ORIENTED_EDGE('',*,*,#2178,.T.);
#3746=ORIENTED_EDGE('',*,*,#2175,.T.);
#3747=ORIENTED_EDGE('',*,*,#2172,.T.);
#3748=ORIENTED_EDGE('',*,*,#2169,.T.);
#3749=ORIENTED_EDGE('',*,*,#2166,.T.);
#3750=ORIENTED_EDGE('',*,*,#2163,.T.);
#3751=ORIENTED_EDGE('',*,*,#2160,.T.);
#3752=ORIENTED_EDGE('',*,*,#2157,.T.);
#3753=ORIENTED_EDGE('',*,*,#2154,.T.);
#3754=ORIENTED_EDGE('',*,*,#2151,.T.);
#3755=ORIENTED_EDGE('',*,*,#2148,.T.);
#3756=ORIENTED_EDGE('',*,*,#2145,.T.);
#3757=ORIENTED_EDGE('',*,*,#2142,.T.);
#3758=ORIENTED_EDGE('',*,*,#2139,.T.);
#3759=ORIENTED_EDGE('',*,*,#2737,.F.);
#3760=ORIENTED_EDGE('',*,*,#2629,.F.);
#3761=ORIENTED_EDGE('',*,*,#2633,.T.);
#3762=ORIENTED_EDGE('',*,*,#2134,.T.);
#3763=ORIENTED_EDGE('',*,*,#2127,.T.);
#3764=ORIENTED_EDGE('',*,*,#2131,.T.);
#3765=ORIENTED_EDGE('',*,*,#2635,.T.);
#3766=ORIENTED_EDGE('',*,*,#2638,.T.);
#3767=ORIENTED_EDGE('',*,*,#2641,.T.);
#3768=ORIENTED_EDGE('',*,*,#2644,.T.);
#3769=ORIENTED_EDGE('',*,*,#2647,.T.);
#3770=ORIENTED_EDGE('',*,*,#2650,.T.);
#3771=ORIENTED_EDGE('',*,*,#2653,.T.);
#3772=ORIENTED_EDGE('',*,*,#2656,.T.);
#3773=ORIENTED_EDGE('',*,*,#2659,.T.);
#3774=ORIENTED_EDGE('',*,*,#2662,.F.);
#3775=ORIENTED_EDGE('',*,*,#2665,.F.);
#3776=ORIENTED_EDGE('',*,*,#2668,.F.);
#3777=ORIENTED_EDGE('',*,*,#2671,.F.);
#3778=ORIENTED_EDGE('',*,*,#2674,.F.);
#3779=ORIENTED_EDGE('',*,*,#2677,.F.);
#3780=ORIENTED_EDGE('',*,*,#2680,.F.);
#3781=ORIENTED_EDGE('',*,*,#2683,.T.);
#3782=ORIENTED_EDGE('',*,*,#2686,.F.);
#3783=ORIENTED_EDGE('',*,*,#2689,.F.);
#3784=ORIENTED_EDGE('',*,*,#2692,.T.);
#3785=ORIENTED_EDGE('',*,*,#2695,.T.);
#3786=ORIENTED_EDGE('',*,*,#2698,.T.);
#3787=ORIENTED_EDGE('',*,*,#2701,.T.);
#3788=ORIENTED_EDGE('',*,*,#2704,.T.);
#3789=ORIENTED_EDGE('',*,*,#2707,.T.);
#3790=ORIENTED_EDGE('',*,*,#2710,.T.);
#3791=ORIENTED_EDGE('',*,*,#2713,.F.);
#3792=ORIENTED_EDGE('',*,*,#2716,.F.);
#3793=ORIENTED_EDGE('',*,*,#2719,.F.);
#3794=ORIENTED_EDGE('',*,*,#2722,.F.);
#3795=ORIENTED_EDGE('',*,*,#2725,.F.);
#3796=ORIENTED_EDGE('',*,*,#2728,.F.);
#3797=ORIENTED_EDGE('',*,*,#2731,.F.);
#3798=ORIENTED_EDGE('',*,*,#2734,.F.);
#3799=ORIENTED_EDGE('',*,*,#2627,.T.);
#3800=ORIENTED_EDGE('',*,*,#2617,.T.);
#3801=ORIENTED_EDGE('',*,*,#2621,.T.);
#3802=ORIENTED_EDGE('',*,*,#2624,.T.);
#3803=ORIENTED_EDGE('',*,*,#2615,.T.);
#3804=ORIENTED_EDGE('',*,*,#2605,.T.);
#3805=ORIENTED_EDGE('',*,*,#2609,.T.);
#3806=ORIENTED_EDGE('',*,*,#2612,.T.);
#3807=ORIENTED_EDGE('',*,*,#2603,.T.);
#3808=ORIENTED_EDGE('',*,*,#2593,.T.);
#3809=ORIENTED_EDGE('',*,*,#2597,.T.);
#3810=ORIENTED_EDGE('',*,*,#2600,.T.);
#3811=ORIENTED_EDGE('',*,*,#2591,.T.);
#3812=ORIENTED_EDGE('',*,*,#2581,.T.);
#3813=ORIENTED_EDGE('',*,*,#2585,.T.);
#3814=ORIENTED_EDGE('',*,*,#2588,.T.);
#3815=ORIENTED_EDGE('',*,*,#2579,.T.);
#3816=ORIENTED_EDGE('',*,*,#2569,.T.);
#3817=ORIENTED_EDGE('',*,*,#2573,.T.);
#3818=ORIENTED_EDGE('',*,*,#2576,.T.);
#3819=ORIENTED_EDGE('',*,*,#2567,.T.);
#3820=ORIENTED_EDGE('',*,*,#2557,.T.);
#3821=ORIENTED_EDGE('',*,*,#2561,.T.);
#3822=ORIENTED_EDGE('',*,*,#2564,.T.);
#3823=ORIENTED_EDGE('',*,*,#2555,.T.);
#3824=ORIENTED_EDGE('',*,*,#2545,.T.);
#3825=ORIENTED_EDGE('',*,*,#2549,.T.);
#3826=ORIENTED_EDGE('',*,*,#2552,.T.);
#3827=ORIENTED_EDGE('',*,*,#2543,.T.);
#3828=ORIENTED_EDGE('',*,*,#2533,.T.);
#3829=ORIENTED_EDGE('',*,*,#2537,.T.);
#3830=ORIENTED_EDGE('',*,*,#2540,.T.);
#3831=ORIENTED_EDGE('',*,*,#2531,.T.);
#3832=ORIENTED_EDGE('',*,*,#2521,.T.);
#3833=ORIENTED_EDGE('',*,*,#2525,.T.);
#3834=ORIENTED_EDGE('',*,*,#2528,.T.);
#3835=ORIENTED_EDGE('',*,*,#2519,.T.);
#3836=ORIENTED_EDGE('',*,*,#2509,.T.);
#3837=ORIENTED_EDGE('',*,*,#2513,.T.);
#3838=ORIENTED_EDGE('',*,*,#2516,.T.);
#3839=ORIENTED_EDGE('',*,*,#2507,.T.);
#3840=ORIENTED_EDGE('',*,*,#2401,.T.);
#3841=ORIENTED_EDGE('',*,*,#2405,.T.);
#3842=ORIENTED_EDGE('',*,*,#2408,.T.);
#3843=ORIENTED_EDGE('',*,*,#2411,.T.);
#3844=ORIENTED_EDGE('',*,*,#2414,.T.);
#3845=ORIENTED_EDGE('',*,*,#2417,.T.);
#3846=ORIENTED_EDGE('',*,*,#2420,.T.);
#3847=ORIENTED_EDGE('',*,*,#2423,.T.);
#3848=ORIENTED_EDGE('',*,*,#2426,.T.);
#3849=ORIENTED_EDGE('',*,*,#2429,.T.);
#3850=ORIENTED_EDGE('',*,*,#2432,.T.);
#3851=ORIENTED_EDGE('',*,*,#2435,.T.);
#3852=ORIENTED_EDGE('',*,*,#2438,.T.);
#3853=ORIENTED_EDGE('',*,*,#2441,.T.);
#3854=ORIENTED_EDGE('',*,*,#2444,.T.);
#3855=ORIENTED_EDGE('',*,*,#2447,.T.);
#3856=ORIENTED_EDGE('',*,*,#2450,.T.);
#3857=ORIENTED_EDGE('',*,*,#2453,.T.);
#3858=ORIENTED_EDGE('',*,*,#2456,.T.);
#3859=ORIENTED_EDGE('',*,*,#2459,.T.);
#3860=ORIENTED_EDGE('',*,*,#2462,.T.);
#3861=ORIENTED_EDGE('',*,*,#2465,.T.);
#3862=ORIENTED_EDGE('',*,*,#2468,.T.);
#3863=ORIENTED_EDGE('',*,*,#2471,.T.);
#3864=ORIENTED_EDGE('',*,*,#2474,.T.);
#3865=ORIENTED_EDGE('',*,*,#2477,.T.);
#3866=ORIENTED_EDGE('',*,*,#2480,.T.);
#3867=ORIENTED_EDGE('',*,*,#2483,.T.);
#3868=ORIENTED_EDGE('',*,*,#2486,.T.);
#3869=ORIENTED_EDGE('',*,*,#2489,.T.);
#3870=ORIENTED_EDGE('',*,*,#2492,.T.);
#3871=ORIENTED_EDGE('',*,*,#2495,.T.);
#3872=ORIENTED_EDGE('',*,*,#2498,.T.);
#3873=ORIENTED_EDGE('',*,*,#2501,.T.);
#3874=ORIENTED_EDGE('',*,*,#2504,.T.);
#3875=ORIENTED_EDGE('',*,*,#2399,.T.);
#3876=ORIENTED_EDGE('',*,*,#2389,.T.);
#3877=ORIENTED_EDGE('',*,*,#2393,.T.);
#3878=ORIENTED_EDGE('',*,*,#2396,.T.);
#3879=ORIENTED_EDGE('',*,*,#2387,.T.);
#3880=ORIENTED_EDGE('',*,*,#2377,.T.);
#3881=ORIENTED_EDGE('',*,*,#2381,.T.);
#3882=ORIENTED_EDGE('',*,*,#2384,.T.);
#3883=ORIENTED_EDGE('',*,*,#2375,.T.);
#3884=ORIENTED_EDGE('',*,*,#2365,.T.);
#3885=ORIENTED_EDGE('',*,*,#2369,.T.);
#3886=ORIENTED_EDGE('',*,*,#2372,.T.);
#3887=ORIENTED_EDGE('',*,*,#2363,.T.);
#3888=ORIENTED_EDGE('',*,*,#2257,.T.);
#3889=ORIENTED_EDGE('',*,*,#2261,.T.);
#3890=ORIENTED_EDGE('',*,*,#2264,.T.);
#3891=ORIENTED_EDGE('',*,*,#2267,.T.);
#3892=ORIENTED_EDGE('',*,*,#2270,.T.);
#3893=ORIENTED_EDGE('',*,*,#2273,.T.);
#3894=ORIENTED_EDGE('',*,*,#2276,.T.);
#3895=ORIENTED_EDGE('',*,*,#2279,.T.);
#3896=ORIENTED_EDGE('',*,*,#2282,.T.);
#3897=ORIENTED_EDGE('',*,*,#2285,.T.);
#3898=ORIENTED_EDGE('',*,*,#2288,.T.);
#3899=ORIENTED_EDGE('',*,*,#2291,.T.);
#3900=ORIENTED_EDGE('',*,*,#2294,.T.);
#3901=ORIENTED_EDGE('',*,*,#2297,.T.);
#3902=ORIENTED_EDGE('',*,*,#2300,.T.);
#3903=ORIENTED_EDGE('',*,*,#2303,.T.);
#3904=ORIENTED_EDGE('',*,*,#2306,.T.);
#3905=ORIENTED_EDGE('',*,*,#2309,.T.);
#3906=ORIENTED_EDGE('',*,*,#2312,.T.);
#3907=ORIENTED_EDGE('',*,*,#2315,.T.);
#3908=ORIENTED_EDGE('',*,*,#2318,.T.);
#3909=ORIENTED_EDGE('',*,*,#2321,.T.);
#3910=ORIENTED_EDGE('',*,*,#2324,.T.);
#3911=ORIENTED_EDGE('',*,*,#2327,.T.);
#3912=ORIENTED_EDGE('',*,*,#2330,.T.);
#3913=ORIENTED_EDGE('',*,*,#2333,.T.);
#3914=ORIENTED_EDGE('',*,*,#2336,.T.);
#3915=ORIENTED_EDGE('',*,*,#2339,.T.);
#3916=ORIENTED_EDGE('',*,*,#2342,.T.);
#3917=ORIENTED_EDGE('',*,*,#2345,.T.);
#3918=ORIENTED_EDGE('',*,*,#2348,.T.);
#3919=ORIENTED_EDGE('',*,*,#2351,.T.);
#3920=ORIENTED_EDGE('',*,*,#2354,.T.);
#3921=ORIENTED_EDGE('',*,*,#2357,.T.);
#3922=ORIENTED_EDGE('',*,*,#2360,.T.);
#3923=ORIENTED_EDGE('',*,*,#2255,.T.);
#3924=ORIENTED_EDGE('',*,*,#2245,.T.);
#3925=ORIENTED_EDGE('',*,*,#2249,.T.);
#3926=ORIENTED_EDGE('',*,*,#2252,.T.);
#3927=ORIENTED_EDGE('',*,*,#2243,.T.);
#3928=ORIENTED_EDGE('',*,*,#2137,.T.);
#3929=ORIENTED_EDGE('',*,*,#2141,.T.);
#3930=ORIENTED_EDGE('',*,*,#2144,.T.);
#3931=ORIENTED_EDGE('',*,*,#2147,.T.);
#3932=ORIENTED_EDGE('',*,*,#2150,.T.);
#3933=ORIENTED_EDGE('',*,*,#2153,.T.);
#3934=ORIENTED_EDGE('',*,*,#2156,.T.);
#3935=ORIENTED_EDGE('',*,*,#2159,.T.);
#3936=ORIENTED_EDGE('',*,*,#2162,.T.);
#3937=ORIENTED_EDGE('',*,*,#2165,.T.);
#3938=ORIENTED_EDGE('',*,*,#2168,.T.);
#3939=ORIENTED_EDGE('',*,*,#2171,.T.);
#3940=ORIENTED_EDGE('',*,*,#2174,.T.);
#3941=ORIENTED_EDGE('',*,*,#2177,.T.);
#3942=ORIENTED_EDGE('',*,*,#2180,.T.);
#3943=ORIENTED_EDGE('',*,*,#2183,.T.);
#3944=ORIENTED_EDGE('',*,*,#2186,.T.);
#3945=ORIENTED_EDGE('',*,*,#2189,.T.);
#3946=ORIENTED_EDGE('',*,*,#2192,.T.);
#3947=ORIENTED_EDGE('',*,*,#2195,.T.);
#3948=ORIENTED_EDGE('',*,*,#2198,.T.);
#3949=ORIENTED_EDGE('',*,*,#2201,.T.);
#3950=ORIENTED_EDGE('',*,*,#2204,.T.);
#3951=ORIENTED_EDGE('',*,*,#2207,.T.);
#3952=ORIENTED_EDGE('',*,*,#2210,.T.);
#3953=ORIENTED_EDGE('',*,*,#2213,.T.);
#3954=ORIENTED_EDGE('',*,*,#2216,.T.);
#3955=ORIENTED_EDGE('',*,*,#2219,.T.);
#3956=ORIENTED_EDGE('',*,*,#2222,.T.);
#3957=ORIENTED_EDGE('',*,*,#2225,.T.);
#3958=ORIENTED_EDGE('',*,*,#2228,.T.);
#3959=ORIENTED_EDGE('',*,*,#2231,.T.);
#3960=ORIENTED_EDGE('',*,*,#2234,.T.);
#3961=ORIENTED_EDGE('',*,*,#2237,.T.);
#3962=ORIENTED_EDGE('',*,*,#2240,.T.);
#3963=PLANE('',#4389);
#3964=PLANE('',#4390);
#3965=PLANE('',#4391);
#3966=PLANE('',#4392);
#3967=PLANE('',#4393);
#3968=PLANE('',#4394);
#3969=PLANE('',#4395);
#3970=PLANE('',#4396);
#3971=PLANE('',#4397);
#3972=PLANE('',#4398);
#3973=PLANE('',#4399);
#3974=PLANE('',#4400);
#3975=PLANE('',#4401);
#3976=PLANE('',#4402);
#3977=PLANE('',#4403);
#3978=PLANE('',#4404);
#3979=PLANE('',#4405);
#3980=PLANE('',#4406);
#3981=PLANE('',#4407);
#3982=PLANE('',#4408);
#3983=PLANE('',#4409);
#3984=PLANE('',#4410);
#3985=PLANE('',#4411);
#3986=PLANE('',#4412);
#3987=PLANE('',#4413);
#3988=PLANE('',#4414);
#3989=PLANE('',#4415);
#3990=PLANE('',#4416);
#3991=PLANE('',#4417);
#3992=PLANE('',#4418);
#3993=PLANE('',#4419);
#3994=PLANE('',#4420);
#3995=PLANE('',#4421);
#3996=PLANE('',#4422);
#3997=PLANE('',#4423);
#3998=PLANE('',#4424);
#3999=PLANE('',#4425);
#4000=PLANE('',#4426);
#4001=PLANE('',#4427);
#4002=PLANE('',#4428);
#4003=PLANE('',#4429);
#4004=PLANE('',#4430);
#4005=PLANE('',#4431);
#4006=PLANE('',#4432);
#4007=PLANE('',#4433);
#4008=PLANE('',#4434);
#4009=PLANE('',#4435);
#4010=PLANE('',#4436);
#4011=PLANE('',#4437);
#4012=PLANE('',#4438);
#4013=PLANE('',#4439);
#4014=PLANE('',#4440);
#4015=PLANE('',#4441);
#4016=PLANE('',#4442);
#4017=PLANE('',#4443);
#4018=PLANE('',#4444);
#4019=PLANE('',#4445);
#4020=PLANE('',#4446);
#4021=PLANE('',#4447);
#4022=PLANE('',#4448);
#4023=PLANE('',#4449);
#4024=PLANE('',#4450);
#4025=PLANE('',#4451);
#4026=PLANE('',#4452);
#4027=PLANE('',#4453);
#4028=PLANE('',#4454);
#4029=PLANE('',#4455);
#4030=PLANE('',#4456);
#4031=PLANE('',#4457);
#4032=PLANE('',#4458);
#4033=PLANE('',#4459);
#4034=PLANE('',#4460);
#4035=PLANE('',#4461);
#4036=PLANE('',#4462);
#4037=PLANE('',#4463);
#4038=PLANE('',#4464);
#4039=PLANE('',#4465);
#4040=PLANE('',#4466);
#4041=PLANE('',#4467);
#4042=PLANE('',#4468);
#4043=PLANE('',#4469);
#4044=PLANE('',#4470);
#4045=PLANE('',#4471);
#4046=PLANE('',#4472);
#4047=PLANE('',#4473);
#4048=PLANE('',#4474);
#4049=PLANE('',#4475);
#4050=PLANE('',#4476);
#4051=PLANE('',#4477);
#4052=PLANE('',#4478);
#4053=PLANE('',#4479);
#4054=PLANE('',#4480);
#4055=PLANE('',#4481);
#4056=PLANE('',#4482);
#4057=PLANE('',#4483);
#4058=PLANE('',#4484);
#4059=PLANE('',#4485);
#4060=PLANE('',#4486);
#4061=PLANE('',#4487);
#4062=PLANE('',#4488);
#4063=PLANE('',#4489);
#4064=PLANE('',#4490);
#4065=PLANE('',#4491);
#4066=PLANE('',#4492);
#4067=PLANE('',#4493);
#4068=PLANE('',#4494);
#4069=PLANE('',#4495);
#4070=PLANE('',#4496);
#4071=PLANE('',#4497);
#4072=PLANE('',#4498);
#4073=PLANE('',#4499);
#4074=PLANE('',#4500);
#4075=PLANE('',#4501);
#4076=PLANE('',#4502);
#4077=PLANE('',#4503);
#4078=PLANE('',#4504);
#4079=PLANE('',#4505);
#4080=PLANE('',#4506);
#4081=PLANE('',#4507);
#4082=PLANE('',#4508);
#4083=PLANE('',#4509);
#4084=PLANE('',#4510);
#4085=PLANE('',#4511);
#4086=PLANE('',#4512);
#4087=PLANE('',#4513);
#4088=PLANE('',#4514);
#4089=PLANE('',#4515);
#4090=PLANE('',#4516);
#4091=PLANE('',#4517);
#4092=PLANE('',#4518);
#4093=PLANE('',#4519);
#4094=PLANE('',#4520);
#4095=PLANE('',#4521);
#4096=PLANE('',#4522);
#4097=PLANE('',#4523);
#4098=PLANE('',#4524);
#4099=PLANE('',#4525);
#4100=PLANE('',#4526);
#4101=PLANE('',#4527);
#4102=PLANE('',#4528);
#4103=PLANE('',#4529);
#4104=PLANE('',#4530);
#4105=PLANE('',#4531);
#4106=PLANE('',#4532);
#4107=PLANE('',#4533);
#4108=PLANE('',#4534);
#4109=PLANE('',#4535);
#4110=PLANE('',#4536);
#4111=PLANE('',#4537);
#4112=PLANE('',#4538);
#4113=PLANE('',#4539);
#4114=PLANE('',#4540);
#4115=PLANE('',#4541);
#4116=PLANE('',#4542);
#4117=PLANE('',#4543);
#4118=PLANE('',#4544);
#4119=PLANE('',#4545);
#4120=PLANE('',#4546);
#4121=PLANE('',#4547);
#4122=PLANE('',#4548);
#4123=PLANE('',#4549);
#4124=PLANE('',#4550);
#4125=PLANE('',#4551);
#4126=PLANE('',#4552);
#4127=PLANE('',#4553);
#4128=PLANE('',#4554);
#4129=PLANE('',#4555);
#4130=PLANE('',#4556);
#4131=PLANE('',#4557);
#4132=PLANE('',#4558);
#4133=PLANE('',#4559);
#4134=PLANE('',#4560);
#4135=PLANE('',#4561);
#4136=PLANE('',#4562);
#4137=PLANE('',#4563);
#4138=PLANE('',#4564);
#4139=PLANE('',#4565);
#4140=PLANE('',#4566);
#4141=PLANE('',#4567);
#4142=PLANE('',#4568);
#4143=PLANE('',#4569);
#4144=PLANE('',#4570);
#4145=PLANE('',#4571);
#4146=PLANE('',#4572);
#4147=PLANE('',#4573);
#4148=PLANE('',#4574);
#4149=PLANE('',#4575);
#4150=PLANE('',#4576);
#4151=PLANE('',#4577);
#4152=PLANE('',#4578);
#4153=PLANE('',#4579);
#4154=PLANE('',#4580);
#4155=PLANE('',#4581);
#4156=PLANE('',#4582);
#4157=PLANE('',#4583);
#4158=PLANE('',#4584);
#4159=PLANE('',#4585);
#4160=PLANE('',#4586);
#4161=PLANE('',#4587);
#4162=PLANE('',#4588);
#4163=PLANE('',#4589);
#4164=PLANE('',#4590);
#4165=PLANE('',#4591);
#4166=PLANE('',#4592);
#4167=PLANE('',#4593);
#4168=PLANE('',#4594);
#4169=ADVANCED_FACE('',(#49),#3963,.T.);
#4170=ADVANCED_FACE('',(#50),#3964,.T.);
#4171=ADVANCED_FACE('',(#51),#3965,.T.);
#4172=ADVANCED_FACE('',(#52),#3966,.T.);
#4173=ADVANCED_FACE('',(#53),#3967,.T.);
#4174=ADVANCED_FACE('',(#54),#3968,.T.);
#4175=ADVANCED_FACE('',(#55),#3969,.T.);
#4176=ADVANCED_FACE('',(#56),#3970,.T.);
#4177=ADVANCED_FACE('',(#57),#3971,.T.);
#4178=ADVANCED_FACE('',(#58),#3972,.T.);
#4179=ADVANCED_FACE('',(#59),#3973,.T.);
#4180=ADVANCED_FACE('',(#60),#3974,.T.);
#4181=ADVANCED_FACE('',(#61),#3975,.T.);
#4182=ADVANCED_FACE('',(#62),#3976,.T.);
#4183=ADVANCED_FACE('',(#63),#3977,.T.);
#4184=ADVANCED_FACE('',(#64),#3978,.T.);
#4185=ADVANCED_FACE('',(#65),#3979,.T.);
#4186=ADVANCED_FACE('',(#66),#3980,.T.);
#4187=ADVANCED_FACE('',(#67),#3981,.T.);
#4188=ADVANCED_FACE('',(#68),#3982,.T.);
#4189=ADVANCED_FACE('',(#69),#3983,.T.);
#4190=ADVANCED_FACE('',(#70),#3984,.T.);
#4191=ADVANCED_FACE('',(#71),#3985,.T.);
#4192=ADVANCED_FACE('',(#72),#3986,.T.);
#4193=ADVANCED_FACE('',(#73),#3987,.T.);
#4194=ADVANCED_FACE('',(#74),#3988,.T.);
#4195=ADVANCED_FACE('',(#75),#3989,.T.);
#4196=ADVANCED_FACE('',(#76),#3990,.T.);
#4197=ADVANCED_FACE('',(#77),#3991,.T.);
#4198=ADVANCED_FACE('',(#78),#3992,.T.);
#4199=ADVANCED_FACE('',(#79),#3993,.T.);
#4200=ADVANCED_FACE('',(#80),#3994,.T.);
#4201=ADVANCED_FACE('',(#81),#3995,.T.);
#4202=ADVANCED_FACE('',(#82),#3996,.T.);
#4203=ADVANCED_FACE('',(#83),#3997,.T.);
#4204=ADVANCED_FACE('',(#84),#3998,.T.);
#4205=ADVANCED_FACE('',(#85),#3999,.T.);
#4206=ADVANCED_FACE('',(#86),#4000,.T.);
#4207=ADVANCED_FACE('',(#87),#4001,.T.);
#4208=ADVANCED_FACE('',(#88),#4002,.T.);
#4209=ADVANCED_FACE('',(#89),#4003,.T.);
#4210=ADVANCED_FACE('',(#90),#4004,.T.);
#4211=ADVANCED_FACE('',(#91),#4005,.T.);
#4212=ADVANCED_FACE('',(#92),#4006,.T.);
#4213=ADVANCED_FACE('',(#93),#4007,.T.);
#4214=ADVANCED_FACE('',(#94),#4008,.T.);
#4215=ADVANCED_FACE('',(#95),#4009,.T.);
#4216=ADVANCED_FACE('',(#96),#4010,.T.);
#4217=ADVANCED_FACE('',(#97),#4011,.T.);
#4218=ADVANCED_FACE('',(#98),#4012,.T.);
#4219=ADVANCED_FACE('',(#99),#4013,.T.);
#4220=ADVANCED_FACE('',(#100),#4014,.T.);
#4221=ADVANCED_FACE('',(#101),#4015,.T.);
#4222=ADVANCED_FACE('',(#102),#4016,.T.);
#4223=ADVANCED_FACE('',(#103),#4017,.T.);
#4224=ADVANCED_FACE('',(#104),#4018,.T.);
#4225=ADVANCED_FACE('',(#105),#4019,.T.);
#4226=ADVANCED_FACE('',(#106),#4020,.T.);
#4227=ADVANCED_FACE('',(#107),#4021,.T.);
#4228=ADVANCED_FACE('',(#108),#4022,.T.);
#4229=ADVANCED_FACE('',(#109),#4023,.T.);
#4230=ADVANCED_FACE('',(#110),#4024,.T.);
#4231=ADVANCED_FACE('',(#111),#4025,.T.);
#4232=ADVANCED_FACE('',(#112),#4026,.T.);
#4233=ADVANCED_FACE('',(#113),#4027,.T.);
#4234=ADVANCED_FACE('',(#114),#4028,.T.);
#4235=ADVANCED_FACE('',(#115),#4029,.T.);
#4236=ADVANCED_FACE('',(#116),#4030,.T.);
#4237=ADVANCED_FACE('',(#117),#4031,.T.);
#4238=ADVANCED_FACE('',(#118),#4032,.T.);
#4239=ADVANCED_FACE('',(#119),#4033,.T.);
#4240=ADVANCED_FACE('',(#120),#4034,.T.);
#4241=ADVANCED_FACE('',(#121),#4035,.T.);
#4242=ADVANCED_FACE('',(#122),#4036,.T.);
#4243=ADVANCED_FACE('',(#123),#4037,.T.);
#4244=ADVANCED_FACE('',(#124),#4038,.T.);
#4245=ADVANCED_FACE('',(#125),#4039,.T.);
#4246=ADVANCED_FACE('',(#126),#4040,.T.);
#4247=ADVANCED_FACE('',(#127),#4041,.T.);
#4248=ADVANCED_FACE('',(#128),#4042,.T.);
#4249=ADVANCED_FACE('',(#129),#4043,.T.);
#4250=ADVANCED_FACE('',(#130),#4044,.T.);
#4251=ADVANCED_FACE('',(#131),#4045,.T.);
#4252=ADVANCED_FACE('',(#132),#4046,.T.);
#4253=ADVANCED_FACE('',(#133),#4047,.T.);
#4254=ADVANCED_FACE('',(#134),#4048,.T.);
#4255=ADVANCED_FACE('',(#135),#4049,.T.);
#4256=ADVANCED_FACE('',(#136),#4050,.T.);
#4257=ADVANCED_FACE('',(#137),#4051,.T.);
#4258=ADVANCED_FACE('',(#138),#4052,.T.);
#4259=ADVANCED_FACE('',(#139),#4053,.T.);
#4260=ADVANCED_FACE('',(#140),#4054,.T.);
#4261=ADVANCED_FACE('',(#141),#4055,.T.);
#4262=ADVANCED_FACE('',(#142),#4056,.T.);
#4263=ADVANCED_FACE('',(#143),#4057,.T.);
#4264=ADVANCED_FACE('',(#144),#4058,.T.);
#4265=ADVANCED_FACE('',(#145),#4059,.T.);
#4266=ADVANCED_FACE('',(#146),#4060,.T.);
#4267=ADVANCED_FACE('',(#147),#4061,.T.);
#4268=ADVANCED_FACE('',(#148),#4062,.T.);
#4269=ADVANCED_FACE('',(#149),#4063,.T.);
#4270=ADVANCED_FACE('',(#150),#4064,.T.);
#4271=ADVANCED_FACE('',(#151),#4065,.T.);
#4272=ADVANCED_FACE('',(#152),#4066,.T.);
#4273=ADVANCED_FACE('',(#153),#4067,.T.);
#4274=ADVANCED_FACE('',(#154),#4068,.T.);
#4275=ADVANCED_FACE('',(#155),#4069,.T.);
#4276=ADVANCED_FACE('',(#156),#4070,.T.);
#4277=ADVANCED_FACE('',(#157),#4071,.T.);
#4278=ADVANCED_FACE('',(#158),#4072,.T.);
#4279=ADVANCED_FACE('',(#159),#4073,.T.);
#4280=ADVANCED_FACE('',(#160),#4074,.T.);
#4281=ADVANCED_FACE('',(#161),#4075,.T.);
#4282=ADVANCED_FACE('',(#162),#4076,.T.);
#4283=ADVANCED_FACE('',(#163),#4077,.T.);
#4284=ADVANCED_FACE('',(#164),#4078,.T.);
#4285=ADVANCED_FACE('',(#165),#4079,.T.);
#4286=ADVANCED_FACE('',(#166),#4080,.T.);
#4287=ADVANCED_FACE('',(#167),#4081,.T.);
#4288=ADVANCED_FACE('',(#168),#4082,.T.);
#4289=ADVANCED_FACE('',(#169),#4083,.T.);
#4290=ADVANCED_FACE('',(#170),#4084,.T.);
#4291=ADVANCED_FACE('',(#171),#4085,.T.);
#4292=ADVANCED_FACE('',(#172),#4086,.T.);
#4293=ADVANCED_FACE('',(#173),#4087,.T.);
#4294=ADVANCED_FACE('',(#174),#4088,.T.);
#4295=ADVANCED_FACE('',(#175),#4089,.T.);
#4296=ADVANCED_FACE('',(#176),#4090,.T.);
#4297=ADVANCED_FACE('',(#177),#4091,.T.);
#4298=ADVANCED_FACE('',(#178),#4092,.T.);
#4299=ADVANCED_FACE('',(#179),#4093,.T.);
#4300=ADVANCED_FACE('',(#180),#4094,.T.);
#4301=ADVANCED_FACE('',(#181),#4095,.T.);
#4302=ADVANCED_FACE('',(#182),#4096,.T.);
#4303=ADVANCED_FACE('',(#183),#4097,.T.);
#4304=ADVANCED_FACE('',(#184),#4098,.T.);
#4305=ADVANCED_FACE('',(#185),#4099,.T.);
#4306=ADVANCED_FACE('',(#186),#4100,.T.);
#4307=ADVANCED_FACE('',(#187),#4101,.T.);
#4308=ADVANCED_FACE('',(#188),#4102,.T.);
#4309=ADVANCED_FACE('',(#189),#4103,.T.);
#4310=ADVANCED_FACE('',(#190),#4104,.T.);
#4311=ADVANCED_FACE('',(#191),#4105,.T.);
#4312=ADVANCED_FACE('',(#192),#4106,.T.);
#4313=ADVANCED_FACE('',(#193),#4107,.T.);
#4314=ADVANCED_FACE('',(#194),#4108,.T.);
#4315=ADVANCED_FACE('',(#195),#4109,.T.);
#4316=ADVANCED_FACE('',(#196),#4110,.T.);
#4317=ADVANCED_FACE('',(#197),#4111,.T.);
#4318=ADVANCED_FACE('',(#198),#4112,.T.);
#4319=ADVANCED_FACE('',(#199),#4113,.T.);
#4320=ADVANCED_FACE('',(#200),#4114,.T.);
#4321=ADVANCED_FACE('',(#201),#4115,.T.);
#4322=ADVANCED_FACE('',(#202),#4116,.T.);
#4323=ADVANCED_FACE('',(#203),#4117,.T.);
#4324=ADVANCED_FACE('',(#204),#4118,.T.);
#4325=ADVANCED_FACE('',(#205),#4119,.T.);
#4326=ADVANCED_FACE('',(#206),#4120,.T.);
#4327=ADVANCED_FACE('',(#207),#4121,.T.);
#4328=ADVANCED_FACE('',(#208),#4122,.T.);
#4329=ADVANCED_FACE('',(#209),#4123,.T.);
#4330=ADVANCED_FACE('',(#210),#4124,.T.);
#4331=ADVANCED_FACE('',(#211),#4125,.T.);
#4332=ADVANCED_FACE('',(#212),#4126,.T.);
#4333=ADVANCED_FACE('',(#213),#4127,.T.);
#4334=ADVANCED_FACE('',(#214),#4128,.T.);
#4335=ADVANCED_FACE('',(#215),#4129,.T.);
#4336=ADVANCED_FACE('',(#216),#4130,.T.);
#4337=ADVANCED_FACE('',(#217),#4131,.T.);
#4338=ADVANCED_FACE('',(#218),#4132,.T.);
#4339=ADVANCED_FACE('',(#219),#4133,.T.);
#4340=ADVANCED_FACE('',(#220),#4134,.T.);
#4341=ADVANCED_FACE('',(#221),#4135,.T.);
#4342=ADVANCED_FACE('',(#222),#4136,.T.);
#4343=ADVANCED_FACE('',(#223),#4137,.T.);
#4344=ADVANCED_FACE('',(#224),#4138,.T.);
#4345=ADVANCED_FACE('',(#225),#4139,.T.);
#4346=ADVANCED_FACE('',(#226),#4140,.T.);
#4347=ADVANCED_FACE('',(#227),#4141,.T.);
#4348=ADVANCED_FACE('',(#228),#4142,.T.);
#4349=ADVANCED_FACE('',(#229),#4143,.T.);
#4350=ADVANCED_FACE('',(#230),#4144,.T.);
#4351=ADVANCED_FACE('',(#231),#4145,.T.);
#4352=ADVANCED_FACE('',(#232),#4146,.T.);
#4353=ADVANCED_FACE('',(#233),#4147,.T.);
#4354=ADVANCED_FACE('',(#234),#4148,.T.);
#4355=ADVANCED_FACE('',(#235),#4149,.T.);
#4356=ADVANCED_FACE('',(#236),#4150,.T.);
#4357=ADVANCED_FACE('',(#237),#4151,.T.);
#4358=ADVANCED_FACE('',(#238),#4152,.T.);
#4359=ADVANCED_FACE('',(#239),#4153,.T.);
#4360=ADVANCED_FACE('',(#240),#4154,.T.);
#4361=ADVANCED_FACE('',(#241),#4155,.T.);
#4362=ADVANCED_FACE('',(#242),#4156,.T.);
#4363=ADVANCED_FACE('',(#243),#4157,.T.);
#4364=ADVANCED_FACE('',(#244),#4158,.T.);
#4365=ADVANCED_FACE('',(#245),#4159,.T.);
#4366=ADVANCED_FACE('',(#246),#4160,.T.);
#4367=ADVANCED_FACE('',(#247),#4161,.T.);
#4368=ADVANCED_FACE('',(#248),#4162,.T.);
#4369=ADVANCED_FACE('',(#249),#4163,.T.);
#4370=ADVANCED_FACE('',(#250),#4164,.T.);
#4371=ADVANCED_FACE('',(#251),#4165,.T.);
#4372=ADVANCED_FACE('',(#252),#4166,.T.);
#4373=ADVANCED_FACE('',(#253,#15,#16,#17,#18,#19,#20,#21,#22,#23,#24,#25,
#26,#27,#28,#29,#30,#31),#4167,.T.);
#4374=ADVANCED_FACE('',(#254,#32,#33,#34,#35,#36,#37,#38,#39,#40,#41,#42,
#43,#44,#45,#46,#47,#48),#4168,.F.);
#4375=CLOSED_SHELL('',(#4169,#4170,#4171,#4172,#4173,#4174,#4175,#4176,
#4177,#4178,#4179,#4180,#4181,#4182,#4183,#4184,#4185,#4186,#4187,#4188,
#4189,#4190,#4191,#4192,#4193,#4194,#4195,#4196,#4197,#4198,#4199,#4200,
#4201,#4202,#4203,#4204,#4205,#4206,#4207,#4208,#4209,#4210,#4211,#4212,
#4213,#4214,#4215,#4216,#4217,#4218,#4219,#4220,#4221,#4222,#4223,#4224,
#4225,#4226,#4227,#4228,#4229,#4230,#4231,#4232,#4233,#4234,#4235,#4236,
#4237,#4238,#4239,#4240,#4241,#4242,#4243,#4244,#4245,#4246,#4247,#4248,
#4249,#4250,#4251,#4252,#4253,#4254,#4255,#4256,#4257,#4258,#4259,#4260,
#4261,#4262,#4263,#4264,#4265,#4266,#4267,#4268,#4269,#4270,#4271,#4272,
#4273,#4274,#4275,#4276,#4277,#4278,#4279,#4280,#4281,#4282,#4283,#4284,
#4285,#4286,#4287,#4288,#4289,#4290,#4291,#4292,#4293,#4294,#4295,#4296,
#4297,#4298,#4299,#4300,#4301,#4302,#4303,#4304,#4305,#4306,#4307,#4308,
#4309,#4310,#4311,#4312,#4313,#4314,#4315,#4316,#4317,#4318,#4319,#4320,
#4321,#4322,#4323,#4324,#4325,#4326,#4327,#4328,#4329,#4330,#4331,#4332,
#4333,#4334,#4335,#4336,#4337,#4338,#4339,#4340,#4341,#4342,#4343,#4344,
#4345,#4346,#4347,#4348,#4349,#4350,#4351,#4352,#4353,#4354,#4355,#4356,
#4357,#4358,#4359,#4360,#4361,#4362,#4363,#4364,#4365,#4366,#4367,#4368,
#4369,#4370,#4371,#4372,#4373,#4374));
#4376=DERIVED_UNIT_ELEMENT(#4378,1.);
#4377=DERIVED_UNIT_ELEMENT(#6853,-3.);
#4378=(
MASS_UNIT()
NAMED_UNIT(*)
SI_UNIT(.KILO.,.GRAM.)
);
#4379=DERIVED_UNIT((#4376,#4377));
#4380=MEASURE_REPRESENTATION_ITEM('density measure',
POSITIVE_RATIO_MEASURE(7850.),#4379);
#4381=PROPERTY_DEFINITION_REPRESENTATION(#4386,#4383);
#4382=PROPERTY_DEFINITION_REPRESENTATION(#4387,#4384);
#4383=REPRESENTATION('material name',(#4385),#6850);
#4384=REPRESENTATION('density',(#4380),#6850);
#4385=DESCRIPTIVE_REPRESENTATION_ITEM('Steel','Steel');
#4386=PROPERTY_DEFINITION('material property','material name',#6860);
#4387=PROPERTY_DEFINITION('material property','density of part',#6860);
#4388=AXIS2_PLACEMENT_3D('',#5621,#4595,#4596);
#4389=AXIS2_PLACEMENT_3D('',#5622,#4597,#4598);
#4390=AXIS2_PLACEMENT_3D('',#5631,#4603,#4604);
#4391=AXIS2_PLACEMENT_3D('',#5637,#4608,#4609);
#4392=AXIS2_PLACEMENT_3D('',#5643,#4613,#4614);
#4393=AXIS2_PLACEMENT_3D('',#5652,#4619,#4620);
#4394=AXIS2_PLACEMENT_3D('',#5658,#4624,#4625);
#4395=AXIS2_PLACEMENT_3D('',#5664,#4629,#4630);
#4396=AXIS2_PLACEMENT_3D('',#5670,#4634,#4635);
#4397=AXIS2_PLACEMENT_3D('',#5676,#4639,#4640);
#4398=AXIS2_PLACEMENT_3D('',#5682,#4644,#4645);
#4399=AXIS2_PLACEMENT_3D('',#5688,#4649,#4650);
#4400=AXIS2_PLACEMENT_3D('',#5694,#4654,#4655);
#4401=AXIS2_PLACEMENT_3D('',#5700,#4659,#4660);
#4402=AXIS2_PLACEMENT_3D('',#5706,#4664,#4665);
#4403=AXIS2_PLACEMENT_3D('',#5712,#4669,#4670);
#4404=AXIS2_PLACEMENT_3D('',#5718,#4674,#4675);
#4405=AXIS2_PLACEMENT_3D('',#5724,#4679,#4680);
#4406=AXIS2_PLACEMENT_3D('',#5730,#4684,#4685);
#4407=AXIS2_PLACEMENT_3D('',#5736,#4689,#4690);
#4408=AXIS2_PLACEMENT_3D('',#5742,#4694,#4695);
#4409=AXIS2_PLACEMENT_3D('',#5748,#4699,#4700);
#4410=AXIS2_PLACEMENT_3D('',#5754,#4704,#4705);
#4411=AXIS2_PLACEMENT_3D('',#5760,#4709,#4710);
#4412=AXIS2_PLACEMENT_3D('',#5766,#4714,#4715);
#4413=AXIS2_PLACEMENT_3D('',#5772,#4719,#4720);
#4414=AXIS2_PLACEMENT_3D('',#5778,#4724,#4725);
#4415=AXIS2_PLACEMENT_3D('',#5784,#4729,#4730);
#4416=AXIS2_PLACEMENT_3D('',#5790,#4734,#4735);
#4417=AXIS2_PLACEMENT_3D('',#5796,#4739,#4740);
#4418=AXIS2_PLACEMENT_3D('',#5802,#4744,#4745);
#4419=AXIS2_PLACEMENT_3D('',#5808,#4749,#4750);
#4420=AXIS2_PLACEMENT_3D('',#5814,#4754,#4755);
#4421=AXIS2_PLACEMENT_3D('',#5820,#4759,#4760);
#4422=AXIS2_PLACEMENT_3D('',#5826,#4764,#4765);
#4423=AXIS2_PLACEMENT_3D('',#5832,#4769,#4770);
#4424=AXIS2_PLACEMENT_3D('',#5838,#4774,#4775);
#4425=AXIS2_PLACEMENT_3D('',#5844,#4779,#4780);
#4426=AXIS2_PLACEMENT_3D('',#5850,#4784,#4785);
#4427=AXIS2_PLACEMENT_3D('',#5856,#4789,#4790);
#4428=AXIS2_PLACEMENT_3D('',#5859,#4793,#4794);
#4429=AXIS2_PLACEMENT_3D('',#5868,#4799,#4800);
#4430=AXIS2_PLACEMENT_3D('',#5874,#4804,#4805);
#4431=AXIS2_PLACEMENT_3D('',#5880,#4809,#4810);
#4432=AXIS2_PLACEMENT_3D('',#5883,#4813,#4814);
#4433=AXIS2_PLACEMENT_3D('',#5892,#4819,#4820);
#4434=AXIS2_PLACEMENT_3D('',#5898,#4824,#4825);
#4435=AXIS2_PLACEMENT_3D('',#5904,#4829,#4830);
#4436=AXIS2_PLACEMENT_3D('',#5910,#4834,#4835);
#4437=AXIS2_PLACEMENT_3D('',#5916,#4839,#4840);
#4438=AXIS2_PLACEMENT_3D('',#5922,#4844,#4845);
#4439=AXIS2_PLACEMENT_3D('',#5928,#4849,#4850);
#4440=AXIS2_PLACEMENT_3D('',#5934,#4854,#4855);
#4441=AXIS2_PLACEMENT_3D('',#5940,#4859,#4860);
#4442=AXIS2_PLACEMENT_3D('',#5946,#4864,#4865);
#4443=AXIS2_PLACEMENT_3D('',#5952,#4869,#4870);
#4444=AXIS2_PLACEMENT_3D('',#5958,#4874,#4875);
#4445=AXIS2_PLACEMENT_3D('',#5964,#4879,#4880);
#4446=AXIS2_PLACEMENT_3D('',#5970,#4884,#4885);
#4447=AXIS2_PLACEMENT_3D('',#5976,#4889,#4890);
#4448=AXIS2_PLACEMENT_3D('',#5982,#4894,#4895);
#4449=AXIS2_PLACEMENT_3D('',#5988,#4899,#4900);
#4450=AXIS2_PLACEMENT_3D('',#5994,#4904,#4905);
#4451=AXIS2_PLACEMENT_3D('',#6000,#4909,#4910);
#4452=AXIS2_PLACEMENT_3D('',#6006,#4914,#4915);
#4453=AXIS2_PLACEMENT_3D('',#6012,#4919,#4920);
#4454=AXIS2_PLACEMENT_3D('',#6018,#4924,#4925);
#4455=AXIS2_PLACEMENT_3D('',#6024,#4929,#4930);
#4456=AXIS2_PLACEMENT_3D('',#6030,#4934,#4935);
#4457=AXIS2_PLACEMENT_3D('',#6036,#4939,#4940);
#4458=AXIS2_PLACEMENT_3D('',#6042,#4944,#4945);
#4459=AXIS2_PLACEMENT_3D('',#6048,#4949,#4950);
#4460=AXIS2_PLACEMENT_3D('',#6054,#4954,#4955);
#4461=AXIS2_PLACEMENT_3D('',#6060,#4959,#4960);
#4462=AXIS2_PLACEMENT_3D('',#6066,#4964,#4965);
#4463=AXIS2_PLACEMENT_3D('',#6072,#4969,#4970);
#4464=AXIS2_PLACEMENT_3D('',#6078,#4974,#4975);
#4465=AXIS2_PLACEMENT_3D('',#6084,#4979,#4980);
#4466=AXIS2_PLACEMENT_3D('',#6090,#4984,#4985);
#4467=AXIS2_PLACEMENT_3D('',#6096,#4989,#4990);
#4468=AXIS2_PLACEMENT_3D('',#6099,#4993,#4994);
#4469=AXIS2_PLACEMENT_3D('',#6108,#4999,#5000);
#4470=AXIS2_PLACEMENT_3D('',#6114,#5004,#5005);
#4471=AXIS2_PLACEMENT_3D('',#6120,#5009,#5010);
#4472=AXIS2_PLACEMENT_3D('',#6123,#5013,#5014);
#4473=AXIS2_PLACEMENT_3D('',#6132,#5019,#5020);
#4474=AXIS2_PLACEMENT_3D('',#6138,#5024,#5025);
#4475=AXIS2_PLACEMENT_3D('',#6144,#5029,#5030);
#4476=AXIS2_PLACEMENT_3D('',#6147,#5033,#5034);
#4477=AXIS2_PLACEMENT_3D('',#6156,#5039,#5040);
#4478=AXIS2_PLACEMENT_3D('',#6162,#5044,#5045);
#4479=AXIS2_PLACEMENT_3D('',#6168,#5049,#5050);
#4480=AXIS2_PLACEMENT_3D('',#6171,#5053,#5054);
#4481=AXIS2_PLACEMENT_3D('',#6180,#5059,#5060);
#4482=AXIS2_PLACEMENT_3D('',#6186,#5064,#5065);
#4483=AXIS2_PLACEMENT_3D('',#6192,#5069,#5070);
#4484=AXIS2_PLACEMENT_3D('',#6198,#5074,#5075);
#4485=AXIS2_PLACEMENT_3D('',#6204,#5079,#5080);
#4486=AXIS2_PLACEMENT_3D('',#6210,#5084,#5085);
#4487=AXIS2_PLACEMENT_3D('',#6216,#5089,#5090);
#4488=AXIS2_PLACEMENT_3D('',#6222,#5094,#5095);
#4489=AXIS2_PLACEMENT_3D('',#6228,#5099,#5100);
#4490=AXIS2_PLACEMENT_3D('',#6234,#5104,#5105);
#4491=AXIS2_PLACEMENT_3D('',#6240,#5109,#5110);
#4492=AXIS2_PLACEMENT_3D('',#6246,#5114,#5115);
#4493=AXIS2_PLACEMENT_3D('',#6252,#5119,#5120);
#4494=AXIS2_PLACEMENT_3D('',#6258,#5124,#5125);
#4495=AXIS2_PLACEMENT_3D('',#6264,#5129,#5130);
#4496=AXIS2_PLACEMENT_3D('',#6270,#5134,#5135);
#4497=AXIS2_PLACEMENT_3D('',#6276,#5139,#5140);
#4498=AXIS2_PLACEMENT_3D('',#6282,#5144,#5145);
#4499=AXIS2_PLACEMENT_3D('',#6288,#5149,#5150);
#4500=AXIS2_PLACEMENT_3D('',#6294,#5154,#5155);
#4501=AXIS2_PLACEMENT_3D('',#6300,#5159,#5160);
#4502=AXIS2_PLACEMENT_3D('',#6306,#5164,#5165);
#4503=AXIS2_PLACEMENT_3D('',#6312,#5169,#5170);
#4504=AXIS2_PLACEMENT_3D('',#6318,#5174,#5175);
#4505=AXIS2_PLACEMENT_3D('',#6324,#5179,#5180);
#4506=AXIS2_PLACEMENT_3D('',#6330,#5184,#5185);
#4507=AXIS2_PLACEMENT_3D('',#6336,#5189,#5190);
#4508=AXIS2_PLACEMENT_3D('',#6342,#5194,#5195);
#4509=AXIS2_PLACEMENT_3D('',#6348,#5199,#5200);
#4510=AXIS2_PLACEMENT_3D('',#6354,#5204,#5205);
#4511=AXIS2_PLACEMENT_3D('',#6360,#5209,#5210);
#4512=AXIS2_PLACEMENT_3D('',#6366,#5214,#5215);
#4513=AXIS2_PLACEMENT_3D('',#6372,#5219,#5220);
#4514=AXIS2_PLACEMENT_3D('',#6378,#5224,#5225);
#4515=AXIS2_PLACEMENT_3D('',#6384,#5229,#5230);
#4516=AXIS2_PLACEMENT_3D('',#6387,#5233,#5234);
#4517=AXIS2_PLACEMENT_3D('',#6396,#5239,#5240);
#4518=AXIS2_PLACEMENT_3D('',#6402,#5244,#5245);
#4519=AXIS2_PLACEMENT_3D('',#6408,#5249,#5250);
#4520=AXIS2_PLACEMENT_3D('',#6411,#5253,#5254);
#4521=AXIS2_PLACEMENT_3D('',#6420,#5259,#5260);
#4522=AXIS2_PLACEMENT_3D('',#6426,#5264,#5265);
#4523=AXIS2_PLACEMENT_3D('',#6432,#5269,#5270);
#4524=AXIS2_PLACEMENT_3D('',#6435,#5273,#5274);
#4525=AXIS2_PLACEMENT_3D('',#6444,#5279,#5280);
#4526=AXIS2_PLACEMENT_3D('',#6450,#5284,#5285);
#4527=AXIS2_PLACEMENT_3D('',#6456,#5289,#5290);
#4528=AXIS2_PLACEMENT_3D('',#6459,#5293,#5294);
#4529=AXIS2_PLACEMENT_3D('',#6468,#5299,#5300);
#4530=AXIS2_PLACEMENT_3D('',#6474,#5304,#5305);
#4531=AXIS2_PLACEMENT_3D('',#6480,#5309,#5310);
#4532=AXIS2_PLACEMENT_3D('',#6483,#5313,#5314);
#4533=AXIS2_PLACEMENT_3D('',#6492,#5319,#5320);
#4534=AXIS2_PLACEMENT_3D('',#6498,#5324,#5325);
#4535=AXIS2_PLACEMENT_3D('',#6504,#5329,#5330);
#4536=AXIS2_PLACEMENT_3D('',#6507,#5333,#5334);
#4537=AXIS2_PLACEMENT_3D('',#6516,#5339,#5340);
#4538=AXIS2_PLACEMENT_3D('',#6522,#5344,#5345);
#4539=AXIS2_PLACEMENT_3D('',#6528,#5349,#5350);
#4540=AXIS2_PLACEMENT_3D('',#6531,#5353,#5354);
#4541=AXIS2_PLACEMENT_3D('',#6540,#5359,#5360);
#4542=AXIS2_PLACEMENT_3D('',#6546,#5364,#5365);
#4543=AXIS2_PLACEMENT_3D('',#6552,#5369,#5370);
#4544=AXIS2_PLACEMENT_3D('',#6555,#5373,#5374);
#4545=AXIS2_PLACEMENT_3D('',#6564,#5379,#5380);
#4546=AXIS2_PLACEMENT_3D('',#6570,#5384,#5385);
#4547=AXIS2_PLACEMENT_3D('',#6576,#5389,#5390);
#4548=AXIS2_PLACEMENT_3D('',#6579,#5393,#5394);
#4549=AXIS2_PLACEMENT_3D('',#6588,#5399,#5400);
#4550=AXIS2_PLACEMENT_3D('',#6594,#5404,#5405);
#4551=AXIS2_PLACEMENT_3D('',#6600,#5409,#5410);
#4552=AXIS2_PLACEMENT_3D('',#6603,#5413,#5414);
#4553=AXIS2_PLACEMENT_3D('',#6612,#5419,#5420);
#4554=AXIS2_PLACEMENT_3D('',#6618,#5424,#5425);
#4555=AXIS2_PLACEMENT_3D('',#6624,#5429,#5430);
#4556=AXIS2_PLACEMENT_3D('',#6627,#5433,#5434);
#4557=AXIS2_PLACEMENT_3D('',#6636,#5439,#5440);
#4558=AXIS2_PLACEMENT_3D('',#6639,#5443,#5444);
#4559=AXIS2_PLACEMENT_3D('',#6645,#5448,#5449);
#4560=AXIS2_PLACEMENT_3D('',#6651,#5453,#5454);
#4561=AXIS2_PLACEMENT_3D('',#6657,#5458,#5459);
#4562=AXIS2_PLACEMENT_3D('',#6663,#5463,#5464);
#4563=AXIS2_PLACEMENT_3D('',#6669,#5468,#5469);
#4564=AXIS2_PLACEMENT_3D('',#6675,#5473,#5474);
#4565=AXIS2_PLACEMENT_3D('',#6681,#5478,#5479);
#4566=AXIS2_PLACEMENT_3D('',#6687,#5483,#5484);
#4567=AXIS2_PLACEMENT_3D('',#6693,#5488,#5489);
#4568=AXIS2_PLACEMENT_3D('',#6699,#5493,#5494);
#4569=AXIS2_PLACEMENT_3D('',#6705,#5498,#5499);
#4570=AXIS2_PLACEMENT_3D('',#6711,#5503,#5504);
#4571=AXIS2_PLACEMENT_3D('',#6717,#5508,#5509);
#4572=AXIS2_PLACEMENT_3D('',#6723,#5513,#5514);
#4573=AXIS2_PLACEMENT_3D('',#6729,#5518,#5519);
#4574=AXIS2_PLACEMENT_3D('',#6735,#5523,#5524);
#4575=AXIS2_PLACEMENT_3D('',#6741,#5528,#5529);
#4576=AXIS2_PLACEMENT_3D('',#6747,#5533,#5534);
#4577=AXIS2_PLACEMENT_3D('',#6753,#5538,#5539);
#4578=AXIS2_PLACEMENT_3D('',#6759,#5543,#5544);
#4579=AXIS2_PLACEMENT_3D('',#6765,#5548,#5549);
#4580=AXIS2_PLACEMENT_3D('',#6771,#5553,#5554);
#4581=AXIS2_PLACEMENT_3D('',#6777,#5558,#5559);
#4582=AXIS2_PLACEMENT_3D('',#6783,#5563,#5564);
#4583=AXIS2_PLACEMENT_3D('',#6789,#5568,#5569);
#4584=AXIS2_PLACEMENT_3D('',#6795,#5573,#5574);
#4585=AXIS2_PLACEMENT_3D('',#6801,#5578,#5579);
#4586=AXIS2_PLACEMENT_3D('',#6807,#5583,#5584);
#4587=AXIS2_PLACEMENT_3D('',#6813,#5588,#5589);
#4588=AXIS2_PLACEMENT_3D('',#6819,#5593,#5594);
#4589=AXIS2_PLACEMENT_3D('',#6825,#5598,#5599);
#4590=AXIS2_PLACEMENT_3D('',#6831,#5603,#5604);
#4591=AXIS2_PLACEMENT_3D('',#6837,#5608,#5609);
#4592=AXIS2_PLACEMENT_3D('',#6843,#5613,#5614);
#4593=AXIS2_PLACEMENT_3D('',#6846,#5617,#5618);
#4594=AXIS2_PLACEMENT_3D('',#6847,#5619,#5620);
#4595=DIRECTION('axis',(0.,0.,1.));
#4596=DIRECTION('refdir',(1.,0.,0.));
#4597=DIRECTION('center_axis',(-1.,0.,0.));
#4598=DIRECTION('ref_axis',(0.,-1.,0.));
#4599=DIRECTION('',(0.,1.,0.));
#4600=DIRECTION('',(0.,0.,-1.));
#4601=DIRECTION('',(0.,-1.,0.));
#4602=DIRECTION('',(0.,0.,1.));
#4603=DIRECTION('center_axis',(0.,1.,0.));
#4604=DIRECTION('ref_axis',(-1.,0.,0.));
#4605=DIRECTION('',(1.,0.,0.));
#4606=DIRECTION('',(-1.,0.,0.));
#4607=DIRECTION('',(0.,0.,1.));
#4608=DIRECTION('center_axis',(0.,1.,0.));
#4609=DIRECTION('ref_axis',(-1.,0.,0.));
#4610=DIRECTION('',(1.,0.,0.));
#4611=DIRECTION('',(0.,0.,1.));
#4612=DIRECTION('',(-1.,0.,0.));
#4613=DIRECTION('center_axis',(0.,1.,0.));
#4614=DIRECTION('ref_axis',(-1.,0.,0.));
#4615=DIRECTION('',(1.,0.,0.));
#4616=DIRECTION('',(0.,0.,1.));
#4617=DIRECTION('',(-1.,0.,0.));
#4618=DIRECTION('',(0.,0.,1.));
#4619=DIRECTION('center_axis',(1.,0.,0.));
#4620=DIRECTION('ref_axis',(0.,1.,0.));
#4621=DIRECTION('',(0.,-1.,0.));
#4622=DIRECTION('',(0.,1.,0.));
#4623=DIRECTION('',(0.,0.,1.));
#4624=DIRECTION('center_axis',(0.,1.,0.));
#4625=DIRECTION('ref_axis',(-1.,0.,0.));
#4626=DIRECTION('',(1.,0.,0.));
#4627=DIRECTION('',(-1.,0.,0.));
#4628=DIRECTION('',(0.,0.,1.));
#4629=DIRECTION('center_axis',(1.,0.,0.));
#4630=DIRECTION('ref_axis',(0.,1.,0.));
#4631=DIRECTION('',(0.,-1.,0.));
#4632=DIRECTION('',(0.,1.,0.));
#4633=DIRECTION('',(0.,0.,1.));
#4634=DIRECTION('center_axis',(0.,1.,0.));
#4635=DIRECTION('ref_axis',(-1.,0.,0.));
#4636=DIRECTION('',(1.,0.,0.));
#4637=DIRECTION('',(-1.,0.,0.));
#4638=DIRECTION('',(0.,0.,1.));
#4639=DIRECTION('center_axis',(-1.,0.,0.));
#4640=DIRECTION('ref_axis',(0.,-1.,0.));
#4641=DIRECTION('',(0.,1.,0.));
#4642=DIRECTION('',(0.,-1.,0.));
#4643=DIRECTION('',(0.,0.,1.));
#4644=DIRECTION('center_axis',(0.,1.,0.));
#4645=DIRECTION('ref_axis',(-1.,0.,0.));
#4646=DIRECTION('',(1.,0.,0.));
#4647=DIRECTION('',(-1.,0.,0.));
#4648=DIRECTION('',(0.,0.,1.));
#4649=DIRECTION('center_axis',(-1.,0.,0.));
#4650=DIRECTION('ref_axis',(0.,-1.,0.));
#4651=DIRECTION('',(0.,1.,0.));
#4652=DIRECTION('',(0.,-1.,0.));
#4653=DIRECTION('',(0.,0.,1.));
#4654=DIRECTION('center_axis',(0.,1.,0.));
#4655=DIRECTION('ref_axis',(-1.,0.,0.));
#4656=DIRECTION('',(1.,0.,0.));
#4657=DIRECTION('',(-1.,0.,0.));
#4658=DIRECTION('',(0.,0.,1.));
#4659=DIRECTION('center_axis',(1.,0.,0.));
#4660=DIRECTION('ref_axis',(0.,1.,0.));
#4661=DIRECTION('',(0.,-1.,0.));
#4662=DIRECTION('',(0.,1.,0.));
#4663=DIRECTION('',(0.,0.,1.));
#4664=DIRECTION('center_axis',(0.,1.,0.));
#4665=DIRECTION('ref_axis',(-1.,0.,0.));
#4666=DIRECTION('',(1.,0.,0.));
#4667=DIRECTION('',(-1.,0.,0.));
#4668=DIRECTION('',(0.,0.,1.));
#4669=DIRECTION('center_axis',(-1.,0.,0.));
#4670=DIRECTION('ref_axis',(0.,-1.,0.));
#4671=DIRECTION('',(0.,1.,0.));
#4672=DIRECTION('',(0.,-1.,0.));
#4673=DIRECTION('',(0.,0.,1.));
#4674=DIRECTION('center_axis',(0.,1.,0.));
#4675=DIRECTION('ref_axis',(-1.,0.,0.));
#4676=DIRECTION('',(1.,0.,0.));
#4677=DIRECTION('',(-1.,0.,0.));
#4678=DIRECTION('',(0.,0.,1.));
#4679=DIRECTION('center_axis',(1.,0.,0.));
#4680=DIRECTION('ref_axis',(0.,1.,0.));
#4681=DIRECTION('',(0.,-1.,0.));
#4682=DIRECTION('',(0.,1.,0.));
#4683=DIRECTION('',(0.,0.,1.));
#4684=DIRECTION('center_axis',(0.,1.,0.));
#4685=DIRECTION('ref_axis',(-1.,0.,0.));
#4686=DIRECTION('',(1.,0.,0.));
#4687=DIRECTION('',(-1.,0.,0.));
#4688=DIRECTION('',(0.,0.,1.));
#4689=DIRECTION('center_axis',(1.,0.,0.));
#4690=DIRECTION('ref_axis',(0.,1.,0.));
#4691=DIRECTION('',(0.,-1.,0.));
#4692=DIRECTION('',(0.,1.,0.));
#4693=DIRECTION('',(0.,0.,1.));
#4694=DIRECTION('center_axis',(0.,1.,0.));
#4695=DIRECTION('ref_axis',(-1.,0.,0.));
#4696=DIRECTION('',(1.,0.,0.));
#4697=DIRECTION('',(-1.,0.,0.));
#4698=DIRECTION('',(0.,0.,1.));
#4699=DIRECTION('center_axis',(-1.,0.,0.));
#4700=DIRECTION('ref_axis',(0.,-1.,0.));
#4701=DIRECTION('',(0.,1.,0.));
#4702=DIRECTION('',(0.,-1.,0.));
#4703=DIRECTION('',(0.,0.,1.));
#4704=DIRECTION('center_axis',(0.,1.,0.));
#4705=DIRECTION('ref_axis',(-1.,0.,0.));
#4706=DIRECTION('',(1.,0.,0.));
#4707=DIRECTION('',(-1.,0.,0.));
#4708=DIRECTION('',(0.,0.,1.));
#4709=DIRECTION('center_axis',(-1.,0.,0.));
#4710=DIRECTION('ref_axis',(0.,-1.,0.));
#4711=DIRECTION('',(0.,1.,0.));
#4712=DIRECTION('',(0.,-1.,0.));
#4713=DIRECTION('',(0.,0.,1.));
#4714=DIRECTION('center_axis',(0.,1.,0.));
#4715=DIRECTION('ref_axis',(-1.,0.,0.));
#4716=DIRECTION('',(1.,0.,0.));
#4717=DIRECTION('',(-1.,0.,0.));
#4718=DIRECTION('',(0.,0.,1.));
#4719=DIRECTION('center_axis',(-1.,0.,0.));
#4720=DIRECTION('ref_axis',(0.,-1.,0.));
#4721=DIRECTION('',(0.,1.,0.));
#4722=DIRECTION('',(0.,-1.,0.));
#4723=DIRECTION('',(0.,0.,1.));
#4724=DIRECTION('center_axis',(0.,-1.,0.));
#4725=DIRECTION('ref_axis',(1.,0.,0.));
#4726=DIRECTION('',(-1.,0.,0.));
#4727=DIRECTION('',(1.,0.,0.));
#4728=DIRECTION('',(0.,0.,1.));
#4729=DIRECTION('center_axis',(-1.,0.,0.));
#4730=DIRECTION('ref_axis',(0.,-1.,0.));
#4731=DIRECTION('',(0.,1.,0.));
#4732=DIRECTION('',(0.,-1.,0.));
#4733=DIRECTION('',(0.,0.,1.));
#4734=DIRECTION('center_axis',(0.,-1.,0.));
#4735=DIRECTION('ref_axis',(1.,0.,0.));
#4736=DIRECTION('',(-1.,0.,0.));
#4737=DIRECTION('',(1.,0.,0.));
#4738=DIRECTION('',(0.,0.,1.));
#4739=DIRECTION('center_axis',(1.,0.,0.));
#4740=DIRECTION('ref_axis',(0.,1.,0.));
#4741=DIRECTION('',(0.,-1.,0.));
#4742=DIRECTION('',(0.,1.,0.));
#4743=DIRECTION('',(0.,0.,1.));
#4744=DIRECTION('center_axis',(0.,-1.,0.));
#4745=DIRECTION('ref_axis',(1.,0.,0.));
#4746=DIRECTION('',(-1.,0.,0.));
#4747=DIRECTION('',(1.,0.,0.));
#4748=DIRECTION('',(0.,0.,1.));
#4749=DIRECTION('center_axis',(-1.,0.,0.));
#4750=DIRECTION('ref_axis',(0.,-1.,0.));
#4751=DIRECTION('',(0.,1.,0.));
#4752=DIRECTION('',(0.,-1.,0.));
#4753=DIRECTION('',(0.,0.,1.));
#4754=DIRECTION('center_axis',(0.,-1.,0.));
#4755=DIRECTION('ref_axis',(1.,0.,0.));
#4756=DIRECTION('',(-1.,0.,0.));
#4757=DIRECTION('',(1.,0.,0.));
#4758=DIRECTION('',(0.,0.,1.));
#4759=DIRECTION('center_axis',(1.,0.,0.));
#4760=DIRECTION('ref_axis',(0.,1.,0.));
#4761=DIRECTION('',(0.,-1.,0.));
#4762=DIRECTION('',(0.,1.,0.));
#4763=DIRECTION('',(0.,0.,1.));
#4764=DIRECTION('center_axis',(0.,-1.,0.));
#4765=DIRECTION('ref_axis',(1.,0.,0.));
#4766=DIRECTION('',(-1.,0.,0.));
#4767=DIRECTION('',(1.,0.,0.));
#4768=DIRECTION('',(0.,0.,1.));
#4769=DIRECTION('center_axis',(-1.,0.,0.));
#4770=DIRECTION('ref_axis',(0.,-1.,0.));
#4771=DIRECTION('',(0.,1.,0.));
#4772=DIRECTION('',(0.,-1.,0.));
#4773=DIRECTION('',(0.,0.,1.));
#4774=DIRECTION('center_axis',(0.,-1.,0.));
#4775=DIRECTION('ref_axis',(1.,0.,0.));
#4776=DIRECTION('',(-1.,0.,0.));
#4777=DIRECTION('',(1.,0.,0.));
#4778=DIRECTION('',(0.,0.,1.));
#4779=DIRECTION('center_axis',(1.,0.,0.));
#4780=DIRECTION('ref_axis',(0.,1.,0.));
#4781=DIRECTION('',(0.,-1.,0.));
#4782=DIRECTION('',(0.,1.,0.));
#4783=DIRECTION('',(0.,0.,1.));
#4784=DIRECTION('center_axis',(0.,-1.,0.));
#4785=DIRECTION('ref_axis',(1.,0.,0.));
#4786=DIRECTION('',(-1.,0.,0.));
#4787=DIRECTION('',(1.,0.,0.));
#4788=DIRECTION('',(0.,0.,1.));
#4789=DIRECTION('center_axis',(1.,0.,0.));
#4790=DIRECTION('ref_axis',(0.,1.,0.));
#4791=DIRECTION('',(0.,-1.,0.));
#4792=DIRECTION('',(0.,1.,0.));
#4793=DIRECTION('center_axis',(-1.,0.,0.));
#4794=DIRECTION('ref_axis',(0.,-1.,0.));
#4795=DIRECTION('',(0.,1.,0.));
#4796=DIRECTION('',(0.,0.,1.));
#4797=DIRECTION('',(0.,-1.,0.));
#4798=DIRECTION('',(0.,0.,1.));
#4799=DIRECTION('center_axis',(0.,-1.,0.));
#4800=DIRECTION('ref_axis',(1.,0.,0.));
#4801=DIRECTION('',(-1.,0.,0.));
#4802=DIRECTION('',(1.,0.,0.));
#4803=DIRECTION('',(0.,0.,1.));
#4804=DIRECTION('center_axis',(1.,0.,0.));
#4805=DIRECTION('ref_axis',(0.,1.,0.));
#4806=DIRECTION('',(0.,-1.,0.));
#4807=DIRECTION('',(0.,1.,0.));
#4808=DIRECTION('',(0.,0.,1.));
#4809=DIRECTION('center_axis',(0.,1.,0.));
#4810=DIRECTION('ref_axis',(-1.,0.,0.));
#4811=DIRECTION('',(1.,0.,0.));
#4812=DIRECTION('',(-1.,0.,0.));
#4813=DIRECTION('center_axis',(0.,-1.,0.));
#4814=DIRECTION('ref_axis',(1.,0.,0.));
#4815=DIRECTION('',(-1.,0.,0.));
#4816=DIRECTION('',(0.,0.,1.));
#4817=DIRECTION('',(1.,0.,0.));
#4818=DIRECTION('',(0.,0.,1.));
#4819=DIRECTION('center_axis',(1.,0.,0.));
#4820=DIRECTION('ref_axis',(0.,1.,0.));
#4821=DIRECTION('',(0.,-1.,0.));
#4822=DIRECTION('',(0.,1.,0.));
#4823=DIRECTION('',(0.,0.,1.));
#4824=DIRECTION('center_axis',(0.,-1.,0.));
#4825=DIRECTION('ref_axis',(1.,0.,0.));
#4826=DIRECTION('',(-1.,0.,0.));
#4827=DIRECTION('',(1.,0.,0.));
#4828=DIRECTION('',(0.,0.,1.));
#4829=DIRECTION('center_axis',(1.,0.,0.));
#4830=DIRECTION('ref_axis',(0.,1.,0.));
#4831=DIRECTION('',(0.,-1.,0.));
#4832=DIRECTION('',(0.,1.,0.));
#4833=DIRECTION('',(0.,0.,1.));
#4834=DIRECTION('center_axis',(0.,1.,0.));
#4835=DIRECTION('ref_axis',(-1.,0.,0.));
#4836=DIRECTION('',(1.,0.,0.));
#4837=DIRECTION('',(-1.,0.,0.));
#4838=DIRECTION('',(0.,0.,1.));
#4839=DIRECTION('center_axis',(1.,0.,0.));
#4840=DIRECTION('ref_axis',(0.,1.,0.));
#4841=DIRECTION('',(0.,-1.,0.));
#4842=DIRECTION('',(0.,1.,0.));
#4843=DIRECTION('',(0.,0.,1.));
#4844=DIRECTION('center_axis',(0.,1.,0.));
#4845=DIRECTION('ref_axis',(-1.,0.,0.));
#4846=DIRECTION('',(1.,0.,0.));
#4847=DIRECTION('',(-1.,0.,0.));
#4848=DIRECTION('',(0.,0.,1.));
#4849=DIRECTION('center_axis',(1.,0.,0.));
#4850=DIRECTION('ref_axis',(0.,1.,0.));
#4851=DIRECTION('',(0.,-1.,0.));
#4852=DIRECTION('',(0.,1.,0.));
#4853=DIRECTION('',(0.,0.,1.));
#4854=DIRECTION('center_axis',(0.,1.,0.));
#4855=DIRECTION('ref_axis',(-1.,0.,0.));
#4856=DIRECTION('',(1.,0.,0.));
#4857=DIRECTION('',(-1.,0.,0.));
#4858=DIRECTION('',(0.,0.,1.));
#4859=DIRECTION('center_axis',(-1.,0.,0.));
#4860=DIRECTION('ref_axis',(0.,-1.,0.));
#4861=DIRECTION('',(0.,1.,0.));
#4862=DIRECTION('',(0.,-1.,0.));
#4863=DIRECTION('',(0.,0.,1.));
#4864=DIRECTION('center_axis',(0.,1.,0.));
#4865=DIRECTION('ref_axis',(-1.,0.,0.));
#4866=DIRECTION('',(1.,0.,0.));
#4867=DIRECTION('',(-1.,0.,0.));
#4868=DIRECTION('',(0.,0.,1.));
#4869=DIRECTION('center_axis',(-1.,0.,0.));
#4870=DIRECTION('ref_axis',(0.,-1.,0.));
#4871=DIRECTION('',(0.,1.,0.));
#4872=DIRECTION('',(0.,-1.,0.));
#4873=DIRECTION('',(0.,0.,1.));
#4874=DIRECTION('center_axis',(0.,-1.,0.));
#4875=DIRECTION('ref_axis',(1.,0.,0.));
#4876=DIRECTION('',(-1.,0.,0.));
#4877=DIRECTION('',(1.,0.,0.));
#4878=DIRECTION('',(0.,0.,1.));
#4879=DIRECTION('center_axis',(-1.,0.,0.));
#4880=DIRECTION('ref_axis',(0.,-1.,0.));
#4881=DIRECTION('',(0.,1.,0.));
#4882=DIRECTION('',(0.,-1.,0.));
#4883=DIRECTION('',(0.,0.,1.));
#4884=DIRECTION('center_axis',(0.,1.,0.));
#4885=DIRECTION('ref_axis',(-1.,0.,0.));
#4886=DIRECTION('',(1.,0.,0.));
#4887=DIRECTION('',(-1.,0.,0.));
#4888=DIRECTION('',(0.,0.,1.));
#4889=DIRECTION('center_axis',(-1.,0.,0.));
#4890=DIRECTION('ref_axis',(0.,-1.,0.));
#4891=DIRECTION('',(0.,1.,0.));
#4892=DIRECTION('',(0.,-1.,0.));
#4893=DIRECTION('',(0.,0.,1.));
#4894=DIRECTION('center_axis',(0.,-1.,0.));
#4895=DIRECTION('ref_axis',(1.,0.,0.));
#4896=DIRECTION('',(-1.,0.,0.));
#4897=DIRECTION('',(1.,0.,0.));
#4898=DIRECTION('',(0.,0.,1.));
#4899=DIRECTION('center_axis',(-1.,0.,0.));
#4900=DIRECTION('ref_axis',(0.,-1.,0.));
#4901=DIRECTION('',(0.,1.,0.));
#4902=DIRECTION('',(0.,-1.,0.));
#4903=DIRECTION('',(0.,0.,1.));
#4904=DIRECTION('center_axis',(0.,1.,0.));
#4905=DIRECTION('ref_axis',(-1.,0.,0.));
#4906=DIRECTION('',(1.,0.,0.));
#4907=DIRECTION('',(-1.,0.,0.));
#4908=DIRECTION('',(0.,0.,1.));
#4909=DIRECTION('center_axis',(-1.,0.,0.));
#4910=DIRECTION('ref_axis',(0.,-1.,0.));
#4911=DIRECTION('',(0.,1.,0.));
#4912=DIRECTION('',(0.,-1.,0.));
#4913=DIRECTION('',(0.,0.,1.));
#4914=DIRECTION('center_axis',(0.,-1.,0.));
#4915=DIRECTION('ref_axis',(1.,0.,0.));
#4916=DIRECTION('',(-1.,0.,0.));
#4917=DIRECTION('',(1.,0.,0.));
#4918=DIRECTION('',(0.,0.,1.));
#4919=DIRECTION('center_axis',(-1.,0.,0.));
#4920=DIRECTION('ref_axis',(0.,-1.,0.));
#4921=DIRECTION('',(0.,1.,0.));
#4922=DIRECTION('',(0.,-1.,0.));
#4923=DIRECTION('',(0.,0.,1.));
#4924=DIRECTION('center_axis',(0.,-1.,0.));
#4925=DIRECTION('ref_axis',(1.,0.,0.));
#4926=DIRECTION('',(-1.,0.,0.));
#4927=DIRECTION('',(1.,0.,0.));
#4928=DIRECTION('',(0.,0.,1.));
#4929=DIRECTION('center_axis',(1.,0.,0.));
#4930=DIRECTION('ref_axis',(0.,1.,0.));
#4931=DIRECTION('',(0.,-1.,0.));
#4932=DIRECTION('',(0.,1.,0.));
#4933=DIRECTION('',(0.,0.,1.));
#4934=DIRECTION('center_axis',(0.,-1.,0.));
#4935=DIRECTION('ref_axis',(1.,0.,0.));
#4936=DIRECTION('',(-1.,0.,0.));
#4937=DIRECTION('',(1.,0.,0.));
#4938=DIRECTION('',(0.,0.,1.));
#4939=DIRECTION('center_axis',(1.,0.,0.));
#4940=DIRECTION('ref_axis',(0.,1.,0.));
#4941=DIRECTION('',(0.,-1.,0.));
#4942=DIRECTION('',(0.,1.,0.));
#4943=DIRECTION('',(0.,0.,1.));
#4944=DIRECTION('center_axis',(0.,-1.,0.));
#4945=DIRECTION('ref_axis',(1.,0.,0.));
#4946=DIRECTION('',(-1.,0.,0.));
#4947=DIRECTION('',(1.,0.,0.));
#4948=DIRECTION('',(0.,0.,1.));
#4949=DIRECTION('center_axis',(1.,0.,0.));
#4950=DIRECTION('ref_axis',(0.,1.,0.));
#4951=DIRECTION('',(0.,-1.,0.));
#4952=DIRECTION('',(0.,1.,0.));
#4953=DIRECTION('',(0.,0.,1.));
#4954=DIRECTION('center_axis',(0.,1.,0.));
#4955=DIRECTION('ref_axis',(-1.,0.,0.));
#4956=DIRECTION('',(1.,0.,0.));
#4957=DIRECTION('',(-1.,0.,0.));
#4958=DIRECTION('',(0.,0.,1.));
#4959=DIRECTION('center_axis',(1.,0.,0.));
#4960=DIRECTION('ref_axis',(0.,1.,0.));
#4961=DIRECTION('',(0.,-1.,0.));
#4962=DIRECTION('',(0.,1.,0.));
#4963=DIRECTION('',(0.,0.,1.));
#4964=DIRECTION('center_axis',(0.,1.,0.));
#4965=DIRECTION('ref_axis',(-1.,0.,0.));
#4966=DIRECTION('',(1.,0.,0.));
#4967=DIRECTION('',(-1.,0.,0.));
#4968=DIRECTION('',(0.,0.,1.));
#4969=DIRECTION('center_axis',(1.,0.,0.));
#4970=DIRECTION('ref_axis',(0.,1.,0.));
#4971=DIRECTION('',(0.,-1.,0.));
#4972=DIRECTION('',(0.,1.,0.));
#4973=DIRECTION('',(0.,0.,1.));
#4974=DIRECTION('center_axis',(0.,-1.,0.));
#4975=DIRECTION('ref_axis',(1.,0.,0.));
#4976=DIRECTION('',(-1.,0.,0.));
#4977=DIRECTION('',(1.,0.,0.));
#4978=DIRECTION('',(0.,0.,1.));
#4979=DIRECTION('center_axis',(1.,0.,0.));
#4980=DIRECTION('ref_axis',(0.,1.,0.));
#4981=DIRECTION('',(0.,-1.,0.));
#4982=DIRECTION('',(0.,1.,0.));
#4983=DIRECTION('',(0.,0.,1.));
#4984=DIRECTION('center_axis',(0.,1.,0.));
#4985=DIRECTION('ref_axis',(-1.,0.,0.));
#4986=DIRECTION('',(1.,0.,0.));
#4987=DIRECTION('',(-1.,0.,0.));
#4988=DIRECTION('',(0.,0.,1.));
#4989=DIRECTION('center_axis',(1.,0.,0.));
#4990=DIRECTION('ref_axis',(0.,1.,0.));
#4991=DIRECTION('',(0.,-1.,0.));
#4992=DIRECTION('',(0.,1.,0.));
#4993=DIRECTION('center_axis',(-1.,0.,0.));
#4994=DIRECTION('ref_axis',(0.,-1.,0.));
#4995=DIRECTION('',(0.,1.,0.));
#4996=DIRECTION('',(0.,0.,1.));
#4997=DIRECTION('',(0.,-1.,0.));
#4998=DIRECTION('',(0.,0.,1.));
#4999=DIRECTION('center_axis',(0.,-1.,0.));
#5000=DIRECTION('ref_axis',(1.,0.,0.));
#5001=DIRECTION('',(-1.,0.,0.));
#5002=DIRECTION('',(1.,0.,0.));
#5003=DIRECTION('',(0.,0.,1.));
#5004=DIRECTION('center_axis',(1.,0.,0.));
#5005=DIRECTION('ref_axis',(0.,1.,0.));
#5006=DIRECTION('',(0.,-1.,0.));
#5007=DIRECTION('',(0.,1.,0.));
#5008=DIRECTION('',(0.,0.,1.));
#5009=DIRECTION('center_axis',(0.,1.,0.));
#5010=DIRECTION('ref_axis',(-1.,0.,0.));
#5011=DIRECTION('',(1.,0.,0.));
#5012=DIRECTION('',(-1.,0.,0.));
#5013=DIRECTION('center_axis',(-1.,0.,0.));
#5014=DIRECTION('ref_axis',(0.,-1.,0.));
#5015=DIRECTION('',(0.,1.,0.));
#5016=DIRECTION('',(0.,0.,1.));
#5017=DIRECTION('',(0.,-1.,0.));
#5018=DIRECTION('',(0.,0.,1.));
#5019=DIRECTION('center_axis',(0.,-1.,0.));
#5020=DIRECTION('ref_axis',(1.,0.,0.));
#5021=DIRECTION('',(-1.,0.,0.));
#5022=DIRECTION('',(1.,0.,0.));
#5023=DIRECTION('',(0.,0.,1.));
#5024=DIRECTION('center_axis',(1.,0.,0.));
#5025=DIRECTION('ref_axis',(0.,1.,0.));
#5026=DIRECTION('',(0.,-1.,0.));
#5027=DIRECTION('',(0.,1.,0.));
#5028=DIRECTION('',(0.,0.,1.));
#5029=DIRECTION('center_axis',(0.,1.,0.));
#5030=DIRECTION('ref_axis',(-1.,0.,0.));
#5031=DIRECTION('',(1.,0.,0.));
#5032=DIRECTION('',(-1.,0.,0.));
#5033=DIRECTION('center_axis',(-1.,0.,0.));
#5034=DIRECTION('ref_axis',(0.,-1.,0.));
#5035=DIRECTION('',(0.,1.,0.));
#5036=DIRECTION('',(0.,0.,1.));
#5037=DIRECTION('',(0.,-1.,0.));
#5038=DIRECTION('',(0.,0.,1.));
#5039=DIRECTION('center_axis',(0.,-1.,0.));
#5040=DIRECTION('ref_axis',(1.,0.,0.));
#5041=DIRECTION('',(-1.,0.,0.));
#5042=DIRECTION('',(1.,0.,0.));
#5043=DIRECTION('',(0.,0.,1.));
#5044=DIRECTION('center_axis',(1.,7.93016446160826E-17,0.));
#5045=DIRECTION('ref_axis',(-7.93016446160826E-17,1.,0.));
#5046=DIRECTION('',(7.93016446160826E-17,-1.,0.));
#5047=DIRECTION('',(-7.93016446160826E-17,1.,0.));
#5048=DIRECTION('',(0.,0.,1.));
#5049=DIRECTION('center_axis',(0.,1.,0.));
#5050=DIRECTION('ref_axis',(-1.,0.,0.));
#5051=DIRECTION('',(1.,0.,0.));
#5052=DIRECTION('',(-1.,0.,0.));
#5053=DIRECTION('center_axis',(0.,1.,0.));
#5054=DIRECTION('ref_axis',(-1.,0.,0.));
#5055=DIRECTION('',(1.,0.,0.));
#5056=DIRECTION('',(0.,0.,1.));
#5057=DIRECTION('',(-1.,0.,0.));
#5058=DIRECTION('',(0.,0.,1.));
#5059=DIRECTION('center_axis',(1.,0.,0.));
#5060=DIRECTION('ref_axis',(0.,1.,0.));
#5061=DIRECTION('',(0.,-1.,0.));
#5062=DIRECTION('',(0.,1.,0.));
#5063=DIRECTION('',(0.,0.,1.));
#5064=DIRECTION('center_axis',(0.,1.,0.));
#5065=DIRECTION('ref_axis',(-1.,0.,0.));
#5066=DIRECTION('',(1.,0.,0.));
#5067=DIRECTION('',(-1.,0.,0.));
#5068=DIRECTION('',(0.,0.,1.));
#5069=DIRECTION('center_axis',(-1.,0.,0.));
#5070=DIRECTION('ref_axis',(0.,-1.,0.));
#5071=DIRECTION('',(0.,1.,0.));
#5072=DIRECTION('',(0.,-1.,0.));
#5073=DIRECTION('',(0.,0.,1.));
#5074=DIRECTION('center_axis',(0.,1.,0.));
#5075=DIRECTION('ref_axis',(-1.,0.,0.));
#5076=DIRECTION('',(1.,0.,0.));
#5077=DIRECTION('',(-1.,0.,0.));
#5078=DIRECTION('',(0.,0.,1.));
#5079=DIRECTION('center_axis',(-1.,0.,0.));
#5080=DIRECTION('ref_axis',(0.,-1.,0.));
#5081=DIRECTION('',(0.,1.,0.));
#5082=DIRECTION('',(0.,-1.,0.));
#5083=DIRECTION('',(0.,0.,1.));
#5084=DIRECTION('center_axis',(0.,-1.,0.));
#5085=DIRECTION('ref_axis',(1.,0.,0.));
#5086=DIRECTION('',(-1.,0.,0.));
#5087=DIRECTION('',(1.,0.,0.));
#5088=DIRECTION('',(0.,0.,1.));
#5089=DIRECTION('center_axis',(-1.,0.,0.));
#5090=DIRECTION('ref_axis',(0.,-1.,0.));
#5091=DIRECTION('',(0.,1.,0.));
#5092=DIRECTION('',(0.,-1.,0.));
#5093=DIRECTION('',(0.,0.,1.));
#5094=DIRECTION('center_axis',(0.,1.,0.));
#5095=DIRECTION('ref_axis',(-1.,0.,0.));
#5096=DIRECTION('',(1.,0.,0.));
#5097=DIRECTION('',(-1.,0.,0.));
#5098=DIRECTION('',(0.,0.,1.));
#5099=DIRECTION('center_axis',(-1.,0.,0.));
#5100=DIRECTION('ref_axis',(0.,-1.,0.));
#5101=DIRECTION('',(0.,1.,0.));
#5102=DIRECTION('',(0.,-1.,0.));
#5103=DIRECTION('',(0.,0.,1.));
#5104=DIRECTION('center_axis',(0.,-1.,0.));
#5105=DIRECTION('ref_axis',(1.,0.,0.));
#5106=DIRECTION('',(-1.,0.,0.));
#5107=DIRECTION('',(1.,0.,0.));
#5108=DIRECTION('',(0.,0.,1.));
#5109=DIRECTION('center_axis',(-1.,0.,0.));
#5110=DIRECTION('ref_axis',(0.,-1.,0.));
#5111=DIRECTION('',(0.,1.,0.));
#5112=DIRECTION('',(0.,-1.,0.));
#5113=DIRECTION('',(0.,0.,1.));
#5114=DIRECTION('center_axis',(0.,1.,0.));
#5115=DIRECTION('ref_axis',(-1.,0.,0.));
#5116=DIRECTION('',(1.,0.,0.));
#5117=DIRECTION('',(-1.,0.,0.));
#5118=DIRECTION('',(0.,0.,1.));
#5119=DIRECTION('center_axis',(-1.,0.,0.));
#5120=DIRECTION('ref_axis',(0.,-1.,0.));
#5121=DIRECTION('',(0.,1.,0.));
#5122=DIRECTION('',(0.,-1.,0.));
#5123=DIRECTION('',(0.,0.,1.));
#5124=DIRECTION('center_axis',(0.,-1.,0.));
#5125=DIRECTION('ref_axis',(1.,0.,0.));
#5126=DIRECTION('',(-1.,0.,0.));
#5127=DIRECTION('',(1.,0.,0.));
#5128=DIRECTION('',(0.,0.,1.));
#5129=DIRECTION('center_axis',(-1.,0.,0.));
#5130=DIRECTION('ref_axis',(0.,-1.,0.));
#5131=DIRECTION('',(0.,1.,0.));
#5132=DIRECTION('',(0.,-1.,0.));
#5133=DIRECTION('',(0.,0.,1.));
#5134=DIRECTION('center_axis',(0.,-1.,0.));
#5135=DIRECTION('ref_axis',(1.,0.,0.));
#5136=DIRECTION('',(-1.,0.,0.));
#5137=DIRECTION('',(1.,0.,0.));
#5138=DIRECTION('',(0.,0.,1.));
#5139=DIRECTION('center_axis',(1.,0.,0.));
#5140=DIRECTION('ref_axis',(0.,1.,0.));
#5141=DIRECTION('',(0.,-1.,0.));
#5142=DIRECTION('',(0.,1.,0.));
#5143=DIRECTION('',(0.,0.,1.));
#5144=DIRECTION('center_axis',(0.,-1.,0.));
#5145=DIRECTION('ref_axis',(1.,0.,0.));
#5146=DIRECTION('',(-1.,0.,0.));
#5147=DIRECTION('',(1.,0.,0.));
#5148=DIRECTION('',(0.,0.,1.));
#5149=DIRECTION('center_axis',(1.,0.,0.));
#5150=DIRECTION('ref_axis',(0.,1.,0.));
#5151=DIRECTION('',(0.,-1.,0.));
#5152=DIRECTION('',(0.,1.,0.));
#5153=DIRECTION('',(0.,0.,1.));
#5154=DIRECTION('center_axis',(0.,-1.,0.));
#5155=DIRECTION('ref_axis',(1.,0.,0.));
#5156=DIRECTION('',(-1.,0.,0.));
#5157=DIRECTION('',(1.,0.,0.));
#5158=DIRECTION('',(0.,0.,1.));
#5159=DIRECTION('center_axis',(1.,0.,0.));
#5160=DIRECTION('ref_axis',(0.,1.,0.));
#5161=DIRECTION('',(0.,-1.,0.));
#5162=DIRECTION('',(0.,1.,0.));
#5163=DIRECTION('',(0.,0.,1.));
#5164=DIRECTION('center_axis',(0.,1.,0.));
#5165=DIRECTION('ref_axis',(-1.,0.,0.));
#5166=DIRECTION('',(1.,0.,0.));
#5167=DIRECTION('',(-1.,0.,0.));
#5168=DIRECTION('',(0.,0.,1.));
#5169=DIRECTION('center_axis',(1.,0.,0.));
#5170=DIRECTION('ref_axis',(0.,1.,0.));
#5171=DIRECTION('',(0.,-1.,0.));
#5172=DIRECTION('',(0.,1.,0.));
#5173=DIRECTION('',(0.,0.,1.));
#5174=DIRECTION('center_axis',(0.,1.,0.));
#5175=DIRECTION('ref_axis',(-1.,0.,0.));
#5176=DIRECTION('',(1.,0.,0.));
#5177=DIRECTION('',(-1.,0.,0.));
#5178=DIRECTION('',(0.,0.,1.));
#5179=DIRECTION('center_axis',(1.,0.,0.));
#5180=DIRECTION('ref_axis',(0.,1.,0.));
#5181=DIRECTION('',(0.,-1.,0.));
#5182=DIRECTION('',(0.,1.,0.));
#5183=DIRECTION('',(0.,0.,1.));
#5184=DIRECTION('center_axis',(0.,-1.,0.));
#5185=DIRECTION('ref_axis',(1.,0.,0.));
#5186=DIRECTION('',(-1.,0.,0.));
#5187=DIRECTION('',(1.,0.,0.));
#5188=DIRECTION('',(0.,0.,1.));
#5189=DIRECTION('center_axis',(1.,0.,0.));
#5190=DIRECTION('ref_axis',(0.,1.,0.));
#5191=DIRECTION('',(0.,-1.,0.));
#5192=DIRECTION('',(0.,1.,0.));
#5193=DIRECTION('',(0.,0.,1.));
#5194=DIRECTION('center_axis',(0.,1.,0.));
#5195=DIRECTION('ref_axis',(-1.,0.,0.));
#5196=DIRECTION('',(1.,0.,0.));
#5197=DIRECTION('',(-1.,0.,0.));
#5198=DIRECTION('',(0.,0.,1.));
#5199=DIRECTION('center_axis',(1.,0.,0.));
#5200=DIRECTION('ref_axis',(0.,1.,0.));
#5201=DIRECTION('',(0.,-1.,0.));
#5202=DIRECTION('',(0.,1.,0.));
#5203=DIRECTION('',(0.,0.,1.));
#5204=DIRECTION('center_axis',(0.,-1.,0.));
#5205=DIRECTION('ref_axis',(1.,0.,0.));
#5206=DIRECTION('',(-1.,0.,0.));
#5207=DIRECTION('',(1.,0.,0.));
#5208=DIRECTION('',(0.,0.,1.));
#5209=DIRECTION('center_axis',(1.,0.,0.));
#5210=DIRECTION('ref_axis',(0.,1.,0.));
#5211=DIRECTION('',(0.,-1.,0.));
#5212=DIRECTION('',(0.,1.,0.));
#5213=DIRECTION('',(0.,0.,1.));
#5214=DIRECTION('center_axis',(0.,-1.,0.));
#5215=DIRECTION('ref_axis',(1.,0.,0.));
#5216=DIRECTION('',(-1.,0.,0.));
#5217=DIRECTION('',(1.,0.,0.));
#5218=DIRECTION('',(0.,0.,1.));
#5219=DIRECTION('center_axis',(1.,0.,0.));
#5220=DIRECTION('ref_axis',(0.,1.,0.));
#5221=DIRECTION('',(0.,-1.,0.));
#5222=DIRECTION('',(0.,1.,0.));
#5223=DIRECTION('',(0.,0.,1.));
#5224=DIRECTION('center_axis',(0.,1.,0.));
#5225=DIRECTION('ref_axis',(-1.,0.,0.));
#5226=DIRECTION('',(1.,0.,0.));
#5227=DIRECTION('',(-1.,0.,0.));
#5228=DIRECTION('',(0.,0.,1.));
#5229=DIRECTION('center_axis',(1.,0.,0.));
#5230=DIRECTION('ref_axis',(0.,1.,0.));
#5231=DIRECTION('',(0.,-1.,0.));
#5232=DIRECTION('',(0.,1.,0.));
#5233=DIRECTION('center_axis',(-1.,0.,0.));
#5234=DIRECTION('ref_axis',(0.,-1.,0.));
#5235=DIRECTION('',(0.,1.,0.));
#5236=DIRECTION('',(0.,0.,1.));
#5237=DIRECTION('',(0.,-1.,0.));
#5238=DIRECTION('',(0.,0.,1.));
#5239=DIRECTION('center_axis',(0.,-1.,0.));
#5240=DIRECTION('ref_axis',(1.,0.,0.));
#5241=DIRECTION('',(-1.,0.,0.));
#5242=DIRECTION('',(1.,0.,0.));
#5243=DIRECTION('',(0.,0.,1.));
#5244=DIRECTION('center_axis',(1.,0.,0.));
#5245=DIRECTION('ref_axis',(0.,1.,0.));
#5246=DIRECTION('',(0.,-1.,0.));
#5247=DIRECTION('',(0.,1.,0.));
#5248=DIRECTION('',(0.,0.,1.));
#5249=DIRECTION('center_axis',(0.,1.,0.));
#5250=DIRECTION('ref_axis',(-1.,0.,0.));
#5251=DIRECTION('',(1.,0.,0.));
#5252=DIRECTION('',(-1.,0.,0.));
#5253=DIRECTION('center_axis',(0.,-1.,0.));
#5254=DIRECTION('ref_axis',(1.,0.,0.));
#5255=DIRECTION('',(-1.,0.,0.));
#5256=DIRECTION('',(0.,0.,1.));
#5257=DIRECTION('',(1.,0.,0.));
#5258=DIRECTION('',(0.,0.,1.));
#5259=DIRECTION('center_axis',(1.,0.,0.));
#5260=DIRECTION('ref_axis',(0.,1.,0.));
#5261=DIRECTION('',(0.,-1.,0.));
#5262=DIRECTION('',(0.,1.,0.));
#5263=DIRECTION('',(0.,0.,1.));
#5264=DIRECTION('center_axis',(0.,1.,0.));
#5265=DIRECTION('ref_axis',(-1.,0.,0.));
#5266=DIRECTION('',(1.,0.,0.));
#5267=DIRECTION('',(-1.,0.,0.));
#5268=DIRECTION('',(0.,0.,1.));
#5269=DIRECTION('center_axis',(-1.,0.,0.));
#5270=DIRECTION('ref_axis',(0.,-1.,0.));
#5271=DIRECTION('',(0.,1.,0.));
#5272=DIRECTION('',(0.,-1.,0.));
#5273=DIRECTION('center_axis',(0.,1.,0.));
#5274=DIRECTION('ref_axis',(-1.,0.,0.));
#5275=DIRECTION('',(1.,0.,0.));
#5276=DIRECTION('',(0.,0.,1.));
#5277=DIRECTION('',(-1.,0.,0.));
#5278=DIRECTION('',(0.,0.,1.));
#5279=DIRECTION('center_axis',(-1.,0.,0.));
#5280=DIRECTION('ref_axis',(0.,-1.,0.));
#5281=DIRECTION('',(0.,1.,0.));
#5282=DIRECTION('',(0.,-1.,0.));
#5283=DIRECTION('',(0.,0.,1.));
#5284=DIRECTION('center_axis',(0.,-1.,0.));
#5285=DIRECTION('ref_axis',(1.,0.,0.));
#5286=DIRECTION('',(-1.,0.,0.));
#5287=DIRECTION('',(1.,0.,0.));
#5288=DIRECTION('',(0.,0.,1.));
#5289=DIRECTION('center_axis',(1.,0.,0.));
#5290=DIRECTION('ref_axis',(0.,1.,0.));
#5291=DIRECTION('',(0.,-1.,0.));
#5292=DIRECTION('',(0.,1.,0.));
#5293=DIRECTION('center_axis',(0.,1.,0.));
#5294=DIRECTION('ref_axis',(-1.,0.,0.));
#5295=DIRECTION('',(1.,0.,0.));
#5296=DIRECTION('',(0.,0.,1.));
#5297=DIRECTION('',(-1.,0.,0.));
#5298=DIRECTION('',(0.,0.,1.));
#5299=DIRECTION('center_axis',(-1.,0.,0.));
#5300=DIRECTION('ref_axis',(0.,-1.,0.));
#5301=DIRECTION('',(0.,1.,0.));
#5302=DIRECTION('',(0.,-1.,0.));
#5303=DIRECTION('',(0.,0.,1.));
#5304=DIRECTION('center_axis',(0.,-1.,0.));
#5305=DIRECTION('ref_axis',(1.,0.,0.));
#5306=DIRECTION('',(-1.,0.,0.));
#5307=DIRECTION('',(1.,0.,0.));
#5308=DIRECTION('',(0.,0.,1.));
#5309=DIRECTION('center_axis',(1.,0.,0.));
#5310=DIRECTION('ref_axis',(0.,1.,0.));
#5311=DIRECTION('',(0.,-1.,0.));
#5312=DIRECTION('',(0.,1.,0.));
#5313=DIRECTION('center_axis',(-1.,0.,0.));
#5314=DIRECTION('ref_axis',(0.,-1.,0.));
#5315=DIRECTION('',(0.,1.,0.));
#5316=DIRECTION('',(0.,0.,1.));
#5317=DIRECTION('',(0.,-1.,0.));
#5318=DIRECTION('',(0.,0.,1.));
#5319=DIRECTION('center_axis',(0.,-1.,0.));
#5320=DIRECTION('ref_axis',(1.,0.,0.));
#5321=DIRECTION('',(-1.,0.,0.));
#5322=DIRECTION('',(1.,0.,0.));
#5323=DIRECTION('',(0.,0.,1.));
#5324=DIRECTION('center_axis',(1.,0.,0.));
#5325=DIRECTION('ref_axis',(0.,1.,0.));
#5326=DIRECTION('',(0.,-1.,0.));
#5327=DIRECTION('',(0.,1.,0.));
#5328=DIRECTION('',(0.,0.,1.));
#5329=DIRECTION('center_axis',(0.,1.,0.));
#5330=DIRECTION('ref_axis',(-1.,0.,0.));
#5331=DIRECTION('',(1.,0.,0.));
#5332=DIRECTION('',(-1.,0.,0.));
#5333=DIRECTION('center_axis',(0.,1.,0.));
#5334=DIRECTION('ref_axis',(-1.,0.,0.));
#5335=DIRECTION('',(1.,0.,0.));
#5336=DIRECTION('',(0.,0.,1.));
#5337=DIRECTION('',(-1.,0.,0.));
#5338=DIRECTION('',(0.,0.,1.));
#5339=DIRECTION('center_axis',(-1.,0.,0.));
#5340=DIRECTION('ref_axis',(0.,-1.,0.));
#5341=DIRECTION('',(0.,1.,0.));
#5342=DIRECTION('',(0.,-1.,0.));
#5343=DIRECTION('',(0.,0.,1.));
#5344=DIRECTION('center_axis',(0.,-1.,0.));
#5345=DIRECTION('ref_axis',(1.,0.,0.));
#5346=DIRECTION('',(-1.,0.,0.));
#5347=DIRECTION('',(1.,0.,0.));
#5348=DIRECTION('',(0.,0.,1.));
#5349=DIRECTION('center_axis',(1.,0.,0.));
#5350=DIRECTION('ref_axis',(0.,1.,0.));
#5351=DIRECTION('',(0.,-1.,0.));
#5352=DIRECTION('',(0.,1.,0.));
#5353=DIRECTION('center_axis',(-1.,0.,0.));
#5354=DIRECTION('ref_axis',(0.,-1.,0.));
#5355=DIRECTION('',(0.,1.,0.));
#5356=DIRECTION('',(0.,0.,1.));
#5357=DIRECTION('',(0.,-1.,0.));
#5358=DIRECTION('',(0.,0.,1.));
#5359=DIRECTION('center_axis',(0.,-1.,0.));
#5360=DIRECTION('ref_axis',(1.,0.,0.));
#5361=DIRECTION('',(-1.,0.,0.));
#5362=DIRECTION('',(1.,0.,0.));
#5363=DIRECTION('',(0.,0.,1.));
#5364=DIRECTION('center_axis',(1.,0.,0.));
#5365=DIRECTION('ref_axis',(0.,1.,0.));
#5366=DIRECTION('',(0.,-1.,0.));
#5367=DIRECTION('',(0.,1.,0.));
#5368=DIRECTION('',(0.,0.,1.));
#5369=DIRECTION('center_axis',(0.,1.,0.));
#5370=DIRECTION('ref_axis',(-1.,0.,0.));
#5371=DIRECTION('',(1.,0.,0.));
#5372=DIRECTION('',(-1.,0.,0.));
#5373=DIRECTION('center_axis',(-1.,0.,0.));
#5374=DIRECTION('ref_axis',(0.,-1.,0.));
#5375=DIRECTION('',(0.,1.,0.));
#5376=DIRECTION('',(0.,0.,1.));
#5377=DIRECTION('',(0.,-1.,0.));
#5378=DIRECTION('',(0.,0.,1.));
#5379=DIRECTION('center_axis',(0.,-1.,0.));
#5380=DIRECTION('ref_axis',(1.,0.,0.));
#5381=DIRECTION('',(-1.,0.,0.));
#5382=DIRECTION('',(1.,0.,0.));
#5383=DIRECTION('',(0.,0.,1.));
#5384=DIRECTION('center_axis',(1.,0.,0.));
#5385=DIRECTION('ref_axis',(0.,1.,0.));
#5386=DIRECTION('',(0.,-1.,0.));
#5387=DIRECTION('',(0.,1.,0.));
#5388=DIRECTION('',(0.,0.,1.));
#5389=DIRECTION('center_axis',(0.,1.,0.));
#5390=DIRECTION('ref_axis',(-1.,0.,0.));
#5391=DIRECTION('',(1.,0.,0.));
#5392=DIRECTION('',(-1.,0.,0.));
#5393=DIRECTION('center_axis',(0.,-1.,0.));
#5394=DIRECTION('ref_axis',(1.,0.,0.));
#5395=DIRECTION('',(-1.,0.,0.));
#5396=DIRECTION('',(0.,0.,1.));
#5397=DIRECTION('',(1.,0.,0.));
#5398=DIRECTION('',(0.,0.,1.));
#5399=DIRECTION('center_axis',(1.,0.,0.));
#5400=DIRECTION('ref_axis',(0.,1.,0.));
#5401=DIRECTION('',(0.,-1.,0.));
#5402=DIRECTION('',(0.,1.,0.));
#5403=DIRECTION('',(0.,0.,1.));
#5404=DIRECTION('center_axis',(0.,1.,0.));
#5405=DIRECTION('ref_axis',(-1.,0.,0.));
#5406=DIRECTION('',(1.,0.,0.));
#5407=DIRECTION('',(-1.,0.,0.));
#5408=DIRECTION('',(0.,0.,1.));
#5409=DIRECTION('center_axis',(-1.,0.,0.));
#5410=DIRECTION('ref_axis',(0.,-1.,0.));
#5411=DIRECTION('',(0.,1.,0.));
#5412=DIRECTION('',(0.,-1.,0.));
#5413=DIRECTION('center_axis',(-1.,0.,0.));
#5414=DIRECTION('ref_axis',(0.,-1.,0.));
#5415=DIRECTION('',(0.,1.,0.));
#5416=DIRECTION('',(0.,0.,1.));
#5417=DIRECTION('',(0.,-1.,0.));
#5418=DIRECTION('',(0.,0.,1.));
#5419=DIRECTION('center_axis',(0.,-1.,0.));
#5420=DIRECTION('ref_axis',(1.,0.,0.));
#5421=DIRECTION('',(-1.,0.,0.));
#5422=DIRECTION('',(1.,0.,0.));
#5423=DIRECTION('',(0.,0.,1.));
#5424=DIRECTION('center_axis',(1.,7.93016446160825E-17,0.));
#5425=DIRECTION('ref_axis',(-7.93016446160825E-17,1.,0.));
#5426=DIRECTION('',(7.93016446160825E-17,-1.,0.));
#5427=DIRECTION('',(-7.93016446160825E-17,1.,0.));
#5428=DIRECTION('',(0.,0.,1.));
#5429=DIRECTION('center_axis',(0.,1.,0.));
#5430=DIRECTION('ref_axis',(-1.,0.,0.));
#5431=DIRECTION('',(1.,0.,0.));
#5432=DIRECTION('',(-1.,0.,0.));
#5433=DIRECTION('center_axis',(0.,1.,0.));
#5434=DIRECTION('ref_axis',(-1.,0.,0.));
#5435=DIRECTION('',(-1.,0.,0.));
#5436=DIRECTION('',(0.,0.,1.));
#5437=DIRECTION('',(-1.,0.,0.));
#5438=DIRECTION('',(0.,0.,1.));
#5439=DIRECTION('center_axis',(1.,0.,0.));
#5440=DIRECTION('ref_axis',(0.,1.,0.));
#5441=DIRECTION('',(0.,-1.,0.));
#5442=DIRECTION('',(0.,1.,0.));
#5443=DIRECTION('center_axis',(1.,0.,0.));
#5444=DIRECTION('ref_axis',(0.,1.,0.));
#5445=DIRECTION('',(0.,-1.,0.));
#5446=DIRECTION('',(0.,1.,0.));
#5447=DIRECTION('',(0.,0.,1.));
#5448=DIRECTION('center_axis',(0.,1.,0.));
#5449=DIRECTION('ref_axis',(-1.,0.,0.));
#5450=DIRECTION('',(1.,0.,0.));
#5451=DIRECTION('',(-1.,0.,0.));
#5452=DIRECTION('',(0.,0.,1.));
#5453=DIRECTION('center_axis',(-1.,0.,0.));
#5454=DIRECTION('ref_axis',(0.,-1.,0.));
#5455=DIRECTION('',(0.,1.,0.));
#5456=DIRECTION('',(0.,-1.,0.));
#5457=DIRECTION('',(0.,0.,1.));
#5458=DIRECTION('center_axis',(0.,1.,0.));
#5459=DIRECTION('ref_axis',(-1.,0.,0.));
#5460=DIRECTION('',(1.,0.,0.));
#5461=DIRECTION('',(-1.,0.,0.));
#5462=DIRECTION('',(0.,0.,1.));
#5463=DIRECTION('center_axis',(1.,0.,0.));
#5464=DIRECTION('ref_axis',(0.,1.,0.));
#5465=DIRECTION('',(0.,-1.,0.));
#5466=DIRECTION('',(0.,1.,0.));
#5467=DIRECTION('',(0.,0.,1.));
#5468=DIRECTION('center_axis',(0.,-1.,0.));
#5469=DIRECTION('ref_axis',(1.,0.,0.));
#5470=DIRECTION('',(-1.,0.,0.));
#5471=DIRECTION('',(1.,0.,0.));
#5472=DIRECTION('',(0.,0.,1.));
#5473=DIRECTION('center_axis',(-1.,0.,0.));
#5474=DIRECTION('ref_axis',(0.,-1.,0.));
#5475=DIRECTION('',(0.,1.,0.));
#5476=DIRECTION('',(0.,-1.,0.));
#5477=DIRECTION('',(0.,0.,1.));
#5478=DIRECTION('center_axis',(0.,-1.,0.));
#5479=DIRECTION('ref_axis',(1.,0.,0.));
#5480=DIRECTION('',(-1.,0.,0.));
#5481=DIRECTION('',(1.,0.,0.));
#5482=DIRECTION('',(0.,0.,1.));
#5483=DIRECTION('center_axis',(1.,0.,0.));
#5484=DIRECTION('ref_axis',(0.,1.,0.));
#5485=DIRECTION('',(0.,-1.,0.));
#5486=DIRECTION('',(0.,1.,0.));
#5487=DIRECTION('',(0.,0.,1.));
#5488=DIRECTION('center_axis',(0.,1.,0.));
#5489=DIRECTION('ref_axis',(-1.,0.,0.));
#5490=DIRECTION('',(-1.,0.,0.));
#5491=DIRECTION('',(-1.,0.,0.));
#5492=DIRECTION('',(0.,0.,1.));
#5493=DIRECTION('center_axis',(-1.,0.,0.));
#5494=DIRECTION('ref_axis',(0.,-1.,0.));
#5495=DIRECTION('',(0.,-1.,0.));
#5496=DIRECTION('',(0.,-1.,0.));
#5497=DIRECTION('',(0.,0.,1.));
#5498=DIRECTION('center_axis',(0.,1.,0.));
#5499=DIRECTION('ref_axis',(-1.,0.,0.));
#5500=DIRECTION('',(-1.,0.,0.));
#5501=DIRECTION('',(-1.,0.,0.));
#5502=DIRECTION('',(0.,0.,1.));
#5503=DIRECTION('center_axis',(1.,0.,0.));
#5504=DIRECTION('ref_axis',(0.,1.,0.));
#5505=DIRECTION('',(0.,1.,0.));
#5506=DIRECTION('',(0.,1.,0.));
#5507=DIRECTION('',(0.,0.,1.));
#5508=DIRECTION('center_axis',(0.,-1.,0.));
#5509=DIRECTION('ref_axis',(1.,0.,0.));
#5510=DIRECTION('',(1.,0.,0.));
#5511=DIRECTION('',(1.,0.,0.));
#5512=DIRECTION('',(0.,0.,1.));
#5513=DIRECTION('center_axis',(-1.,0.,0.));
#5514=DIRECTION('ref_axis',(0.,-1.,0.));
#5515=DIRECTION('',(0.,-1.,0.));
#5516=DIRECTION('',(0.,-1.,0.));
#5517=DIRECTION('',(0.,0.,1.));
#5518=DIRECTION('center_axis',(0.,-1.,0.));
#5519=DIRECTION('ref_axis',(1.,0.,0.));
#5520=DIRECTION('',(1.,0.,0.));
#5521=DIRECTION('',(1.,0.,0.));
#5522=DIRECTION('',(0.,0.,1.));
#5523=DIRECTION('center_axis',(1.,0.,0.));
#5524=DIRECTION('ref_axis',(0.,1.,0.));
#5525=DIRECTION('',(0.,-1.,0.));
#5526=DIRECTION('',(0.,1.,0.));
#5527=DIRECTION('',(0.,0.,1.));
#5528=DIRECTION('center_axis',(0.,-1.,0.));
#5529=DIRECTION('ref_axis',(1.,0.,0.));
#5530=DIRECTION('',(1.,0.,0.));
#5531=DIRECTION('',(1.,0.,0.));
#5532=DIRECTION('',(0.,0.,1.));
#5533=DIRECTION('center_axis',(-1.,0.,0.));
#5534=DIRECTION('ref_axis',(0.,-1.,0.));
#5535=DIRECTION('',(0.,-1.,0.));
#5536=DIRECTION('',(0.,-1.,0.));
#5537=DIRECTION('',(0.,0.,1.));
#5538=DIRECTION('center_axis',(0.,-1.,0.));
#5539=DIRECTION('ref_axis',(1.,0.,0.));
#5540=DIRECTION('',(-1.,0.,0.));
#5541=DIRECTION('',(1.,0.,0.));
#5542=DIRECTION('',(0.,0.,1.));
#5543=DIRECTION('center_axis',(1.,0.,0.));
#5544=DIRECTION('ref_axis',(0.,1.,0.));
#5545=DIRECTION('',(0.,-1.,0.));
#5546=DIRECTION('',(0.,1.,0.));
#5547=DIRECTION('',(0.,0.,1.));
#5548=DIRECTION('center_axis',(0.,-1.,0.));
#5549=DIRECTION('ref_axis',(1.,0.,0.));
#5550=DIRECTION('',(-1.,0.,0.));
#5551=DIRECTION('',(1.,0.,0.));
#5552=DIRECTION('',(0.,0.,1.));
#5553=DIRECTION('center_axis',(-1.,0.,0.));
#5554=DIRECTION('ref_axis',(0.,-1.,0.));
#5555=DIRECTION('',(0.,1.,0.));
#5556=DIRECTION('',(0.,-1.,0.));
#5557=DIRECTION('',(0.,0.,1.));
#5558=DIRECTION('center_axis',(0.,1.,0.));
#5559=DIRECTION('ref_axis',(-1.,0.,0.));
#5560=DIRECTION('',(1.,0.,0.));
#5561=DIRECTION('',(-1.,0.,0.));
#5562=DIRECTION('',(0.,0.,1.));
#5563=DIRECTION('center_axis',(1.,0.,0.));
#5564=DIRECTION('ref_axis',(0.,1.,0.));
#5565=DIRECTION('',(0.,-1.,0.));
#5566=DIRECTION('',(0.,1.,0.));
#5567=DIRECTION('',(0.,0.,1.));
#5568=DIRECTION('center_axis',(0.,1.,0.));
#5569=DIRECTION('ref_axis',(-1.,0.,0.));
#5570=DIRECTION('',(1.,0.,0.));
#5571=DIRECTION('',(-1.,0.,0.));
#5572=DIRECTION('',(0.,0.,1.));
#5573=DIRECTION('center_axis',(-1.,0.,0.));
#5574=DIRECTION('ref_axis',(0.,-1.,0.));
#5575=DIRECTION('',(0.,-1.,0.));
#5576=DIRECTION('',(0.,-1.,0.));
#5577=DIRECTION('',(0.,0.,1.));
#5578=DIRECTION('center_axis',(0.,-1.,0.));
#5579=DIRECTION('ref_axis',(1.,0.,0.));
#5580=DIRECTION('',(1.,0.,0.));
#5581=DIRECTION('',(1.,0.,0.));
#5582=DIRECTION('',(0.,0.,1.));
#5583=DIRECTION('center_axis',(1.,0.,0.));
#5584=DIRECTION('ref_axis',(0.,1.,0.));
#5585=DIRECTION('',(0.,1.,0.));
#5586=DIRECTION('',(0.,1.,0.));
#5587=DIRECTION('',(0.,0.,1.));
#5588=DIRECTION('center_axis',(0.,-1.,0.));
#5589=DIRECTION('ref_axis',(1.,0.,0.));
#5590=DIRECTION('',(1.,0.,0.));
#5591=DIRECTION('',(1.,0.,0.));
#5592=DIRECTION('',(0.,0.,1.));
#5593=DIRECTION('center_axis',(-1.,0.,0.));
#5594=DIRECTION('ref_axis',(0.,-1.,0.));
#5595=DIRECTION('',(0.,-1.,0.));
#5596=DIRECTION('',(0.,-1.,0.));
#5597=DIRECTION('',(0.,0.,1.));
#5598=DIRECTION('center_axis',(0.,1.,0.));
#5599=DIRECTION('ref_axis',(-1.,0.,0.));
#5600=DIRECTION('',(-1.,0.,0.));
#5601=DIRECTION('',(-1.,0.,0.));
#5602=DIRECTION('',(0.,0.,1.));
#5603=DIRECTION('center_axis',(1.,0.,0.));
#5604=DIRECTION('ref_axis',(0.,1.,0.));
#5605=DIRECTION('',(0.,1.,0.));
#5606=DIRECTION('',(0.,1.,0.));
#5607=DIRECTION('',(0.,0.,1.));
#5608=DIRECTION('center_axis',(0.,1.,0.));
#5609=DIRECTION('ref_axis',(-1.,0.,0.));
#5610=DIRECTION('',(-1.,0.,0.));
#5611=DIRECTION('',(-1.,0.,0.));
#5612=DIRECTION('',(0.,0.,1.));
#5613=DIRECTION('center_axis',(-1.,0.,0.));
#5614=DIRECTION('ref_axis',(0.,-1.,0.));
#5615=DIRECTION('',(0.,-1.,0.));
#5616=DIRECTION('',(0.,-1.,0.));
#5617=DIRECTION('center_axis',(0.,0.,1.));
#5618=DIRECTION('ref_axis',(1.,0.,0.));
#5619=DIRECTION('center_axis',(0.,0.,1.));
#5620=DIRECTION('ref_axis',(1.,0.,0.));
#5621=CARTESIAN_POINT('',(0.,0.,0.));
#5622=CARTESIAN_POINT('Origin',(77.945,100.225,0.));
#5623=CARTESIAN_POINT('',(77.945,97.604,0.));
#5624=CARTESIAN_POINT('',(77.945,100.225,0.));
#5625=CARTESIAN_POINT('',(77.945,97.604,0.));
#5626=CARTESIAN_POINT('',(77.945,97.604,1.6));
#5627=CARTESIAN_POINT('',(77.945,97.604,0.));
#5628=CARTESIAN_POINT('',(77.945,100.225,1.6));
#5629=CARTESIAN_POINT('',(77.945,97.604,1.6));
#5630=CARTESIAN_POINT('',(77.945,100.225,0.));
#5631=CARTESIAN_POINT('Origin',(81.175,100.225,0.));
#5632=CARTESIAN_POINT('',(81.175,100.225,0.));
#5633=CARTESIAN_POINT('',(77.945,100.225,0.));
#5634=CARTESIAN_POINT('',(81.175,100.225,1.6));
#5635=CARTESIAN_POINT('',(77.945,100.225,1.6));
#5636=CARTESIAN_POINT('',(81.175,100.225,0.));
#5637=CARTESIAN_POINT('Origin',(81.175,97.604,0.));
#5638=CARTESIAN_POINT('',(60.445,97.604,0.));
#5639=CARTESIAN_POINT('',(60.445,97.604,0.));
#5640=CARTESIAN_POINT('',(60.445,97.604,1.6));
#5641=CARTESIAN_POINT('',(60.445,97.604,0.));
#5642=CARTESIAN_POINT('',(60.445,97.604,1.6));
#5643=CARTESIAN_POINT('Origin',(6.325,11.5,0.));
#5644=CARTESIAN_POINT('',(5.45,11.5,0.));
#5645=CARTESIAN_POINT('',(6.325,11.5,0.));
#5646=CARTESIAN_POINT('',(5.45,11.5,0.));
#5647=CARTESIAN_POINT('',(5.45,11.5,1.6));
#5648=CARTESIAN_POINT('',(5.45,11.5,0.));
#5649=CARTESIAN_POINT('',(6.325,11.5,1.6));
#5650=CARTESIAN_POINT('',(5.45,11.5,1.6));
#5651=CARTESIAN_POINT('',(6.325,11.5,0.));
#5652=CARTESIAN_POINT('Origin',(6.325,5.23,0.));
#5653=CARTESIAN_POINT('',(6.325,5.23,0.));
#5654=CARTESIAN_POINT('',(6.325,11.5,0.));
#5655=CARTESIAN_POINT('',(6.325,5.23,1.6));
#5656=CARTESIAN_POINT('',(6.325,11.5,1.6));
#5657=CARTESIAN_POINT('',(6.325,5.23,0.));
#5658=CARTESIAN_POINT('Origin',(8.15,5.23,0.));
#5659=CARTESIAN_POINT('',(8.15,5.23,0.));
#5660=CARTESIAN_POINT('',(6.325,5.23,0.));
#5661=CARTESIAN_POINT('',(8.15,5.23,1.6));
#5662=CARTESIAN_POINT('',(6.325,5.23,1.6));
#5663=CARTESIAN_POINT('',(8.15,5.23,0.));
#5664=CARTESIAN_POINT('Origin',(8.15,4.03,0.));
#5665=CARTESIAN_POINT('',(8.15,4.03,0.));
#5666=CARTESIAN_POINT('',(8.15,5.23,0.));
#5667=CARTESIAN_POINT('',(8.15,4.03,1.6));
#5668=CARTESIAN_POINT('',(8.15,5.23,1.6));
#5669=CARTESIAN_POINT('',(8.15,4.03,0.));
#5670=CARTESIAN_POINT('Origin',(11.15,4.03,0.));
#5671=CARTESIAN_POINT('',(11.15,4.03,0.));
#5672=CARTESIAN_POINT('',(8.15,4.03,0.));
#5673=CARTESIAN_POINT('',(11.15,4.03,1.6));
#5674=CARTESIAN_POINT('',(8.15,4.03,1.6));
#5675=CARTESIAN_POINT('',(11.15,4.03,0.));
#5676=CARTESIAN_POINT('Origin',(11.15,5.23,0.));
#5677=CARTESIAN_POINT('',(11.15,5.23,0.));
#5678=CARTESIAN_POINT('',(11.15,4.03,0.));
#5679=CARTESIAN_POINT('',(11.15,5.23,1.6));
#5680=CARTESIAN_POINT('',(11.15,4.03,1.6));
#5681=CARTESIAN_POINT('',(11.15,5.23,0.));
#5682=CARTESIAN_POINT('Origin',(12.975,5.23,0.));
#5683=CARTESIAN_POINT('',(12.975,5.23,0.));
#5684=CARTESIAN_POINT('',(11.15,5.23,0.));
#5685=CARTESIAN_POINT('',(12.975,5.23,1.6));
#5686=CARTESIAN_POINT('',(11.15,5.23,1.6));
#5687=CARTESIAN_POINT('',(12.975,5.23,0.));
#5688=CARTESIAN_POINT('Origin',(12.975,11.5,0.));
#5689=CARTESIAN_POINT('',(12.975,11.5,0.));
#5690=CARTESIAN_POINT('',(12.975,5.23,0.));
#5691=CARTESIAN_POINT('',(12.975,11.5,1.6));
#5692=CARTESIAN_POINT('',(12.975,5.23,1.6));
#5693=CARTESIAN_POINT('',(12.975,11.5,0.));
#5694=CARTESIAN_POINT('Origin',(14.55,11.5,0.));
#5695=CARTESIAN_POINT('',(14.55,11.5,0.));
#5696=CARTESIAN_POINT('',(12.975,11.5,0.));
#5697=CARTESIAN_POINT('',(14.55,11.5,1.6));
#5698=CARTESIAN_POINT('',(12.975,11.5,1.6));
#5699=CARTESIAN_POINT('',(14.55,11.5,0.));
#5700=CARTESIAN_POINT('Origin',(14.55,5.,0.));
#5701=CARTESIAN_POINT('',(14.55,5.,0.));
#5702=CARTESIAN_POINT('',(14.55,11.5,0.));
#5703=CARTESIAN_POINT('',(14.55,5.,1.6));
#5704=CARTESIAN_POINT('',(14.55,11.5,1.6));
#5705=CARTESIAN_POINT('',(14.55,5.,0.));
#5706=CARTESIAN_POINT('Origin',(28.55,5.,0.));
#5707=CARTESIAN_POINT('',(28.55,5.,0.));
#5708=CARTESIAN_POINT('',(14.55,5.,0.));
#5709=CARTESIAN_POINT('',(28.55,5.,1.6));
#5710=CARTESIAN_POINT('',(14.55,5.,1.6));
#5711=CARTESIAN_POINT('',(28.55,5.,0.));
#5712=CARTESIAN_POINT('Origin',(28.55,11.5,0.));
#5713=CARTESIAN_POINT('',(28.55,11.5,0.));
#5714=CARTESIAN_POINT('',(28.55,5.,0.));
#5715=CARTESIAN_POINT('',(28.55,11.5,1.6));
#5716=CARTESIAN_POINT('',(28.55,5.,1.6));
#5717=CARTESIAN_POINT('',(28.55,11.5,0.));
#5718=CARTESIAN_POINT('Origin',(30.125,11.5,0.));
#5719=CARTESIAN_POINT('',(30.125,11.5,0.));
#5720=CARTESIAN_POINT('',(28.55,11.5,0.));
#5721=CARTESIAN_POINT('',(30.125,11.5,1.6));
#5722=CARTESIAN_POINT('',(28.55,11.5,1.6));
#5723=CARTESIAN_POINT('',(30.125,11.5,0.));
#5724=CARTESIAN_POINT('Origin',(30.125,5.23,0.));
#5725=CARTESIAN_POINT('',(30.125,5.23,0.));
#5726=CARTESIAN_POINT('',(30.125,11.5,0.));
#5727=CARTESIAN_POINT('',(30.125,5.23,1.6));
#5728=CARTESIAN_POINT('',(30.125,11.5,1.6));
#5729=CARTESIAN_POINT('',(30.125,5.23,0.));
#5730=CARTESIAN_POINT('Origin',(31.95,5.23,0.));
#5731=CARTESIAN_POINT('',(31.95,5.23,0.));
#5732=CARTESIAN_POINT('',(30.125,5.23,0.));
#5733=CARTESIAN_POINT('',(31.95,5.23,1.6));
#5734=CARTESIAN_POINT('',(30.125,5.23,1.6));
#5735=CARTESIAN_POINT('',(31.95,5.23,0.));
#5736=CARTESIAN_POINT('Origin',(31.95,4.03,0.));
#5737=CARTESIAN_POINT('',(31.95,4.03,0.));
#5738=CARTESIAN_POINT('',(31.95,5.23,0.));
#5739=CARTESIAN_POINT('',(31.95,4.03,1.6));
#5740=CARTESIAN_POINT('',(31.95,5.23,1.6));
#5741=CARTESIAN_POINT('',(31.95,4.03,0.));
#5742=CARTESIAN_POINT('Origin',(34.95,4.03,0.));
#5743=CARTESIAN_POINT('',(34.95,4.03,0.));
#5744=CARTESIAN_POINT('',(31.95,4.03,0.));
#5745=CARTESIAN_POINT('',(34.95,4.03,1.6));
#5746=CARTESIAN_POINT('',(31.95,4.03,1.6));
#5747=CARTESIAN_POINT('',(34.95,4.03,0.));
#5748=CARTESIAN_POINT('Origin',(34.95,5.23,0.));
#5749=CARTESIAN_POINT('',(34.95,5.23,0.));
#5750=CARTESIAN_POINT('',(34.95,4.03,0.));
#5751=CARTESIAN_POINT('',(34.95,5.23,1.6));
#5752=CARTESIAN_POINT('',(34.95,4.03,1.6));
#5753=CARTESIAN_POINT('',(34.95,5.23,0.));
#5754=CARTESIAN_POINT('Origin',(36.775,5.23,0.));
#5755=CARTESIAN_POINT('',(36.775,5.23,0.));
#5756=CARTESIAN_POINT('',(34.95,5.23,0.));
#5757=CARTESIAN_POINT('',(36.775,5.23,1.6));
#5758=CARTESIAN_POINT('',(34.95,5.23,1.6));
#5759=CARTESIAN_POINT('',(36.775,5.23,0.));
#5760=CARTESIAN_POINT('Origin',(36.775,11.5,0.));
#5761=CARTESIAN_POINT('',(36.775,11.5,0.));
#5762=CARTESIAN_POINT('',(36.775,5.23,0.));
#5763=CARTESIAN_POINT('',(36.775,11.5,1.6));
#5764=CARTESIAN_POINT('',(36.775,5.23,1.6));
#5765=CARTESIAN_POINT('',(36.775,11.5,0.));
#5766=CARTESIAN_POINT('Origin',(37.65,11.5,0.));
#5767=CARTESIAN_POINT('',(37.65,11.5,0.));
#5768=CARTESIAN_POINT('',(36.775,11.5,0.));
#5769=CARTESIAN_POINT('',(37.65,11.5,1.6));
#5770=CARTESIAN_POINT('',(36.775,11.5,1.6));
#5771=CARTESIAN_POINT('',(37.65,11.5,0.));
#5772=CARTESIAN_POINT('Origin',(37.65,14.3,0.));
#5773=CARTESIAN_POINT('',(37.65,14.3,0.));
#5774=CARTESIAN_POINT('',(37.65,11.5,0.));
#5775=CARTESIAN_POINT('',(37.65,14.3,1.6));
#5776=CARTESIAN_POINT('',(37.65,11.5,1.6));
#5777=CARTESIAN_POINT('',(37.65,14.3,0.));
#5778=CARTESIAN_POINT('Origin',(36.775,14.3,0.));
#5779=CARTESIAN_POINT('',(36.775,14.3,0.));
#5780=CARTESIAN_POINT('',(37.65,14.3,0.));
#5781=CARTESIAN_POINT('',(36.775,14.3,1.6));
#5782=CARTESIAN_POINT('',(37.65,14.3,1.6));
#5783=CARTESIAN_POINT('',(36.775,14.3,0.));
#5784=CARTESIAN_POINT('Origin',(36.775,17.53,0.));
#5785=CARTESIAN_POINT('',(36.775,17.53,0.));
#5786=CARTESIAN_POINT('',(36.775,14.3,0.));
#5787=CARTESIAN_POINT('',(36.775,17.53,1.6));
#5788=CARTESIAN_POINT('',(36.775,14.3,1.6));
#5789=CARTESIAN_POINT('',(36.775,17.53,0.));
#5790=CARTESIAN_POINT('Origin',(30.125,17.53,0.));
#5791=CARTESIAN_POINT('',(30.125,17.53,0.));
#5792=CARTESIAN_POINT('',(36.775,17.53,0.));
#5793=CARTESIAN_POINT('',(30.125,17.53,1.6));
#5794=CARTESIAN_POINT('',(36.775,17.53,1.6));
#5795=CARTESIAN_POINT('',(30.125,17.53,0.));
#5796=CARTESIAN_POINT('Origin',(30.125,14.3,0.));
#5797=CARTESIAN_POINT('',(30.125,14.3,0.));
#5798=CARTESIAN_POINT('',(30.125,17.53,0.));
#5799=CARTESIAN_POINT('',(30.125,14.3,1.6));
#5800=CARTESIAN_POINT('',(30.125,17.53,1.6));
#5801=CARTESIAN_POINT('',(30.125,14.3,0.));
#5802=CARTESIAN_POINT('Origin',(28.55,14.3,0.));
#5803=CARTESIAN_POINT('',(28.55,14.3,0.));
#5804=CARTESIAN_POINT('',(30.125,14.3,0.));
#5805=CARTESIAN_POINT('',(28.55,14.3,1.6));
#5806=CARTESIAN_POINT('',(30.125,14.3,1.6));
#5807=CARTESIAN_POINT('',(28.55,14.3,0.));
#5808=CARTESIAN_POINT('Origin',(28.55,19.,0.));
#5809=CARTESIAN_POINT('',(28.55,19.,0.));
#5810=CARTESIAN_POINT('',(28.55,14.3,0.));
#5811=CARTESIAN_POINT('',(28.55,19.,1.6));
#5812=CARTESIAN_POINT('',(28.55,14.3,1.6));
#5813=CARTESIAN_POINT('',(28.55,19.,0.));
#5814=CARTESIAN_POINT('Origin',(14.55,19.,0.));
#5815=CARTESIAN_POINT('',(14.55,19.,0.));
#5816=CARTESIAN_POINT('',(28.55,19.,0.));
#5817=CARTESIAN_POINT('',(14.55,19.,1.6));
#5818=CARTESIAN_POINT('',(28.55,19.,1.6));
#5819=CARTESIAN_POINT('',(14.55,19.,0.));
#5820=CARTESIAN_POINT('Origin',(14.55,14.3,0.));
#5821=CARTESIAN_POINT('',(14.55,14.3,0.));
#5822=CARTESIAN_POINT('',(14.55,19.,0.));
#5823=CARTESIAN_POINT('',(14.55,14.3,1.6));
#5824=CARTESIAN_POINT('',(14.55,19.,1.6));
#5825=CARTESIAN_POINT('',(14.55,14.3,0.));
#5826=CARTESIAN_POINT('Origin',(12.975,14.3,0.));
#5827=CARTESIAN_POINT('',(12.975,14.3,0.));
#5828=CARTESIAN_POINT('',(14.55,14.3,0.));
#5829=CARTESIAN_POINT('',(12.975,14.3,1.6));
#5830=CARTESIAN_POINT('',(14.55,14.3,1.6));
#5831=CARTESIAN_POINT('',(12.975,14.3,0.));
#5832=CARTESIAN_POINT('Origin',(12.975,17.53,0.));
#5833=CARTESIAN_POINT('',(12.975,17.53,0.));
#5834=CARTESIAN_POINT('',(12.975,14.3,0.));
#5835=CARTESIAN_POINT('',(12.975,17.53,1.6));
#5836=CARTESIAN_POINT('',(12.975,14.3,1.6));
#5837=CARTESIAN_POINT('',(12.975,17.53,0.));
#5838=CARTESIAN_POINT('Origin',(6.325,17.53,0.));
#5839=CARTESIAN_POINT('',(6.325,17.53,0.));
#5840=CARTESIAN_POINT('',(12.975,17.53,0.));
#5841=CARTESIAN_POINT('',(6.325,17.53,1.6));
#5842=CARTESIAN_POINT('',(12.975,17.53,1.6));
#5843=CARTESIAN_POINT('',(6.325,17.53,0.));
#5844=CARTESIAN_POINT('Origin',(6.325,14.3,0.));
#5845=CARTESIAN_POINT('',(6.325,14.3,0.));
#5846=CARTESIAN_POINT('',(6.325,17.53,0.));
#5847=CARTESIAN_POINT('',(6.325,14.3,1.6));
#5848=CARTESIAN_POINT('',(6.325,17.53,1.6));
#5849=CARTESIAN_POINT('',(6.325,14.3,0.));
#5850=CARTESIAN_POINT('Origin',(5.45,14.3,0.));
#5851=CARTESIAN_POINT('',(5.45,14.3,0.));
#5852=CARTESIAN_POINT('',(6.325,14.3,0.));
#5853=CARTESIAN_POINT('',(5.45,14.3,1.6));
#5854=CARTESIAN_POINT('',(6.325,14.3,1.6));
#5855=CARTESIAN_POINT('',(5.45,14.3,0.));
#5856=CARTESIAN_POINT('Origin',(5.45,11.5,0.));
#5857=CARTESIAN_POINT('',(5.45,14.3,0.));
#5858=CARTESIAN_POINT('',(5.45,14.3,1.6));
#5859=CARTESIAN_POINT('Origin',(57.125,19.,0.));
#5860=CARTESIAN_POINT('',(57.125,5.,0.));
#5861=CARTESIAN_POINT('',(57.125,19.,0.));
#5862=CARTESIAN_POINT('',(57.125,5.,0.));
#5863=CARTESIAN_POINT('',(57.125,5.,1.6));
#5864=CARTESIAN_POINT('',(57.125,5.,0.));
#5865=CARTESIAN_POINT('',(57.125,19.,1.6));
#5866=CARTESIAN_POINT('',(57.125,5.,1.6));
#5867=CARTESIAN_POINT('',(57.125,19.,0.));
#5868=CARTESIAN_POINT('Origin',(43.125,19.,0.));
#5869=CARTESIAN_POINT('',(43.125,19.,0.));
#5870=CARTESIAN_POINT('',(57.125,19.,0.));
#5871=CARTESIAN_POINT('',(43.125,19.,1.6));
#5872=CARTESIAN_POINT('',(57.125,19.,1.6));
#5873=CARTESIAN_POINT('',(43.125,19.,0.));
#5874=CARTESIAN_POINT('Origin',(43.125,5.,0.));
#5875=CARTESIAN_POINT('',(43.125,5.,0.));
#5876=CARTESIAN_POINT('',(43.125,19.,0.));
#5877=CARTESIAN_POINT('',(43.125,5.,1.6));
#5878=CARTESIAN_POINT('',(43.125,19.,1.6));
#5879=CARTESIAN_POINT('',(43.125,5.,0.));
#5880=CARTESIAN_POINT('Origin',(57.125,5.,0.));
#5881=CARTESIAN_POINT('',(43.125,5.,0.));
#5882=CARTESIAN_POINT('',(43.125,5.,1.6));
#5883=CARTESIAN_POINT('Origin',(62.405,12.95,0.));
#5884=CARTESIAN_POINT('',(68.675,12.95,0.));
#5885=CARTESIAN_POINT('',(62.405,12.95,0.));
#5886=CARTESIAN_POINT('',(68.675,12.95,0.));
#5887=CARTESIAN_POINT('',(68.675,12.95,1.6));
#5888=CARTESIAN_POINT('',(68.675,12.95,0.));
#5889=CARTESIAN_POINT('',(62.405,12.95,1.6));
#5890=CARTESIAN_POINT('',(68.675,12.95,1.6));
#5891=CARTESIAN_POINT('',(62.405,12.95,0.));
#5892=CARTESIAN_POINT('Origin',(62.405,11.125,0.));
#5893=CARTESIAN_POINT('',(62.405,11.125,0.));
#5894=CARTESIAN_POINT('',(62.405,12.95,0.));
#5895=CARTESIAN_POINT('',(62.405,11.125,1.6));
#5896=CARTESIAN_POINT('',(62.405,12.95,1.6));
#5897=CARTESIAN_POINT('',(62.405,11.125,0.));
#5898=CARTESIAN_POINT('Origin',(61.205,11.125,0.));
#5899=CARTESIAN_POINT('',(61.205,11.125,0.));
#5900=CARTESIAN_POINT('',(62.405,11.125,0.));
#5901=CARTESIAN_POINT('',(61.205,11.125,1.6));
#5902=CARTESIAN_POINT('',(62.405,11.125,1.6));
#5903=CARTESIAN_POINT('',(61.205,11.125,0.));
#5904=CARTESIAN_POINT('Origin',(61.205,8.125,0.));
#5905=CARTESIAN_POINT('',(61.205,8.125,0.));
#5906=CARTESIAN_POINT('',(61.205,11.125,0.));
#5907=CARTESIAN_POINT('',(61.205,8.125,1.6));
#5908=CARTESIAN_POINT('',(61.205,11.125,1.6));
#5909=CARTESIAN_POINT('',(61.205,8.125,0.));
#5910=CARTESIAN_POINT('Origin',(62.405,8.125,0.));
#5911=CARTESIAN_POINT('',(62.405,8.125,0.));
#5912=CARTESIAN_POINT('',(61.205,8.125,0.));
#5913=CARTESIAN_POINT('',(62.405,8.125,1.6));
#5914=CARTESIAN_POINT('',(61.205,8.125,1.6));
#5915=CARTESIAN_POINT('',(62.405,8.125,0.));
#5916=CARTESIAN_POINT('Origin',(62.405,6.3,0.));
#5917=CARTESIAN_POINT('',(62.405,6.3,0.));
#5918=CARTESIAN_POINT('',(62.405,8.125,0.));
#5919=CARTESIAN_POINT('',(62.405,6.30000000000001,1.6));
#5920=CARTESIAN_POINT('',(62.405,8.125,1.6));
#5921=CARTESIAN_POINT('',(62.405,6.3,0.));
#5922=CARTESIAN_POINT('Origin',(68.675,6.3,0.));
#5923=CARTESIAN_POINT('',(68.675,6.3,0.));
#5924=CARTESIAN_POINT('',(62.405,6.3,0.));
#5925=CARTESIAN_POINT('',(68.675,6.30000000000001,1.6));
#5926=CARTESIAN_POINT('',(62.405,6.3,1.6));
#5927=CARTESIAN_POINT('',(68.675,6.3,0.));
#5928=CARTESIAN_POINT('Origin',(68.675,5.425,0.));
#5929=CARTESIAN_POINT('',(68.675,5.425,0.));
#5930=CARTESIAN_POINT('',(68.675,6.3,0.));
#5931=CARTESIAN_POINT('',(68.675,5.425,1.6));
#5932=CARTESIAN_POINT('',(68.675,6.3,1.6));
#5933=CARTESIAN_POINT('',(68.675,5.425,0.));
#5934=CARTESIAN_POINT('Origin',(71.475,5.425,0.));
#5935=CARTESIAN_POINT('',(71.475,5.425,0.));
#5936=CARTESIAN_POINT('',(68.675,5.425,0.));
#5937=CARTESIAN_POINT('',(71.475,5.425,1.6));
#5938=CARTESIAN_POINT('',(68.675,5.425,1.6));
#5939=CARTESIAN_POINT('',(71.475,5.425,0.));
#5940=CARTESIAN_POINT('Origin',(71.475,6.3,0.));
#5941=CARTESIAN_POINT('',(71.475,6.3,0.));
#5942=CARTESIAN_POINT('',(71.475,5.425,0.));
#5943=CARTESIAN_POINT('',(71.475,6.30000000000001,1.6));
#5944=CARTESIAN_POINT('',(71.475,5.425,1.6));
#5945=CARTESIAN_POINT('',(71.475,6.3,0.));
#5946=CARTESIAN_POINT('Origin',(74.705,6.3,0.));
#5947=CARTESIAN_POINT('',(74.705,6.3,0.));
#5948=CARTESIAN_POINT('',(71.475,6.3,0.));
#5949=CARTESIAN_POINT('',(74.705,6.30000000000001,1.6));
#5950=CARTESIAN_POINT('',(71.475,6.3,1.6));
#5951=CARTESIAN_POINT('',(74.705,6.3,0.));
#5952=CARTESIAN_POINT('Origin',(74.705,12.95,0.));
#5953=CARTESIAN_POINT('',(74.705,12.95,0.));
#5954=CARTESIAN_POINT('',(74.705,6.3,0.));
#5955=CARTESIAN_POINT('',(74.705,12.95,1.6));
#5956=CARTESIAN_POINT('',(74.705,6.3,1.6));
#5957=CARTESIAN_POINT('',(74.705,12.95,0.));
#5958=CARTESIAN_POINT('Origin',(71.475,12.95,0.));
#5959=CARTESIAN_POINT('',(71.475,12.95,0.));
#5960=CARTESIAN_POINT('',(74.705,12.95,0.));
#5961=CARTESIAN_POINT('',(71.475,12.95,1.6));
#5962=CARTESIAN_POINT('',(74.705,12.95,1.6));
#5963=CARTESIAN_POINT('',(71.475,12.95,0.));
#5964=CARTESIAN_POINT('Origin',(71.475,14.525,0.));
#5965=CARTESIAN_POINT('',(71.475,14.525,0.));
#5966=CARTESIAN_POINT('',(71.475,12.95,0.));
#5967=CARTESIAN_POINT('',(71.475,14.525,1.6));
#5968=CARTESIAN_POINT('',(71.475,12.95,1.6));
#5969=CARTESIAN_POINT('',(71.475,14.525,0.));
#5970=CARTESIAN_POINT('Origin',(76.175,14.525,0.));
#5971=CARTESIAN_POINT('',(76.175,14.525,0.));
#5972=CARTESIAN_POINT('',(71.475,14.525,0.));
#5973=CARTESIAN_POINT('',(76.175,14.525,1.6));
#5974=CARTESIAN_POINT('',(71.475,14.525,1.6));
#5975=CARTESIAN_POINT('',(76.175,14.525,0.));
#5976=CARTESIAN_POINT('Origin',(76.175,28.525,0.));
#5977=CARTESIAN_POINT('',(76.175,28.525,0.));
#5978=CARTESIAN_POINT('',(76.175,14.525,0.));
#5979=CARTESIAN_POINT('',(76.175,28.525,1.6));
#5980=CARTESIAN_POINT('',(76.175,14.525,1.6));
#5981=CARTESIAN_POINT('',(76.175,28.525,0.));
#5982=CARTESIAN_POINT('Origin',(71.475,28.525,0.));
#5983=CARTESIAN_POINT('',(71.475,28.525,0.));
#5984=CARTESIAN_POINT('',(76.175,28.525,0.));
#5985=CARTESIAN_POINT('',(71.475,28.525,1.6));
#5986=CARTESIAN_POINT('',(76.175,28.525,1.6));
#5987=CARTESIAN_POINT('',(71.475,28.525,0.));
#5988=CARTESIAN_POINT('Origin',(71.475,30.1,0.));
#5989=CARTESIAN_POINT('',(71.475,30.1,0.));
#5990=CARTESIAN_POINT('',(71.475,28.525,0.));
#5991=CARTESIAN_POINT('',(71.475,30.1,1.6));
#5992=CARTESIAN_POINT('',(71.475,28.525,1.6));
#5993=CARTESIAN_POINT('',(71.475,30.1,0.));
#5994=CARTESIAN_POINT('Origin',(74.705,30.1,0.));
#5995=CARTESIAN_POINT('',(74.705,30.1,0.));
#5996=CARTESIAN_POINT('',(71.475,30.1,0.));
#5997=CARTESIAN_POINT('',(74.705,30.1,1.6));
#5998=CARTESIAN_POINT('',(71.475,30.1,1.6));
#5999=CARTESIAN_POINT('',(74.705,30.1,0.));
#6000=CARTESIAN_POINT('Origin',(74.705,36.75,0.));
#6001=CARTESIAN_POINT('',(74.705,36.75,0.));
#6002=CARTESIAN_POINT('',(74.705,30.1,0.));
#6003=CARTESIAN_POINT('',(74.705,36.75,1.6));
#6004=CARTESIAN_POINT('',(74.705,30.1,1.6));
#6005=CARTESIAN_POINT('',(74.705,36.75,0.));
#6006=CARTESIAN_POINT('Origin',(71.475,36.75,0.));
#6007=CARTESIAN_POINT('',(71.475,36.75,0.));
#6008=CARTESIAN_POINT('',(74.705,36.75,0.));
#6009=CARTESIAN_POINT('',(71.475,36.75,1.6));
#6010=CARTESIAN_POINT('',(74.705,36.75,1.6));
#6011=CARTESIAN_POINT('',(71.475,36.75,0.));
#6012=CARTESIAN_POINT('Origin',(71.475,37.625,0.));
#6013=CARTESIAN_POINT('',(71.475,37.625,0.));
#6014=CARTESIAN_POINT('',(71.475,36.75,0.));
#6015=CARTESIAN_POINT('',(71.475,37.625,1.6));
#6016=CARTESIAN_POINT('',(71.475,36.75,1.6));
#6017=CARTESIAN_POINT('',(71.475,37.625,0.));
#6018=CARTESIAN_POINT('Origin',(68.675,37.625,0.));
#6019=CARTESIAN_POINT('',(68.675,37.625,0.));
#6020=CARTESIAN_POINT('',(71.475,37.625,0.));
#6021=CARTESIAN_POINT('',(68.675,37.625,1.6));
#6022=CARTESIAN_POINT('',(71.475,37.625,1.6));
#6023=CARTESIAN_POINT('',(68.675,37.625,0.));
#6024=CARTESIAN_POINT('Origin',(68.675,36.75,0.));
#6025=CARTESIAN_POINT('',(68.675,36.75,0.));
#6026=CARTESIAN_POINT('',(68.675,37.625,0.));
#6027=CARTESIAN_POINT('',(68.675,36.75,1.6));
#6028=CARTESIAN_POINT('',(68.675,37.625,1.6));
#6029=CARTESIAN_POINT('',(68.675,36.75,0.));
#6030=CARTESIAN_POINT('Origin',(62.405,36.75,0.));
#6031=CARTESIAN_POINT('',(62.405,36.75,0.));
#6032=CARTESIAN_POINT('',(68.675,36.75,0.));
#6033=CARTESIAN_POINT('',(62.405,36.75,1.6));
#6034=CARTESIAN_POINT('',(68.675,36.75,1.6));
#6035=CARTESIAN_POINT('',(62.405,36.75,0.));
#6036=CARTESIAN_POINT('Origin',(62.405,34.925,0.));
#6037=CARTESIAN_POINT('',(62.405,34.925,0.));
#6038=CARTESIAN_POINT('',(62.405,36.75,0.));
#6039=CARTESIAN_POINT('',(62.405,34.925,1.6));
#6040=CARTESIAN_POINT('',(62.405,36.75,1.6));
#6041=CARTESIAN_POINT('',(62.405,34.925,0.));
#6042=CARTESIAN_POINT('Origin',(61.205,34.925,0.));
#6043=CARTESIAN_POINT('',(61.205,34.925,0.));
#6044=CARTESIAN_POINT('',(62.405,34.925,0.));
#6045=CARTESIAN_POINT('',(61.205,34.925,1.6));
#6046=CARTESIAN_POINT('',(62.405,34.925,1.6));
#6047=CARTESIAN_POINT('',(61.205,34.925,0.));
#6048=CARTESIAN_POINT('Origin',(61.205,31.925,0.));
#6049=CARTESIAN_POINT('',(61.205,31.925,0.));
#6050=CARTESIAN_POINT('',(61.205,34.925,0.));
#6051=CARTESIAN_POINT('',(61.205,31.925,1.6));
#6052=CARTESIAN_POINT('',(61.205,34.925,1.6));
#6053=CARTESIAN_POINT('',(61.205,31.925,0.));
#6054=CARTESIAN_POINT('Origin',(62.405,31.925,0.));
#6055=CARTESIAN_POINT('',(62.405,31.925,0.));
#6056=CARTESIAN_POINT('',(61.205,31.925,0.));
#6057=CARTESIAN_POINT('',(62.405,31.925,1.6));
#6058=CARTESIAN_POINT('',(61.205,31.925,1.6));
#6059=CARTESIAN_POINT('',(62.405,31.925,0.));
#6060=CARTESIAN_POINT('Origin',(62.405,30.1,0.));
#6061=CARTESIAN_POINT('',(62.405,30.1,0.));
#6062=CARTESIAN_POINT('',(62.405,31.925,0.));
#6063=CARTESIAN_POINT('',(62.405,30.1,1.6));
#6064=CARTESIAN_POINT('',(62.405,31.925,1.6));
#6065=CARTESIAN_POINT('',(62.405,30.1,0.));
#6066=CARTESIAN_POINT('Origin',(68.675,30.1,0.));
#6067=CARTESIAN_POINT('',(68.675,30.1,0.));
#6068=CARTESIAN_POINT('',(62.405,30.1,0.));
#6069=CARTESIAN_POINT('',(68.675,30.1,1.6));
#6070=CARTESIAN_POINT('',(62.405,30.1,1.6));
#6071=CARTESIAN_POINT('',(68.675,30.1,0.));
#6072=CARTESIAN_POINT('Origin',(68.675,28.525,0.));
#6073=CARTESIAN_POINT('',(68.675,28.525,0.));
#6074=CARTESIAN_POINT('',(68.675,30.1,0.));
#6075=CARTESIAN_POINT('',(68.675,28.525,1.6));
#6076=CARTESIAN_POINT('',(68.675,30.1,1.6));
#6077=CARTESIAN_POINT('',(68.675,28.525,0.));
#6078=CARTESIAN_POINT('Origin',(62.175,28.525,0.));
#6079=CARTESIAN_POINT('',(62.175,28.525,0.));
#6080=CARTESIAN_POINT('',(68.675,28.525,0.));
#6081=CARTESIAN_POINT('',(62.175,28.525,1.6));
#6082=CARTESIAN_POINT('',(68.675,28.525,1.6));
#6083=CARTESIAN_POINT('',(62.175,28.525,0.));
#6084=CARTESIAN_POINT('Origin',(62.175,14.525,0.));
#6085=CARTESIAN_POINT('',(62.175,14.525,0.));
#6086=CARTESIAN_POINT('',(62.175,28.525,0.));
#6087=CARTESIAN_POINT('',(62.175,14.525,1.6));
#6088=CARTESIAN_POINT('',(62.175,28.525,1.6));
#6089=CARTESIAN_POINT('',(62.175,14.525,0.));
#6090=CARTESIAN_POINT('Origin',(68.675,14.525,0.));
#6091=CARTESIAN_POINT('',(68.675,14.525,0.));
#6092=CARTESIAN_POINT('',(62.175,14.525,0.));
#6093=CARTESIAN_POINT('',(68.675,14.525,1.6));
#6094=CARTESIAN_POINT('',(62.175,14.525,1.6));
#6095=CARTESIAN_POINT('',(68.675,14.525,0.));
#6096=CARTESIAN_POINT('Origin',(68.675,12.95,0.));
#6097=CARTESIAN_POINT('',(68.675,14.525,0.));
#6098=CARTESIAN_POINT('',(68.675,14.525,1.6));
#6099=CARTESIAN_POINT('Origin',(38.075,38.05,0.));
#6100=CARTESIAN_POINT('',(38.075,24.05,0.));
#6101=CARTESIAN_POINT('',(38.075,38.05,0.));
#6102=CARTESIAN_POINT('',(38.075,24.05,0.));
#6103=CARTESIAN_POINT('',(38.075,24.05,1.6));
#6104=CARTESIAN_POINT('',(38.075,24.05,0.));
#6105=CARTESIAN_POINT('',(38.075,38.05,1.6));
#6106=CARTESIAN_POINT('',(38.075,24.05,1.6));
#6107=CARTESIAN_POINT('',(38.075,38.05,0.));
#6108=CARTESIAN_POINT('Origin',(24.075,38.05,0.));
#6109=CARTESIAN_POINT('',(24.075,38.05,0.));
#6110=CARTESIAN_POINT('',(38.075,38.05,0.));
#6111=CARTESIAN_POINT('',(24.075,38.05,1.6));
#6112=CARTESIAN_POINT('',(38.075,38.05,1.6));
#6113=CARTESIAN_POINT('',(24.075,38.05,0.));
#6114=CARTESIAN_POINT('Origin',(24.075,24.05,0.));
#6115=CARTESIAN_POINT('',(24.075,24.05,0.));
#6116=CARTESIAN_POINT('',(24.075,38.05,0.));
#6117=CARTESIAN_POINT('',(24.075,24.05,1.6));
#6118=CARTESIAN_POINT('',(24.075,38.05,1.6));
#6119=CARTESIAN_POINT('',(24.075,24.05,0.));
#6120=CARTESIAN_POINT('Origin',(38.075,24.05,0.));
#6121=CARTESIAN_POINT('',(24.075,24.05,0.));
#6122=CARTESIAN_POINT('',(24.075,24.05,1.6));
#6123=CARTESIAN_POINT('Origin',(57.125,38.05,0.));
#6124=CARTESIAN_POINT('',(57.125,24.05,0.));
#6125=CARTESIAN_POINT('',(57.125,38.05,0.));
#6126=CARTESIAN_POINT('',(57.125,24.05,0.));
#6127=CARTESIAN_POINT('',(57.125,24.05,1.6));
#6128=CARTESIAN_POINT('',(57.125,24.05,0.));
#6129=CARTESIAN_POINT('',(57.125,38.05,1.6));
#6130=CARTESIAN_POINT('',(57.125,24.05,1.6));
#6131=CARTESIAN_POINT('',(57.125,38.05,0.));
#6132=CARTESIAN_POINT('Origin',(43.125,38.05,0.));
#6133=CARTESIAN_POINT('',(43.125,38.05,0.));
#6134=CARTESIAN_POINT('',(57.125,38.05,0.));
#6135=CARTESIAN_POINT('',(43.125,38.05,1.6));
#6136=CARTESIAN_POINT('',(57.125,38.05,1.6));
#6137=CARTESIAN_POINT('',(43.125,38.05,0.));
#6138=CARTESIAN_POINT('Origin',(43.125,24.05,0.));
#6139=CARTESIAN_POINT('',(43.125,24.05,0.));
#6140=CARTESIAN_POINT('',(43.125,38.05,0.));
#6141=CARTESIAN_POINT('',(43.125,24.05,1.6));
#6142=CARTESIAN_POINT('',(43.125,38.05,1.6));
#6143=CARTESIAN_POINT('',(43.125,24.05,0.));
#6144=CARTESIAN_POINT('Origin',(57.125,24.05,0.));
#6145=CARTESIAN_POINT('',(43.125,24.05,0.));
#6146=CARTESIAN_POINT('',(43.125,24.05,1.6));
#6147=CARTESIAN_POINT('Origin',(19.025,38.05,0.));
#6148=CARTESIAN_POINT('',(19.025,24.05,0.));
#6149=CARTESIAN_POINT('',(19.025,38.05,0.));
#6150=CARTESIAN_POINT('',(19.025,24.05,0.));
#6151=CARTESIAN_POINT('',(19.025,24.05,1.6));
#6152=CARTESIAN_POINT('',(19.025,24.05,0.));
#6153=CARTESIAN_POINT('',(19.025,38.05,1.6));
#6154=CARTESIAN_POINT('',(19.025,24.05,1.6));
#6155=CARTESIAN_POINT('',(19.025,38.05,0.));
#6156=CARTESIAN_POINT('Origin',(5.025,38.05,0.));
#6157=CARTESIAN_POINT('',(5.025,38.05,0.));
#6158=CARTESIAN_POINT('',(19.025,38.05,0.));
#6159=CARTESIAN_POINT('',(5.025,38.05,1.6));
#6160=CARTESIAN_POINT('',(19.025,38.05,1.6));
#6161=CARTESIAN_POINT('',(5.025,38.05,0.));
#6162=CARTESIAN_POINT('Origin',(5.025,24.05,0.));
#6163=CARTESIAN_POINT('',(5.025,24.05,0.));
#6164=CARTESIAN_POINT('',(5.025,38.05,0.));
#6165=CARTESIAN_POINT('',(5.025,24.05,1.6));
#6166=CARTESIAN_POINT('',(5.025,38.05,1.6));
#6167=CARTESIAN_POINT('',(5.025,24.05,0.));
#6168=CARTESIAN_POINT('Origin',(19.025,24.05,0.));
#6169=CARTESIAN_POINT('',(5.025,24.05,0.));
#6170=CARTESIAN_POINT('',(5.025,24.05,1.6));
#6171=CARTESIAN_POINT('Origin',(68.675,44.4,0.));
#6172=CARTESIAN_POINT('',(62.405,44.4,0.));
#6173=CARTESIAN_POINT('',(68.675,44.4,0.));
#6174=CARTESIAN_POINT('',(62.405,44.4,0.));
#6175=CARTESIAN_POINT('',(62.405,44.4,1.6));
#6176=CARTESIAN_POINT('',(62.405,44.4,0.));
#6177=CARTESIAN_POINT('',(68.675,44.4,1.6));
#6178=CARTESIAN_POINT('',(62.405,44.4,1.6));
#6179=CARTESIAN_POINT('',(68.675,44.4,0.));
#6180=CARTESIAN_POINT('Origin',(68.675,43.525,0.));
#6181=CARTESIAN_POINT('',(68.675,43.525,0.));
#6182=CARTESIAN_POINT('',(68.675,44.4,0.));
#6183=CARTESIAN_POINT('',(68.675,43.525,1.6));
#6184=CARTESIAN_POINT('',(68.675,44.4,1.6));
#6185=CARTESIAN_POINT('',(68.675,43.525,0.));
#6186=CARTESIAN_POINT('Origin',(71.475,43.525,0.));
#6187=CARTESIAN_POINT('',(71.475,43.525,0.));
#6188=CARTESIAN_POINT('',(68.675,43.525,0.));
#6189=CARTESIAN_POINT('',(71.475,43.525,1.6));
#6190=CARTESIAN_POINT('',(68.675,43.525,1.6));
#6191=CARTESIAN_POINT('',(71.475,43.525,0.));
#6192=CARTESIAN_POINT('Origin',(71.475,44.4,0.));
#6193=CARTESIAN_POINT('',(71.475,44.4,0.));
#6194=CARTESIAN_POINT('',(71.475,43.525,0.));
#6195=CARTESIAN_POINT('',(71.475,44.4,1.6));
#6196=CARTESIAN_POINT('',(71.475,43.525,1.6));
#6197=CARTESIAN_POINT('',(71.475,44.4,0.));
#6198=CARTESIAN_POINT('Origin',(74.705,44.4,0.));
#6199=CARTESIAN_POINT('',(74.705,44.4,0.));
#6200=CARTESIAN_POINT('',(71.475,44.4,0.));
#6201=CARTESIAN_POINT('',(74.705,44.4,1.6));
#6202=CARTESIAN_POINT('',(71.475,44.4,1.6));
#6203=CARTESIAN_POINT('',(74.705,44.4,0.));
#6204=CARTESIAN_POINT('Origin',(74.705,51.05,0.));
#6205=CARTESIAN_POINT('',(74.705,51.05,0.));
#6206=CARTESIAN_POINT('',(74.705,44.4,0.));
#6207=CARTESIAN_POINT('',(74.705,51.05,1.6));
#6208=CARTESIAN_POINT('',(74.705,44.4,1.6));
#6209=CARTESIAN_POINT('',(74.705,51.05,0.));
#6210=CARTESIAN_POINT('Origin',(71.475,51.05,0.));
#6211=CARTESIAN_POINT('',(71.475,51.05,0.));
#6212=CARTESIAN_POINT('',(74.705,51.05,0.));
#6213=CARTESIAN_POINT('',(71.475,51.05,1.6));
#6214=CARTESIAN_POINT('',(74.705,51.05,1.6));
#6215=CARTESIAN_POINT('',(71.475,51.05,0.));
#6216=CARTESIAN_POINT('Origin',(71.475,52.625,0.));
#6217=CARTESIAN_POINT('',(71.475,52.625,0.));
#6218=CARTESIAN_POINT('',(71.475,51.05,0.));
#6219=CARTESIAN_POINT('',(71.475,52.625,1.6));
#6220=CARTESIAN_POINT('',(71.475,51.05,1.6));
#6221=CARTESIAN_POINT('',(71.475,52.625,0.));
#6222=CARTESIAN_POINT('Origin',(76.175,52.625,0.));
#6223=CARTESIAN_POINT('',(76.175,52.625,0.));
#6224=CARTESIAN_POINT('',(71.475,52.625,0.));
#6225=CARTESIAN_POINT('',(76.175,52.625,1.6));
#6226=CARTESIAN_POINT('',(71.475,52.625,1.6));
#6227=CARTESIAN_POINT('',(76.175,52.625,0.));
#6228=CARTESIAN_POINT('Origin',(76.175,66.625,0.));
#6229=CARTESIAN_POINT('',(76.175,66.625,0.));
#6230=CARTESIAN_POINT('',(76.175,52.625,0.));
#6231=CARTESIAN_POINT('',(76.175,66.625,1.6));
#6232=CARTESIAN_POINT('',(76.175,52.625,1.6));
#6233=CARTESIAN_POINT('',(76.175,66.625,0.));
#6234=CARTESIAN_POINT('Origin',(71.475,66.625,0.));
#6235=CARTESIAN_POINT('',(71.475,66.625,0.));
#6236=CARTESIAN_POINT('',(76.175,66.625,0.));
#6237=CARTESIAN_POINT('',(71.475,66.625,1.6));
#6238=CARTESIAN_POINT('',(76.175,66.625,1.6));
#6239=CARTESIAN_POINT('',(71.475,66.625,0.));
#6240=CARTESIAN_POINT('Origin',(71.475,68.2,0.));
#6241=CARTESIAN_POINT('',(71.475,68.2,0.));
#6242=CARTESIAN_POINT('',(71.475,66.625,0.));
#6243=CARTESIAN_POINT('',(71.475,68.2,1.6));
#6244=CARTESIAN_POINT('',(71.475,66.625,1.6));
#6245=CARTESIAN_POINT('',(71.475,68.2,0.));
#6246=CARTESIAN_POINT('Origin',(74.705,68.2,0.));
#6247=CARTESIAN_POINT('',(74.705,68.2,0.));
#6248=CARTESIAN_POINT('',(71.475,68.2,0.));
#6249=CARTESIAN_POINT('',(74.705,68.2,1.6));
#6250=CARTESIAN_POINT('',(71.475,68.2,1.6));
#6251=CARTESIAN_POINT('',(74.705,68.2,0.));
#6252=CARTESIAN_POINT('Origin',(74.705,74.85,0.));
#6253=CARTESIAN_POINT('',(74.705,74.85,0.));
#6254=CARTESIAN_POINT('',(74.705,68.2,0.));
#6255=CARTESIAN_POINT('',(74.705,74.85,1.6));
#6256=CARTESIAN_POINT('',(74.705,68.2,1.6));
#6257=CARTESIAN_POINT('',(74.705,74.85,0.));
#6258=CARTESIAN_POINT('Origin',(71.475,74.85,0.));
#6259=CARTESIAN_POINT('',(71.475,74.85,0.));
#6260=CARTESIAN_POINT('',(74.705,74.85,0.));
#6261=CARTESIAN_POINT('',(71.475,74.85,1.6));
#6262=CARTESIAN_POINT('',(74.705,74.85,1.6));
#6263=CARTESIAN_POINT('',(71.475,74.85,0.));
#6264=CARTESIAN_POINT('Origin',(71.475,75.725,0.));
#6265=CARTESIAN_POINT('',(71.475,75.725,0.));
#6266=CARTESIAN_POINT('',(71.475,74.85,0.));
#6267=CARTESIAN_POINT('',(71.475,75.725,1.6));
#6268=CARTESIAN_POINT('',(71.475,74.85,1.6));
#6269=CARTESIAN_POINT('',(71.475,75.725,0.));
#6270=CARTESIAN_POINT('Origin',(68.675,75.725,0.));
#6271=CARTESIAN_POINT('',(68.675,75.725,0.));
#6272=CARTESIAN_POINT('',(71.475,75.725,0.));
#6273=CARTESIAN_POINT('',(68.675,75.725,1.6));
#6274=CARTESIAN_POINT('',(71.475,75.725,1.6));
#6275=CARTESIAN_POINT('',(68.675,75.725,0.));
#6276=CARTESIAN_POINT('Origin',(68.675,74.85,0.));
#6277=CARTESIAN_POINT('',(68.675,74.85,0.));
#6278=CARTESIAN_POINT('',(68.675,75.725,0.));
#6279=CARTESIAN_POINT('',(68.675,74.85,1.6));
#6280=CARTESIAN_POINT('',(68.675,75.725,1.6));
#6281=CARTESIAN_POINT('',(68.675,74.85,0.));
#6282=CARTESIAN_POINT('Origin',(62.405,74.85,0.));
#6283=CARTESIAN_POINT('',(62.405,74.85,0.));
#6284=CARTESIAN_POINT('',(68.675,74.85,0.));
#6285=CARTESIAN_POINT('',(62.405,74.85,1.6));
#6286=CARTESIAN_POINT('',(68.675,74.85,1.6));
#6287=CARTESIAN_POINT('',(62.405,74.85,0.));
#6288=CARTESIAN_POINT('Origin',(62.405,73.025,0.));
#6289=CARTESIAN_POINT('',(62.405,73.025,0.));
#6290=CARTESIAN_POINT('',(62.405,74.85,0.));
#6291=CARTESIAN_POINT('',(62.405,73.025,1.6));
#6292=CARTESIAN_POINT('',(62.405,74.85,1.6));
#6293=CARTESIAN_POINT('',(62.405,73.025,0.));
#6294=CARTESIAN_POINT('Origin',(61.205,73.025,0.));
#6295=CARTESIAN_POINT('',(61.205,73.025,0.));
#6296=CARTESIAN_POINT('',(62.405,73.025,0.));
#6297=CARTESIAN_POINT('',(61.205,73.025,1.6));
#6298=CARTESIAN_POINT('',(62.405,73.025,1.6));
#6299=CARTESIAN_POINT('',(61.205,73.025,0.));
#6300=CARTESIAN_POINT('Origin',(61.205,70.025,0.));
#6301=CARTESIAN_POINT('',(61.205,70.025,0.));
#6302=CARTESIAN_POINT('',(61.205,73.025,0.));
#6303=CARTESIAN_POINT('',(61.205,70.025,1.6));
#6304=CARTESIAN_POINT('',(61.205,73.025,1.6));
#6305=CARTESIAN_POINT('',(61.205,70.025,0.));
#6306=CARTESIAN_POINT('Origin',(62.405,70.025,0.));
#6307=CARTESIAN_POINT('',(62.405,70.025,0.));
#6308=CARTESIAN_POINT('',(61.205,70.025,0.));
#6309=CARTESIAN_POINT('',(62.405,70.025,1.6));
#6310=CARTESIAN_POINT('',(61.205,70.025,1.6));
#6311=CARTESIAN_POINT('',(62.405,70.025,0.));
#6312=CARTESIAN_POINT('Origin',(62.405,68.2,0.));
#6313=CARTESIAN_POINT('',(62.405,68.2,0.));
#6314=CARTESIAN_POINT('',(62.405,70.025,0.));
#6315=CARTESIAN_POINT('',(62.405,68.2,1.6));
#6316=CARTESIAN_POINT('',(62.405,70.025,1.6));
#6317=CARTESIAN_POINT('',(62.405,68.2,0.));
#6318=CARTESIAN_POINT('Origin',(68.675,68.2,0.));
#6319=CARTESIAN_POINT('',(68.675,68.2,0.));
#6320=CARTESIAN_POINT('',(62.405,68.2,0.));
#6321=CARTESIAN_POINT('',(68.675,68.2,1.6));
#6322=CARTESIAN_POINT('',(62.405,68.2,1.6));
#6323=CARTESIAN_POINT('',(68.675,68.2,0.));
#6324=CARTESIAN_POINT('Origin',(68.675,66.625,0.));
#6325=CARTESIAN_POINT('',(68.675,66.625,0.));
#6326=CARTESIAN_POINT('',(68.675,68.2,0.));
#6327=CARTESIAN_POINT('',(68.675,66.625,1.6));
#6328=CARTESIAN_POINT('',(68.675,68.2,1.6));
#6329=CARTESIAN_POINT('',(68.675,66.625,0.));
#6330=CARTESIAN_POINT('Origin',(62.175,66.625,0.));
#6331=CARTESIAN_POINT('',(62.175,66.625,0.));
#6332=CARTESIAN_POINT('',(68.675,66.625,0.));
#6333=CARTESIAN_POINT('',(62.175,66.625,1.6));
#6334=CARTESIAN_POINT('',(68.675,66.625,1.6));
#6335=CARTESIAN_POINT('',(62.175,66.625,0.));
#6336=CARTESIAN_POINT('Origin',(62.175,52.625,0.));
#6337=CARTESIAN_POINT('',(62.175,52.625,0.));
#6338=CARTESIAN_POINT('',(62.175,66.625,0.));
#6339=CARTESIAN_POINT('',(62.175,52.625,1.6));
#6340=CARTESIAN_POINT('',(62.175,66.625,1.6));
#6341=CARTESIAN_POINT('',(62.175,52.625,0.));
#6342=CARTESIAN_POINT('Origin',(68.675,52.625,0.));
#6343=CARTESIAN_POINT('',(68.675,52.625,0.));
#6344=CARTESIAN_POINT('',(62.175,52.625,0.));
#6345=CARTESIAN_POINT('',(68.675,52.625,1.6));
#6346=CARTESIAN_POINT('',(62.175,52.625,1.6));
#6347=CARTESIAN_POINT('',(68.675,52.625,0.));
#6348=CARTESIAN_POINT('Origin',(68.675,51.05,0.));
#6349=CARTESIAN_POINT('',(68.675,51.05,0.));
#6350=CARTESIAN_POINT('',(68.675,52.625,0.));
#6351=CARTESIAN_POINT('',(68.675,51.05,1.6));
#6352=CARTESIAN_POINT('',(68.675,52.625,1.6));
#6353=CARTESIAN_POINT('',(68.675,51.05,0.));
#6354=CARTESIAN_POINT('Origin',(62.405,51.05,0.));
#6355=CARTESIAN_POINT('',(62.405,51.05,0.));
#6356=CARTESIAN_POINT('',(68.675,51.05,0.));
#6357=CARTESIAN_POINT('',(62.405,51.05,1.6));
#6358=CARTESIAN_POINT('',(68.675,51.05,1.6));
#6359=CARTESIAN_POINT('',(62.405,51.05,0.));
#6360=CARTESIAN_POINT('Origin',(62.405,49.225,0.));
#6361=CARTESIAN_POINT('',(62.405,49.225,0.));
#6362=CARTESIAN_POINT('',(62.405,51.05,0.));
#6363=CARTESIAN_POINT('',(62.405,49.225,1.6));
#6364=CARTESIAN_POINT('',(62.405,51.05,1.6));
#6365=CARTESIAN_POINT('',(62.405,49.225,0.));
#6366=CARTESIAN_POINT('Origin',(61.205,49.225,0.));
#6367=CARTESIAN_POINT('',(61.205,49.225,0.));
#6368=CARTESIAN_POINT('',(62.405,49.225,0.));
#6369=CARTESIAN_POINT('',(61.205,49.225,1.6));
#6370=CARTESIAN_POINT('',(62.405,49.225,1.6));
#6371=CARTESIAN_POINT('',(61.205,49.225,0.));
#6372=CARTESIAN_POINT('Origin',(61.205,46.225,0.));
#6373=CARTESIAN_POINT('',(61.205,46.225,0.));
#6374=CARTESIAN_POINT('',(61.205,49.225,0.));
#6375=CARTESIAN_POINT('',(61.205,46.225,1.6));
#6376=CARTESIAN_POINT('',(61.205,49.225,1.6));
#6377=CARTESIAN_POINT('',(61.205,46.225,0.));
#6378=CARTESIAN_POINT('Origin',(62.405,46.225,0.));
#6379=CARTESIAN_POINT('',(62.405,46.225,0.));
#6380=CARTESIAN_POINT('',(61.205,46.225,0.));
#6381=CARTESIAN_POINT('',(62.405,46.225,1.6));
#6382=CARTESIAN_POINT('',(61.205,46.225,1.6));
#6383=CARTESIAN_POINT('',(62.405,46.225,0.));
#6384=CARTESIAN_POINT('Origin',(62.405,44.4,0.));
#6385=CARTESIAN_POINT('',(62.405,46.225,0.));
#6386=CARTESIAN_POINT('',(62.405,46.225,1.6));
#6387=CARTESIAN_POINT('Origin',(57.125,57.1,0.));
#6388=CARTESIAN_POINT('',(57.125,43.1,0.));
#6389=CARTESIAN_POINT('',(57.125,57.1,0.));
#6390=CARTESIAN_POINT('',(57.125,43.1,0.));
#6391=CARTESIAN_POINT('',(57.125,43.1,1.6));
#6392=CARTESIAN_POINT('',(57.125,43.1,0.));
#6393=CARTESIAN_POINT('',(57.125,57.1,1.6));
#6394=CARTESIAN_POINT('',(57.125,43.1,1.6));
#6395=CARTESIAN_POINT('',(57.125,57.1,0.));
#6396=CARTESIAN_POINT('Origin',(43.125,57.1,0.));
#6397=CARTESIAN_POINT('',(43.125,57.1,0.));
#6398=CARTESIAN_POINT('',(57.125,57.1,0.));
#6399=CARTESIAN_POINT('',(43.125,57.1,1.6));
#6400=CARTESIAN_POINT('',(57.125,57.1,1.6));
#6401=CARTESIAN_POINT('',(43.125,57.1,0.));
#6402=CARTESIAN_POINT('Origin',(43.125,43.1,0.));
#6403=CARTESIAN_POINT('',(43.125,43.1,0.));
#6404=CARTESIAN_POINT('',(43.125,57.1,0.));
#6405=CARTESIAN_POINT('',(43.125,43.1,1.6));
#6406=CARTESIAN_POINT('',(43.125,57.1,1.6));
#6407=CARTESIAN_POINT('',(43.125,43.1,0.));
#6408=CARTESIAN_POINT('Origin',(57.125,43.1,0.));
#6409=CARTESIAN_POINT('',(43.125,43.1,0.));
#6410=CARTESIAN_POINT('',(43.125,43.1,1.6));
#6411=CARTESIAN_POINT('Origin',(24.075,57.1,0.));
#6412=CARTESIAN_POINT('',(38.075,57.1,0.));
#6413=CARTESIAN_POINT('',(24.075,57.1,0.));
#6414=CARTESIAN_POINT('',(38.075,57.1,0.));
#6415=CARTESIAN_POINT('',(38.075,57.1,1.6));
#6416=CARTESIAN_POINT('',(38.075,57.1,0.));
#6417=CARTESIAN_POINT('',(24.075,57.1,1.6));
#6418=CARTESIAN_POINT('',(38.075,57.1,1.6));
#6419=CARTESIAN_POINT('',(24.075,57.1,0.));
#6420=CARTESIAN_POINT('Origin',(24.075,43.1,0.));
#6421=CARTESIAN_POINT('',(24.075,43.1,0.));
#6422=CARTESIAN_POINT('',(24.075,57.1,0.));
#6423=CARTESIAN_POINT('',(24.075,43.1,1.6));
#6424=CARTESIAN_POINT('',(24.075,57.1,1.6));
#6425=CARTESIAN_POINT('',(24.075,43.1,0.));
#6426=CARTESIAN_POINT('Origin',(38.075,43.1,0.));
#6427=CARTESIAN_POINT('',(38.075,43.1,0.));
#6428=CARTESIAN_POINT('',(24.075,43.1,0.));
#6429=CARTESIAN_POINT('',(38.075,43.1,1.6));
#6430=CARTESIAN_POINT('',(24.075,43.1,1.6));
#6431=CARTESIAN_POINT('',(38.075,43.1,0.));
#6432=CARTESIAN_POINT('Origin',(38.075,57.1,0.));
#6433=CARTESIAN_POINT('',(38.075,43.1,0.));
#6434=CARTESIAN_POINT('',(38.075,43.1,1.6));
#6435=CARTESIAN_POINT('Origin',(38.075,62.15,0.));
#6436=CARTESIAN_POINT('',(24.075,62.15,0.));
#6437=CARTESIAN_POINT('',(38.075,62.15,0.));
#6438=CARTESIAN_POINT('',(24.075,62.15,0.));
#6439=CARTESIAN_POINT('',(24.075,62.15,1.6));
#6440=CARTESIAN_POINT('',(24.075,62.15,0.));
#6441=CARTESIAN_POINT('',(38.075,62.15,1.6));
#6442=CARTESIAN_POINT('',(24.075,62.15,1.6));
#6443=CARTESIAN_POINT('',(38.075,62.15,0.));
#6444=CARTESIAN_POINT('Origin',(38.075,76.15,0.));
#6445=CARTESIAN_POINT('',(38.075,76.15,0.));
#6446=CARTESIAN_POINT('',(38.075,62.15,0.));
#6447=CARTESIAN_POINT('',(38.075,76.15,1.6));
#6448=CARTESIAN_POINT('',(38.075,62.15,1.6));
#6449=CARTESIAN_POINT('',(38.075,76.15,0.));
#6450=CARTESIAN_POINT('Origin',(24.075,76.15,0.));
#6451=CARTESIAN_POINT('',(24.075,76.15,0.));
#6452=CARTESIAN_POINT('',(38.075,76.15,0.));
#6453=CARTESIAN_POINT('',(24.075,76.15,1.6));
#6454=CARTESIAN_POINT('',(38.075,76.15,1.6));
#6455=CARTESIAN_POINT('',(24.075,76.15,0.));
#6456=CARTESIAN_POINT('Origin',(24.075,62.15,0.));
#6457=CARTESIAN_POINT('',(24.075,76.15,0.));
#6458=CARTESIAN_POINT('',(24.075,76.15,1.6));
#6459=CARTESIAN_POINT('Origin',(19.025,43.1,0.));
#6460=CARTESIAN_POINT('',(5.025,43.1,0.));
#6461=CARTESIAN_POINT('',(19.025,43.1,0.));
#6462=CARTESIAN_POINT('',(5.025,43.1,0.));
#6463=CARTESIAN_POINT('',(5.025,43.1,1.6));
#6464=CARTESIAN_POINT('',(5.025,43.1,0.));
#6465=CARTESIAN_POINT('',(19.025,43.1,1.6));
#6466=CARTESIAN_POINT('',(5.025,43.1,1.6));
#6467=CARTESIAN_POINT('',(19.025,43.1,0.));
#6468=CARTESIAN_POINT('Origin',(19.025,57.1,0.));
#6469=CARTESIAN_POINT('',(19.025,57.1,0.));
#6470=CARTESIAN_POINT('',(19.025,43.1,0.));
#6471=CARTESIAN_POINT('',(19.025,57.1,1.6));
#6472=CARTESIAN_POINT('',(19.025,43.1,1.6));
#6473=CARTESIAN_POINT('',(19.025,57.1,0.));
#6474=CARTESIAN_POINT('Origin',(5.025,57.1,0.));
#6475=CARTESIAN_POINT('',(5.025,57.1,0.));
#6476=CARTESIAN_POINT('',(19.025,57.1,0.));
#6477=CARTESIAN_POINT('',(5.025,57.1,1.6));
#6478=CARTESIAN_POINT('',(19.025,57.1,1.6));
#6479=CARTESIAN_POINT('',(5.025,57.1,0.));
#6480=CARTESIAN_POINT('Origin',(5.025,43.1,0.));
#6481=CARTESIAN_POINT('',(5.025,57.1,0.));
#6482=CARTESIAN_POINT('',(5.025,57.1,1.6));
#6483=CARTESIAN_POINT('Origin',(57.125,76.15,0.));
#6484=CARTESIAN_POINT('',(57.125,62.15,0.));
#6485=CARTESIAN_POINT('',(57.125,76.15,0.));
#6486=CARTESIAN_POINT('',(57.125,62.15,0.));
#6487=CARTESIAN_POINT('',(57.125,62.15,1.6));
#6488=CARTESIAN_POINT('',(57.125,62.15,0.));
#6489=CARTESIAN_POINT('',(57.125,76.15,1.6));
#6490=CARTESIAN_POINT('',(57.125,62.15,1.6));
#6491=CARTESIAN_POINT('',(57.125,76.15,0.));
#6492=CARTESIAN_POINT('Origin',(43.125,76.15,0.));
#6493=CARTESIAN_POINT('',(43.125,76.15,0.));
#6494=CARTESIAN_POINT('',(57.125,76.15,0.));
#6495=CARTESIAN_POINT('',(43.125,76.15,1.6));
#6496=CARTESIAN_POINT('',(57.125,76.15,1.6));
#6497=CARTESIAN_POINT('',(43.125,76.15,0.));
#6498=CARTESIAN_POINT('Origin',(43.125,62.15,0.));
#6499=CARTESIAN_POINT('',(43.125,62.15,0.));
#6500=CARTESIAN_POINT('',(43.125,76.15,0.));
#6501=CARTESIAN_POINT('',(43.125,62.15,1.6));
#6502=CARTESIAN_POINT('',(43.125,76.15,1.6));
#6503=CARTESIAN_POINT('',(43.125,62.15,0.));
#6504=CARTESIAN_POINT('Origin',(57.125,62.15,0.));
#6505=CARTESIAN_POINT('',(43.125,62.15,0.));
#6506=CARTESIAN_POINT('',(43.125,62.15,1.6));
#6507=CARTESIAN_POINT('Origin',(76.175,81.2,0.));
#6508=CARTESIAN_POINT('',(62.175,81.2,0.));
#6509=CARTESIAN_POINT('',(76.175,81.2,0.));
#6510=CARTESIAN_POINT('',(62.175,81.2,0.));
#6511=CARTESIAN_POINT('',(62.175,81.2,1.6));
#6512=CARTESIAN_POINT('',(62.175,81.2,0.));
#6513=CARTESIAN_POINT('',(76.175,81.2,1.6));
#6514=CARTESIAN_POINT('',(62.175,81.2,1.6));
#6515=CARTESIAN_POINT('',(76.175,81.2,0.));
#6516=CARTESIAN_POINT('Origin',(76.175,95.2,0.));
#6517=CARTESIAN_POINT('',(76.175,95.2,0.));
#6518=CARTESIAN_POINT('',(76.175,81.2,0.));
#6519=CARTESIAN_POINT('',(76.175,95.2,1.6));
#6520=CARTESIAN_POINT('',(76.175,81.2,1.6));
#6521=CARTESIAN_POINT('',(76.175,95.2,0.));
#6522=CARTESIAN_POINT('Origin',(62.175,95.2,0.));
#6523=CARTESIAN_POINT('',(62.175,95.2,0.));
#6524=CARTESIAN_POINT('',(76.175,95.2,0.));
#6525=CARTESIAN_POINT('',(62.175,95.2,1.6));
#6526=CARTESIAN_POINT('',(76.175,95.2,1.6));
#6527=CARTESIAN_POINT('',(62.175,95.2,0.));
#6528=CARTESIAN_POINT('Origin',(62.175,81.2,0.));
#6529=CARTESIAN_POINT('',(62.175,95.2,0.));
#6530=CARTESIAN_POINT('',(62.175,95.2,1.6));
#6531=CARTESIAN_POINT('Origin',(57.125,95.2,0.));
#6532=CARTESIAN_POINT('',(57.125,81.2,0.));
#6533=CARTESIAN_POINT('',(57.125,95.2,0.));
#6534=CARTESIAN_POINT('',(57.125,81.2,0.));
#6535=CARTESIAN_POINT('',(57.125,81.2,1.6));
#6536=CARTESIAN_POINT('',(57.125,81.2,0.));
#6537=CARTESIAN_POINT('',(57.125,95.2,1.6));
#6538=CARTESIAN_POINT('',(57.125,81.2,1.6));
#6539=CARTESIAN_POINT('',(57.125,95.2,0.));
#6540=CARTESIAN_POINT('Origin',(43.125,95.2,0.));
#6541=CARTESIAN_POINT('',(43.125,95.2,0.));
#6542=CARTESIAN_POINT('',(57.125,95.2,0.));
#6543=CARTESIAN_POINT('',(43.125,95.2,1.6));
#6544=CARTESIAN_POINT('',(57.125,95.2,1.6));
#6545=CARTESIAN_POINT('',(43.125,95.2,0.));
#6546=CARTESIAN_POINT('Origin',(43.125,81.2,0.));
#6547=CARTESIAN_POINT('',(43.125,81.2,0.));
#6548=CARTESIAN_POINT('',(43.125,95.2,0.));
#6549=CARTESIAN_POINT('',(43.125,81.2,1.6));
#6550=CARTESIAN_POINT('',(43.125,95.2,1.6));
#6551=CARTESIAN_POINT('',(43.125,81.2,0.));
#6552=CARTESIAN_POINT('Origin',(57.125,81.2,0.));
#6553=CARTESIAN_POINT('',(43.125,81.2,0.));
#6554=CARTESIAN_POINT('',(43.125,81.2,1.6));
#6555=CARTESIAN_POINT('Origin',(38.075,95.2,0.));
#6556=CARTESIAN_POINT('',(38.075,81.2,0.));
#6557=CARTESIAN_POINT('',(38.075,95.2,0.));
#6558=CARTESIAN_POINT('',(38.075,81.2,0.));
#6559=CARTESIAN_POINT('',(38.075,81.2,1.6));
#6560=CARTESIAN_POINT('',(38.075,81.2,0.));
#6561=CARTESIAN_POINT('',(38.075,95.2,1.6));
#6562=CARTESIAN_POINT('',(38.075,81.2,1.6));
#6563=CARTESIAN_POINT('',(38.075,95.2,0.));
#6564=CARTESIAN_POINT('Origin',(24.075,95.2,0.));
#6565=CARTESIAN_POINT('',(24.075,95.2,0.));
#6566=CARTESIAN_POINT('',(38.075,95.2,0.));
#6567=CARTESIAN_POINT('',(24.075,95.2,1.6));
#6568=CARTESIAN_POINT('',(38.075,95.2,1.6));
#6569=CARTESIAN_POINT('',(24.075,95.2,0.));
#6570=CARTESIAN_POINT('Origin',(24.075,81.2,0.));
#6571=CARTESIAN_POINT('',(24.075,81.2,0.));
#6572=CARTESIAN_POINT('',(24.075,95.2,0.));
#6573=CARTESIAN_POINT('',(24.075,81.2,1.6));
#6574=CARTESIAN_POINT('',(24.075,95.2,1.6));
#6575=CARTESIAN_POINT('',(24.075,81.2,0.));
#6576=CARTESIAN_POINT('Origin',(38.075,81.2,0.));
#6577=CARTESIAN_POINT('',(24.075,81.2,0.));
#6578=CARTESIAN_POINT('',(24.075,81.2,1.6));
#6579=CARTESIAN_POINT('Origin',(5.025,95.2,0.));
#6580=CARTESIAN_POINT('',(19.025,95.2,0.));
#6581=CARTESIAN_POINT('',(5.025,95.2,0.));
#6582=CARTESIAN_POINT('',(19.025,95.2,0.));
#6583=CARTESIAN_POINT('',(19.025,95.2,1.6));
#6584=CARTESIAN_POINT('',(19.025,95.2,0.));
#6585=CARTESIAN_POINT('',(5.025,95.2,1.6));
#6586=CARTESIAN_POINT('',(19.025,95.2,1.6));
#6587=CARTESIAN_POINT('',(5.025,95.2,0.));
#6588=CARTESIAN_POINT('Origin',(5.025,81.2,0.));
#6589=CARTESIAN_POINT('',(5.025,81.2,0.));
#6590=CARTESIAN_POINT('',(5.025,95.2,0.));
#6591=CARTESIAN_POINT('',(5.025,81.2,1.6));
#6592=CARTESIAN_POINT('',(5.025,95.2,1.6));
#6593=CARTESIAN_POINT('',(5.025,81.2,0.));
#6594=CARTESIAN_POINT('Origin',(19.025,81.2,0.));
#6595=CARTESIAN_POINT('',(19.025,81.2,0.));
#6596=CARTESIAN_POINT('',(5.025,81.2,0.));
#6597=CARTESIAN_POINT('',(19.025,81.2,1.6));
#6598=CARTESIAN_POINT('',(5.025,81.2,1.6));
#6599=CARTESIAN_POINT('',(19.025,81.2,0.));
#6600=CARTESIAN_POINT('Origin',(19.025,95.2,0.));
#6601=CARTESIAN_POINT('',(19.025,81.2,0.));
#6602=CARTESIAN_POINT('',(19.025,81.2,1.6));
#6603=CARTESIAN_POINT('Origin',(19.025,76.15,0.));
#6604=CARTESIAN_POINT('',(19.025,62.15,0.));
#6605=CARTESIAN_POINT('',(19.025,76.15,0.));
#6606=CARTESIAN_POINT('',(19.025,62.15,0.));
#6607=CARTESIAN_POINT('',(19.025,62.15,1.6));
#6608=CARTESIAN_POINT('',(19.025,62.15,0.));
#6609=CARTESIAN_POINT('',(19.025,76.15,1.6));
#6610=CARTESIAN_POINT('',(19.025,62.15,1.6));
#6611=CARTESIAN_POINT('',(19.025,76.15,0.));
#6612=CARTESIAN_POINT('Origin',(5.025,76.15,0.));
#6613=CARTESIAN_POINT('',(5.025,76.15,0.));
#6614=CARTESIAN_POINT('',(19.025,76.15,0.));
#6615=CARTESIAN_POINT('',(5.025,76.15,1.6));
#6616=CARTESIAN_POINT('',(19.025,76.15,1.6));
#6617=CARTESIAN_POINT('',(5.025,76.15,0.));
#6618=CARTESIAN_POINT('Origin',(5.025,62.15,0.));
#6619=CARTESIAN_POINT('',(5.025,62.15,0.));
#6620=CARTESIAN_POINT('',(5.025,76.15,0.));
#6621=CARTESIAN_POINT('',(5.025,62.15,1.6));
#6622=CARTESIAN_POINT('',(5.025,76.15,1.6));
#6623=CARTESIAN_POINT('',(5.025,62.15,0.));
#6624=CARTESIAN_POINT('Origin',(19.025,62.15,0.));
#6625=CARTESIAN_POINT('',(5.025,62.15,0.));
#6626=CARTESIAN_POINT('',(5.025,62.15,1.6));
#6627=CARTESIAN_POINT('Origin',(60.445,100.225,0.));
#6628=CARTESIAN_POINT('',(60.445,100.225,0.));
#6629=CARTESIAN_POINT('',(0.,100.225,0.));
#6630=CARTESIAN_POINT('',(81.175,100.225,0.));
#6631=CARTESIAN_POINT('',(0.,100.225,1.6));
#6632=CARTESIAN_POINT('',(0.,100.225,0.));
#6633=CARTESIAN_POINT('',(60.445,100.225,1.6));
#6634=CARTESIAN_POINT('',(81.175,100.225,1.6));
#6635=CARTESIAN_POINT('',(60.445,100.225,0.));
#6636=CARTESIAN_POINT('Origin',(60.445,97.604,0.));
#6637=CARTESIAN_POINT('',(60.445,100.225,0.));
#6638=CARTESIAN_POINT('',(60.445,100.225,1.6));
#6639=CARTESIAN_POINT('Origin',(81.175,85.1832277784058,0.));
#6640=CARTESIAN_POINT('',(81.175,85.1832277784058,0.));
#6641=CARTESIAN_POINT('',(81.175,100.225,0.));
#6642=CARTESIAN_POINT('',(81.175,85.1832277784058,1.6));
#6643=CARTESIAN_POINT('',(81.175,100.225,1.6));
#6644=CARTESIAN_POINT('',(81.175,85.1832277784058,0.));
#6645=CARTESIAN_POINT('Origin',(83.675,85.1832277784058,0.));
#6646=CARTESIAN_POINT('',(83.675,85.1832277784058,0.));
#6647=CARTESIAN_POINT('',(81.175,85.1832277784058,0.));
#6648=CARTESIAN_POINT('',(83.675,85.1832277784058,1.6));
#6649=CARTESIAN_POINT('',(81.175,85.1832277784058,1.6));
#6650=CARTESIAN_POINT('',(83.675,85.1832277784058,0.));
#6651=CARTESIAN_POINT('Origin',(83.675,87.6832277784058,0.));
#6652=CARTESIAN_POINT('',(83.675,87.6832277784058,0.));
#6653=CARTESIAN_POINT('',(83.675,85.1832277784058,0.));
#6654=CARTESIAN_POINT('',(83.675,87.6832277784058,1.6));
#6655=CARTESIAN_POINT('',(83.675,85.1832277784058,1.6));
#6656=CARTESIAN_POINT('',(83.675,87.6832277784058,0.));
#6657=CARTESIAN_POINT('Origin',(86.175,87.6832277784058,0.));
#6658=CARTESIAN_POINT('',(86.175,87.6832277784058,0.));
#6659=CARTESIAN_POINT('',(83.675,87.6832277784058,0.));
#6660=CARTESIAN_POINT('',(86.175,87.6832277784058,1.6));
#6661=CARTESIAN_POINT('',(83.675,87.6832277784058,1.6));
#6662=CARTESIAN_POINT('',(86.175,87.6832277784058,0.));
#6663=CARTESIAN_POINT('Origin',(86.175,57.6832277784058,0.));
#6664=CARTESIAN_POINT('',(86.175,57.6832277784058,0.));
#6665=CARTESIAN_POINT('',(86.175,87.6832277784058,0.));
#6666=CARTESIAN_POINT('',(86.175,57.6832277784058,1.6));
#6667=CARTESIAN_POINT('',(86.175,87.6832277784058,1.6));
#6668=CARTESIAN_POINT('',(86.175,57.6832277784058,0.));
#6669=CARTESIAN_POINT('Origin',(83.675,57.6832277784058,0.));
#6670=CARTESIAN_POINT('',(83.675,57.6832277784058,0.));
#6671=CARTESIAN_POINT('',(86.175,57.6832277784058,0.));
#6672=CARTESIAN_POINT('',(83.675,57.6832277784058,1.6));
#6673=CARTESIAN_POINT('',(86.175,57.6832277784058,1.6));
#6674=CARTESIAN_POINT('',(83.675,57.6832277784058,0.));
#6675=CARTESIAN_POINT('Origin',(83.675,60.1832277784058,0.));
#6676=CARTESIAN_POINT('',(83.675,60.1832277784058,0.));
#6677=CARTESIAN_POINT('',(83.675,57.6832277784058,0.));
#6678=CARTESIAN_POINT('',(83.675,60.1832277784058,1.6));
#6679=CARTESIAN_POINT('',(83.675,57.6832277784058,1.6));
#6680=CARTESIAN_POINT('',(83.675,60.1832277784058,0.));
#6681=CARTESIAN_POINT('Origin',(81.175,60.1832277784058,0.));
#6682=CARTESIAN_POINT('',(81.175,60.1832277784058,0.));
#6683=CARTESIAN_POINT('',(83.675,60.1832277784058,0.));
#6684=CARTESIAN_POINT('',(81.175,60.1832277784058,1.6));
#6685=CARTESIAN_POINT('',(83.675,60.1832277784058,1.6));
#6686=CARTESIAN_POINT('',(81.175,60.1832277784058,0.));
#6687=CARTESIAN_POINT('Origin',(81.175,40.0000005960464,0.));
#6688=CARTESIAN_POINT('',(81.175,40.0000005960464,0.));
#6689=CARTESIAN_POINT('',(81.175,60.1832277784058,0.));
#6690=CARTESIAN_POINT('',(81.175,40.0000005960464,1.6));
#6691=CARTESIAN_POINT('',(81.175,60.1832277784058,1.6));
#6692=CARTESIAN_POINT('',(81.175,40.0000005960464,0.));
#6693=CARTESIAN_POINT('Origin',(83.675,40.0000005960464,0.));
#6694=CARTESIAN_POINT('',(83.675,40.0000005960464,0.));
#6695=CARTESIAN_POINT('',(83.675,40.0000005960464,0.));
#6696=CARTESIAN_POINT('',(83.675,40.0000005960464,1.6));
#6697=CARTESIAN_POINT('',(83.675,40.0000005960464,1.6));
#6698=CARTESIAN_POINT('',(83.675,40.0000005960464,0.));
#6699=CARTESIAN_POINT('Origin',(83.675,42.5000001862645,0.));
#6700=CARTESIAN_POINT('',(83.675,42.5000001862645,0.));
#6701=CARTESIAN_POINT('',(83.675,42.5000001862645,0.));
#6702=CARTESIAN_POINT('',(83.675,42.5000001862645,1.6));
#6703=CARTESIAN_POINT('',(83.675,42.5000001862645,1.6));
#6704=CARTESIAN_POINT('',(83.675,42.5000001862645,0.));
#6705=CARTESIAN_POINT('Origin',(86.175,42.5000001862645,0.));
#6706=CARTESIAN_POINT('',(86.175,42.5000001862645,0.));
#6707=CARTESIAN_POINT('',(86.175,42.5000001862645,0.));
#6708=CARTESIAN_POINT('',(86.175,42.5000001862645,1.6));
#6709=CARTESIAN_POINT('',(86.175,42.5000001862645,1.6));
#6710=CARTESIAN_POINT('',(86.175,42.5000001862645,0.));
#6711=CARTESIAN_POINT('Origin',(86.175,12.5000001862645,0.));
#6712=CARTESIAN_POINT('',(86.175,12.5000001862645,0.));
#6713=CARTESIAN_POINT('',(86.175,12.5000001862645,0.));
#6714=CARTESIAN_POINT('',(86.175,12.5000001862645,1.6));
#6715=CARTESIAN_POINT('',(86.175,12.5000001862645,1.6));
#6716=CARTESIAN_POINT('',(86.175,12.5000001862645,0.));
#6717=CARTESIAN_POINT('Origin',(83.675,12.5000001862645,0.));
#6718=CARTESIAN_POINT('',(83.675,12.5000001862645,0.));
#6719=CARTESIAN_POINT('',(83.675,12.5000001862645,0.));
#6720=CARTESIAN_POINT('',(83.675,12.5000001862645,1.6));
#6721=CARTESIAN_POINT('',(83.675,12.5000001862645,1.6));
#6722=CARTESIAN_POINT('',(83.675,12.5000001862645,0.));
#6723=CARTESIAN_POINT('Origin',(83.675,15.,0.));
#6724=CARTESIAN_POINT('',(83.675,15.,0.));
#6725=CARTESIAN_POINT('',(83.675,15.,0.));
#6726=CARTESIAN_POINT('',(83.675,15.,1.6));
#6727=CARTESIAN_POINT('',(83.675,15.,1.6));
#6728=CARTESIAN_POINT('',(83.675,15.,0.));
#6729=CARTESIAN_POINT('Origin',(81.175,15.,0.));
#6730=CARTESIAN_POINT('',(81.175,15.,0.));
#6731=CARTESIAN_POINT('',(81.175,15.,0.));
#6732=CARTESIAN_POINT('',(81.175,15.,1.6));
#6733=CARTESIAN_POINT('',(81.175,15.,1.6));
#6734=CARTESIAN_POINT('',(81.175,15.,0.));
#6735=CARTESIAN_POINT('Origin',(81.175,0.,0.));
#6736=CARTESIAN_POINT('',(81.175,0.,0.));
#6737=CARTESIAN_POINT('',(81.175,15.,0.));
#6738=CARTESIAN_POINT('',(81.175,0.,1.6));
#6739=CARTESIAN_POINT('',(81.175,15.,1.6));
#6740=CARTESIAN_POINT('',(81.175,0.,0.));
#6741=CARTESIAN_POINT('Origin',(0.,0.,0.));
#6742=CARTESIAN_POINT('',(0.,0.,0.));
#6743=CARTESIAN_POINT('',(0.,0.,0.));
#6744=CARTESIAN_POINT('',(0.,0.,1.6));
#6745=CARTESIAN_POINT('',(0.,0.,1.6));
#6746=CARTESIAN_POINT('',(0.,0.,0.));
#6747=CARTESIAN_POINT('Origin',(0.,15.0000002235174,0.));
#6748=CARTESIAN_POINT('',(0.,15.0000002235174,0.));
#6749=CARTESIAN_POINT('',(0.,15.0000002235174,0.));
#6750=CARTESIAN_POINT('',(0.,15.0000002235174,1.6));
#6751=CARTESIAN_POINT('',(0.,15.0000002235174,1.6));
#6752=CARTESIAN_POINT('',(0.,15.0000002235174,0.));
#6753=CARTESIAN_POINT('Origin',(-2.5,15.0000002235174,0.));
#6754=CARTESIAN_POINT('',(-2.5,15.0000002235174,0.));
#6755=CARTESIAN_POINT('',(0.,15.0000002235174,0.));
#6756=CARTESIAN_POINT('',(-2.5,15.0000002235174,1.6));
#6757=CARTESIAN_POINT('',(0.,15.0000002235174,1.6));
#6758=CARTESIAN_POINT('',(-2.5,15.0000002235174,0.));
#6759=CARTESIAN_POINT('Origin',(-2.5,12.5000002235174,0.));
#6760=CARTESIAN_POINT('',(-2.5,12.5000002235174,0.));
#6761=CARTESIAN_POINT('',(-2.5,15.0000002235174,0.));
#6762=CARTESIAN_POINT('',(-2.5,12.5000002235174,1.6));
#6763=CARTESIAN_POINT('',(-2.5,15.0000002235174,1.6));
#6764=CARTESIAN_POINT('',(-2.5,12.5000002235174,0.));
#6765=CARTESIAN_POINT('Origin',(-5.,12.5000002235174,0.));
#6766=CARTESIAN_POINT('',(-5.,12.5000002235174,0.));
#6767=CARTESIAN_POINT('',(-2.5,12.5000002235174,0.));
#6768=CARTESIAN_POINT('',(-5.,12.5000002235174,1.6));
#6769=CARTESIAN_POINT('',(-2.5,12.5000002235174,1.6));
#6770=CARTESIAN_POINT('',(-5.,12.5000002235174,0.));
#6771=CARTESIAN_POINT('Origin',(-5.,42.5000002235174,0.));
#6772=CARTESIAN_POINT('',(-5.,42.5000002235174,0.));
#6773=CARTESIAN_POINT('',(-5.,12.5000002235174,0.));
#6774=CARTESIAN_POINT('',(-5.,42.5000002235174,1.6));
#6775=CARTESIAN_POINT('',(-5.,12.5000002235174,1.6));
#6776=CARTESIAN_POINT('',(-5.,42.5000002235174,0.));
#6777=CARTESIAN_POINT('Origin',(-2.5,42.5000002235174,0.));
#6778=CARTESIAN_POINT('',(-2.5,42.5000002235174,0.));
#6779=CARTESIAN_POINT('',(-5.,42.5000002235174,0.));
#6780=CARTESIAN_POINT('',(-2.5,42.5000002235174,1.6));
#6781=CARTESIAN_POINT('',(-5.,42.5000002235174,1.6));
#6782=CARTESIAN_POINT('',(-2.5,42.5000002235174,0.));
#6783=CARTESIAN_POINT('Origin',(-2.5,40.0000002235174,0.));
#6784=CARTESIAN_POINT('',(-2.5,40.0000002235174,0.));
#6785=CARTESIAN_POINT('',(-2.5,42.5000002235174,0.));
#6786=CARTESIAN_POINT('',(-2.5,40.0000002235174,1.6));
#6787=CARTESIAN_POINT('',(-2.5,42.5000002235174,1.6));
#6788=CARTESIAN_POINT('',(-2.5,40.0000002235174,0.));
#6789=CARTESIAN_POINT('Origin',(0.,40.0000002235174,0.));
#6790=CARTESIAN_POINT('',(0.,40.0000002235174,0.));
#6791=CARTESIAN_POINT('',(-2.5,40.0000002235174,0.));
#6792=CARTESIAN_POINT('',(0.,40.0000002235174,1.6));
#6793=CARTESIAN_POINT('',(-2.5,40.0000002235174,1.6));
#6794=CARTESIAN_POINT('',(0.,40.0000002235174,0.));
#6795=CARTESIAN_POINT('Origin',(0.,60.2547650191149,0.));
#6796=CARTESIAN_POINT('',(0.,60.2547650191149,0.));
#6797=CARTESIAN_POINT('',(0.,60.2547650191149,0.));
#6798=CARTESIAN_POINT('',(0.,60.2547650191149,1.6));
#6799=CARTESIAN_POINT('',(0.,60.2547650191149,1.6));
#6800=CARTESIAN_POINT('',(0.,60.2547650191149,0.));
#6801=CARTESIAN_POINT('Origin',(-2.5,60.2547650191149,0.));
#6802=CARTESIAN_POINT('',(-2.5,60.2547650191149,0.));
#6803=CARTESIAN_POINT('',(-2.5,60.2547650191149,0.));
#6804=CARTESIAN_POINT('',(-2.5,60.2547650191149,1.6));
#6805=CARTESIAN_POINT('',(-2.5,60.2547650191149,1.6));
#6806=CARTESIAN_POINT('',(-2.5,60.2547650191149,0.));
#6807=CARTESIAN_POINT('Origin',(-2.5,57.7547650191149,0.));
#6808=CARTESIAN_POINT('',(-2.5,57.7547650191149,0.));
#6809=CARTESIAN_POINT('',(-2.5,57.7547650191149,0.));
#6810=CARTESIAN_POINT('',(-2.5,57.7547650191149,1.6));
#6811=CARTESIAN_POINT('',(-2.5,57.7547650191149,1.6));
#6812=CARTESIAN_POINT('',(-2.5,57.7547650191149,0.));
#6813=CARTESIAN_POINT('Origin',(-5.,57.7547650191149,0.));
#6814=CARTESIAN_POINT('',(-5.,57.7547650191149,0.));
#6815=CARTESIAN_POINT('',(-5.,57.7547650191149,0.));
#6816=CARTESIAN_POINT('',(-5.,57.7547650191149,1.6));
#6817=CARTESIAN_POINT('',(-5.,57.7547650191149,1.6));
#6818=CARTESIAN_POINT('',(-5.,57.7547650191149,0.));
#6819=CARTESIAN_POINT('Origin',(-5.,87.7547650191149,0.));
#6820=CARTESIAN_POINT('',(-5.,87.7547650191149,0.));
#6821=CARTESIAN_POINT('',(-5.,87.7547650191149,0.));
#6822=CARTESIAN_POINT('',(-5.,87.7547650191149,1.6));
#6823=CARTESIAN_POINT('',(-5.,87.7547650191149,1.6));
#6824=CARTESIAN_POINT('',(-5.,87.7547650191149,0.));
#6825=CARTESIAN_POINT('Origin',(-2.5,87.7547650191149,0.));
#6826=CARTESIAN_POINT('',(-2.5,87.7547650191149,0.));
#6827=CARTESIAN_POINT('',(-2.5,87.7547650191149,0.));
#6828=CARTESIAN_POINT('',(-2.5,87.7547650191149,1.6));
#6829=CARTESIAN_POINT('',(-2.5,87.7547650191149,1.6));
#6830=CARTESIAN_POINT('',(-2.5,87.7547650191149,0.));
#6831=CARTESIAN_POINT('Origin',(-2.5,85.2547650191149,0.));
#6832=CARTESIAN_POINT('',(-2.5,85.2547650191149,0.));
#6833=CARTESIAN_POINT('',(-2.5,85.2547650191149,0.));
#6834=CARTESIAN_POINT('',(-2.5,85.2547650191149,1.6));
#6835=CARTESIAN_POINT('',(-2.5,85.2547650191149,1.6));
#6836=CARTESIAN_POINT('',(-2.5,85.2547650191149,0.));
#6837=CARTESIAN_POINT('Origin',(0.,85.2547650191149,0.));
#6838=CARTESIAN_POINT('',(0.,85.2547650191149,0.));
#6839=CARTESIAN_POINT('',(0.,85.2547650191149,0.));
#6840=CARTESIAN_POINT('',(0.,85.2547650191149,1.6));
#6841=CARTESIAN_POINT('',(0.,85.2547650191149,1.6));
#6842=CARTESIAN_POINT('',(0.,85.2547650191149,0.));
#6843=CARTESIAN_POINT('Origin',(0.,100.225,0.));
#6844=CARTESIAN_POINT('',(0.,100.225,0.));
#6845=CARTESIAN_POINT('',(0.,100.225,1.6));
#6846=CARTESIAN_POINT('Origin',(40.5875,50.1125,1.6));
#6847=CARTESIAN_POINT('Origin',(40.5875,50.1125,0.));
#6848=UNCERTAINTY_MEASURE_WITH_UNIT(LENGTH_MEASURE(0.01),#6852,
'DISTANCE_ACCURACY_VALUE',
'Maximum model space distance between geometric entities at asserted c
onnectivities');
#6849=UNCERTAINTY_MEASURE_WITH_UNIT(LENGTH_MEASURE(0.01),#6852,
'DISTANCE_ACCURACY_VALUE',
'Maximum model space distance between geometric entities at asserted c
onnectivities');
#6850=(
GEOMETRIC_REPRESENTATION_CONTEXT(3)
GLOBAL_UNCERTAINTY_ASSIGNED_CONTEXT((#6848))
GLOBAL_UNIT_ASSIGNED_CONTEXT((#6852,#6854,#6855))
REPRESENTATION_CONTEXT('','3D')
);
#6851=(
GEOMETRIC_REPRESENTATION_CONTEXT(3)
GLOBAL_UNCERTAINTY_ASSIGNED_CONTEXT((#6849))
GLOBAL_UNIT_ASSIGNED_CONTEXT((#6852,#6854,#6855))
REPRESENTATION_CONTEXT('','3D')
);
#6852=(
LENGTH_UNIT()
NAMED_UNIT(*)
SI_UNIT(.MILLI.,.METRE.)
);
#6853=(
LENGTH_UNIT()
NAMED_UNIT(*)
SI_UNIT($,.METRE.)
);
#6854=(
NAMED_UNIT(*)
PLANE_ANGLE_UNIT()
SI_UNIT($,.RADIAN.)
);
#6855=(
NAMED_UNIT(*)
SI_UNIT($,.STERADIAN.)
SOLID_ANGLE_UNIT()
);
#6856=SHAPE_DEFINITION_REPRESENTATION(#6857,#6858);
#6857=PRODUCT_DEFINITION_SHAPE('',$,#6860);
#6858=SHAPE_REPRESENTATION('',(#4388),#6850);
#6859=PRODUCT_DEFINITION_CONTEXT('part definition',#6864,'design');
#6860=PRODUCT_DEFINITION('pad','pad v9',#6861,#6859);
#6861=PRODUCT_DEFINITION_FORMATION('',$,#6866);
#6862=PRODUCT_RELATED_PRODUCT_CATEGORY('pad v9','pad v9',(#6866));
#6863=APPLICATION_PROTOCOL_DEFINITION('international standard',
'automotive_design',2009,#6864);
#6864=APPLICATION_CONTEXT(
'Core Data for Automotive Mechanical Design Process');
#6865=PRODUCT_CONTEXT('part definition',#6864,'mechanical');
#6866=PRODUCT('pad','pad v9',$,(#6865));
#6867=PRESENTATION_STYLE_ASSIGNMENT((#6868));
#6868=SURFACE_STYLE_USAGE(.BOTH.,#6869);
#6869=SURFACE_SIDE_STYLE('',(#6870));
#6870=SURFACE_STYLE_FILL_AREA(#6871);
#6871=FILL_AREA_STYLE(
'PA 11 - Nylon- HP 11-30 (with EOS P 396 3D Printer)',(#6872));
#6872=FILL_AREA_STYLE_COLOUR(
'PA 11 - Nylon- HP 11-30 (with EOS P 396 3D Printer)',#6873);
#6873=COLOUR_RGB('PA 11 - Nylon- HP 11-30 (with EOS P 396 3D Printer)',
0.247058823529412,0.247058823529412,0.247058823529412);
ENDSEC;
END-ISO-10303-21;
