ISO-10303-21;
HEADER;
/* Generated by software containing ST-Developer
 * from STEP Tools, Inc. (www.steptools.com) 
 */

FILE_DESCRIPTION(
/* description */ (''),
/* implementation_level */ '2;1');

FILE_NAME(
/* name */ 'TopPad.step',
/* time_stamp */ '2026-07-16T00:01:51+09:30',
/* author */ (''),
/* organization */ (''),
/* preprocessor_version */ 'ST-DEVELOPER v20.1',
/* originating_system */ 'Autodesk Translation Framework v15.8.0.0',
/* authorisation */ '');

FILE_SCHEMA (('AUTOMOTIVE_DESIGN { 1 0 10303 214 3 1 1 }'));
ENDSEC;

DATA;
#10=MECHANICAL_DESIGN_GEOMETRIC_PRESENTATION_REPRESENTATION('',(#13),#10854);
#11=SHAPE_REPRESENTATION_RELATIONSHIP('SRR','None',#10861,#12);
#12=ADVANCED_BREP_SHAPE_REPRESENTATION('',(#14),#10853);
#13=STYLED_ITEM('',(#10870),#14);
#14=MANIFOLD_SOLID_BREP('Body1',#6174);
#15=CIRCLE('',#6358,1.10000000000001);
#16=CIRCLE('',#6359,1.10000000000001);
#17=CIRCLE('',#6361,1.09999999999999);
#18=CIRCLE('',#6362,1.09999999999999);
#19=CIRCLE('',#6364,1.1);
#20=CIRCLE('',#6365,1.1);
#21=CIRCLE('',#6367,1.1);
#22=CIRCLE('',#6368,1.1);
#23=CIRCLE('',#6370,5.);
#24=CIRCLE('',#6371,5.);
#25=CIRCLE('',#6374,5.);
#26=CIRCLE('',#6375,5.);
#27=CIRCLE('',#6376,5.);
#28=CIRCLE('',#6378,5.);
#29=CIRCLE('',#6381,5.);
#30=CIRCLE('',#6384,5.);
#31=CYLINDRICAL_SURFACE('',#6357,1.10000000000001);
#32=CYLINDRICAL_SURFACE('',#6360,1.09999999999999);
#33=CYLINDRICAL_SURFACE('',#6363,1.1);
#34=CYLINDRICAL_SURFACE('',#6366,1.1);
#35=CYLINDRICAL_SURFACE('',#6369,5.);
#36=CYLINDRICAL_SURFACE('',#6377,5.);
#37=CYLINDRICAL_SURFACE('',#6380,5.);
#38=CYLINDRICAL_SURFACE('',#6383,5.);
#39=FACE_BOUND('',#688,.T.);
#40=FACE_BOUND('',#710,.T.);
#41=FACE_BOUND('',#879,.T.);
#42=FACE_BOUND('',#880,.T.);
#43=FACE_BOUND('',#881,.T.);
#44=FACE_BOUND('',#882,.T.);
#45=FACE_BOUND('',#906,.T.);
#46=FACE_BOUND('',#907,.T.);
#47=FACE_BOUND('',#908,.T.);
#48=FACE_BOUND('',#909,.T.);
#49=FACE_BOUND('',#910,.T.);
#50=FACE_BOUND('',#911,.T.);
#51=FACE_BOUND('',#912,.T.);
#52=FACE_BOUND('',#913,.T.);
#53=FACE_BOUND('',#914,.T.);
#54=FACE_BOUND('',#915,.T.);
#55=FACE_BOUND('',#916,.T.);
#56=FACE_BOUND('',#917,.T.);
#57=FACE_BOUND('',#918,.T.);
#58=FACE_BOUND('',#919,.T.);
#59=FACE_BOUND('',#920,.T.);
#60=FACE_BOUND('',#921,.T.);
#61=FACE_BOUND('',#922,.T.);
#62=FACE_BOUND('',#923,.T.);
#63=FACE_BOUND('',#924,.T.);
#64=FACE_BOUND('',#925,.T.);
#65=FACE_BOUND('',#926,.T.);
#66=FACE_BOUND('',#927,.T.);
#67=FACE_BOUND('',#928,.T.);
#68=FACE_BOUND('',#984,.T.);
#69=FACE_BOUND('',#985,.T.);
#70=FACE_BOUND('',#986,.T.);
#71=FACE_BOUND('',#987,.T.);
#72=FACE_BOUND('',#988,.T.);
#73=B_SPLINE_CURVE_WITH_KNOTS('',3,(#7846,#7847,#7848,#7849,#7850),
 .UNSPECIFIED.,.F.,.F.,(4,1,4),(0.,0.0501418223563032,0.0846007236215726),
 .UNSPECIFIED.);
#74=B_SPLINE_CURVE_WITH_KNOTS('',3,(#7854,#7855,#7856,#7857,#7858),
 .UNSPECIFIED.,.F.,.F.,(4,1,4),(0.,0.0501418223563032,0.0846007236215726),
 .UNSPECIFIED.);
#75=B_SPLINE_CURVE_WITH_KNOTS('',3,(#7871,#7872,#7873,#7874,#7875),
 .UNSPECIFIED.,.F.,.F.,(4,1,4),(0.,0.0381954849284433,0.0843784310881958),
 .UNSPECIFIED.);
#76=B_SPLINE_CURVE_WITH_KNOTS('',3,(#7878,#7879,#7880,#7881,#7882),
 .UNSPECIFIED.,.F.,.F.,(4,1,4),(0.,0.0381954849284433,0.0843784310881958),
 .UNSPECIFIED.);
#77=B_SPLINE_CURVE_WITH_KNOTS('',3,(#7947,#7948,#7949,#7950,#7951),
 .UNSPECIFIED.,.F.,.F.,(4,1,4),(0.,0.00850002324012942,0.0139417973581631),
 .UNSPECIFIED.);
#78=B_SPLINE_CURVE_WITH_KNOTS('',3,(#7955,#7956,#7957,#7958,#7959),
 .UNSPECIFIED.,.F.,.F.,(4,1,4),(0.,0.00850002324012942,0.0139417973581631),
 .UNSPECIFIED.);
#79=B_SPLINE_CURVE_WITH_KNOTS('',3,(#7978,#7979,#7980,#7981,#7982),
 .UNSPECIFIED.,.F.,.F.,(4,1,4),(0.,0.00580707889749352,0.0150518784077951),
 .UNSPECIFIED.);
#80=B_SPLINE_CURVE_WITH_KNOTS('',3,(#7985,#7986,#7987,#7988,#7989),
 .UNSPECIFIED.,.F.,.F.,(4,1,4),(0.,0.00580707889749352,0.0150518784077951),
 .UNSPECIFIED.);
#81=B_SPLINE_CURVE_WITH_KNOTS('',3,(#8001,#8002,#8003,#8004,#8005),
 .UNSPECIFIED.,.F.,.F.,(4,1,4),(0.,0.00613205380701612,0.0108218883798357),
 .UNSPECIFIED.);
#82=B_SPLINE_CURVE_WITH_KNOTS('',3,(#8008,#8009,#8010,#8011,#8012),
 .UNSPECIFIED.,.F.,.F.,(4,1,4),(0.,0.00613205380701612,0.0108218883798357),
 .UNSPECIFIED.);
#83=B_SPLINE_CURVE_WITH_KNOTS('',3,(#8024,#8025,#8026,#8027,#8028),
 .UNSPECIFIED.,.F.,.F.,(4,1,4),(0.,0.00207124870904454,0.00383188302879921),
 .UNSPECIFIED.);
#84=B_SPLINE_CURVE_WITH_KNOTS('',3,(#8031,#8032,#8033,#8034,#8035),
 .UNSPECIFIED.,.F.,.F.,(4,1,4),(0.,0.00207124870904454,0.00383188302879921),
 .UNSPECIFIED.);
#85=B_SPLINE_CURVE_WITH_KNOTS('',3,(#8052,#8053,#8054,#8055,#8056),
 .UNSPECIFIED.,.F.,.F.,(4,1,4),(0.,0.00545725289096363,0.0138929205988001),
 .UNSPECIFIED.);
#86=B_SPLINE_CURVE_WITH_KNOTS('',3,(#8057,#8058,#8059,#8060,#8061),
 .UNSPECIFIED.,.F.,.F.,(4,1,4),(0.,0.00545725289096363,0.0138929205988001),
 .UNSPECIFIED.);
#87=B_SPLINE_CURVE_WITH_KNOTS('',3,(#8094,#8095,#8096,#8097,#8098),
 .UNSPECIFIED.,.F.,.F.,(4,1,4),(0.,0.0126819536852555,0.0281526877304968),
 .UNSPECIFIED.);
#88=B_SPLINE_CURVE_WITH_KNOTS('',3,(#8101,#8102,#8103,#8104,#8105),
 .UNSPECIFIED.,.F.,.F.,(4,1,4),(0.,0.0126819536852555,0.0281526877304968),
 .UNSPECIFIED.);
#89=B_SPLINE_CURVE_WITH_KNOTS('',3,(#8117,#8118,#8119,#8120,#8121),
 .UNSPECIFIED.,.F.,.F.,(4,1,4),(0.,0.00956600260944288,0.0201503257222585),
 .UNSPECIFIED.);
#90=B_SPLINE_CURVE_WITH_KNOTS('',3,(#8124,#8125,#8126,#8127,#8128),
 .UNSPECIFIED.,.F.,.F.,(4,1,4),(0.,0.00956600260944288,0.0201503257222585),
 .UNSPECIFIED.);
#91=B_SPLINE_CURVE_WITH_KNOTS('',3,(#8140,#8141,#8142,#8143,#8144),
 .UNSPECIFIED.,.F.,.F.,(4,1,4),(0.,0.0165829065542082,0.0283282957462331),
 .UNSPECIFIED.);
#92=B_SPLINE_CURVE_WITH_KNOTS('',3,(#8147,#8148,#8149,#8150,#8151),
 .UNSPECIFIED.,.F.,.F.,(4,1,4),(0.,0.0165829065542082,0.0283282957462331),
 .UNSPECIFIED.);
#93=B_SPLINE_CURVE_WITH_KNOTS('',3,(#8169,#8170,#8171,#8172,#8173),
 .UNSPECIFIED.,.F.,.F.,(4,1,4),(0.,0.0115133094118009,0.027843070632402),
 .UNSPECIFIED.);
#94=B_SPLINE_CURVE_WITH_KNOTS('',3,(#8176,#8177,#8178,#8179,#8180),
 .UNSPECIFIED.,.F.,.F.,(4,1,4),(0.,0.0115133094118009,0.027843070632402),
 .UNSPECIFIED.);
#95=B_SPLINE_CURVE_WITH_KNOTS('',3,(#8192,#8193,#8194,#8195,#8196),
 .UNSPECIFIED.,.F.,.F.,(4,1,4),(0.,0.00846822300470639,0.0172744603697517),
 .UNSPECIFIED.);
#96=B_SPLINE_CURVE_WITH_KNOTS('',3,(#8199,#8200,#8201,#8202,#8203),
 .UNSPECIFIED.,.F.,.F.,(4,1,4),(0.,0.00846822300470639,0.0172744603697517),
 .UNSPECIFIED.);
#97=B_SPLINE_CURVE_WITH_KNOTS('',3,(#8215,#8216,#8217,#8218,#8219),
 .UNSPECIFIED.,.F.,.F.,(4,1,4),(0.,0.0108047440230612,0.0198732617829405),
 .UNSPECIFIED.);
#98=B_SPLINE_CURVE_WITH_KNOTS('',3,(#8222,#8223,#8224,#8225,#8226),
 .UNSPECIFIED.,.F.,.F.,(4,1,4),(0.,0.0108047440230612,0.0198732617829405),
 .UNSPECIFIED.);
#99=B_SPLINE_CURVE_WITH_KNOTS('',3,(#8238,#8239,#8240,#8241,#8242),
 .UNSPECIFIED.,.F.,.F.,(4,1,4),(0.,0.0188109407869281,0.0329165695748133),
 .UNSPECIFIED.);
#100=B_SPLINE_CURVE_WITH_KNOTS('',3,(#8245,#8246,#8247,#8248,#8249),
 .UNSPECIFIED.,.F.,.F.,(4,1,4),(0.,0.0188109407869281,0.0329165695748133),
 .UNSPECIFIED.);
#101=B_SPLINE_CURVE_WITH_KNOTS('',3,(#8280,#8281,#8282,#8283,#8284),
 .UNSPECIFIED.,.F.,.F.,(4,1,4),(0.,0.00683158777323605,0.0190510828844352),
 .UNSPECIFIED.);
#102=B_SPLINE_CURVE_WITH_KNOTS('',3,(#8287,#8288,#8289,#8290,#8291),
 .UNSPECIFIED.,.F.,.F.,(4,1,4),(0.,0.00683158777323605,0.0190510828844352),
 .UNSPECIFIED.);
#103=B_SPLINE_CURVE_WITH_KNOTS('',3,(#8303,#8304,#8305,#8306,#8307),
 .UNSPECIFIED.,.F.,.F.,(4,1,4),(0.,0.00418335383667277,0.00797289511058712),
 .UNSPECIFIED.);
#104=B_SPLINE_CURVE_WITH_KNOTS('',3,(#8310,#8311,#8312,#8313,#8314),
 .UNSPECIFIED.,.F.,.F.,(4,1,4),(0.,0.00418335383667277,0.00797289511058712),
 .UNSPECIFIED.);
#105=B_SPLINE_CURVE_WITH_KNOTS('',3,(#8326,#8327,#8328,#8329,#8330),
 .UNSPECIFIED.,.F.,.F.,(4,1,4),(0.,0.00347523046870637,0.00718667277411055),
 .UNSPECIFIED.);
#106=B_SPLINE_CURVE_WITH_KNOTS('',3,(#8333,#8334,#8335,#8336,#8337),
 .UNSPECIFIED.,.F.,.F.,(4,1,4),(0.,0.00347523046870637,0.00718667277411055),
 .UNSPECIFIED.);
#107=B_SPLINE_CURVE_WITH_KNOTS('',3,(#8349,#8350,#8351,#8352,#8353),
 .UNSPECIFIED.,.F.,.F.,(4,1,4),(0.,0.0107378109847432,0.016838365338511),
 .UNSPECIFIED.);
#108=B_SPLINE_CURVE_WITH_KNOTS('',3,(#8356,#8357,#8358,#8359,#8360),
 .UNSPECIFIED.,.F.,.F.,(4,1,4),(0.,0.0107378109847432,0.016838365338511),
 .UNSPECIFIED.);
#109=B_SPLINE_CURVE_WITH_KNOTS('',3,(#8390,#8391,#8392,#8393,#8394),
 .UNSPECIFIED.,.F.,.F.,(4,1,4),(0.,0.0164097641142501,0.0444380167260039),
 .UNSPECIFIED.);
#110=B_SPLINE_CURVE_WITH_KNOTS('',3,(#8397,#8398,#8399,#8400,#8401),
 .UNSPECIFIED.,.F.,.F.,(4,1,4),(0.,0.0164097641142501,0.0444380167260039),
 .UNSPECIFIED.);
#111=B_SPLINE_CURVE_WITH_KNOTS('',3,(#8413,#8414,#8415,#8416,#8417),
 .UNSPECIFIED.,.F.,.F.,(4,1,4),(0.,0.0111692045845427,0.0217980352212819),
 .UNSPECIFIED.);
#112=B_SPLINE_CURVE_WITH_KNOTS('',3,(#8420,#8421,#8422,#8423,#8424),
 .UNSPECIFIED.,.F.,.F.,(4,1,4),(0.,0.0111692045845427,0.0217980352212819),
 .UNSPECIFIED.);
#113=B_SPLINE_CURVE_WITH_KNOTS('',3,(#8436,#8437,#8438,#8439,#8440),
 .UNSPECIFIED.,.F.,.F.,(4,1,4),(0.,0.0137901701347176,0.0259103057099541),
 .UNSPECIFIED.);
#114=B_SPLINE_CURVE_WITH_KNOTS('',3,(#8443,#8444,#8445,#8446,#8447),
 .UNSPECIFIED.,.F.,.F.,(4,1,4),(0.,0.0137901701347176,0.0259103057099541),
 .UNSPECIFIED.);
#115=B_SPLINE_CURVE_WITH_KNOTS('',3,(#8459,#8460,#8461,#8462,#8463),
 .UNSPECIFIED.,.F.,.F.,(4,1,4),(0.,0.0169272932653976,0.0323448254071922),
 .UNSPECIFIED.);
#116=B_SPLINE_CURVE_WITH_KNOTS('',3,(#8466,#8467,#8468,#8469,#8470),
 .UNSPECIFIED.,.F.,.F.,(4,1,4),(0.,0.0169272932653976,0.0323448254071922),
 .UNSPECIFIED.);
#117=B_SPLINE_CURVE_WITH_KNOTS('',3,(#8482,#8483,#8484,#8485,#8486),
 .UNSPECIFIED.,.F.,.F.,(4,1,4),(0.,0.0135176572862712,0.0286866593087368),
 .UNSPECIFIED.);
#118=B_SPLINE_CURVE_WITH_KNOTS('',3,(#8489,#8490,#8491,#8492,#8493),
 .UNSPECIFIED.,.F.,.F.,(4,1,4),(0.,0.0135176572862712,0.0286866593087368),
 .UNSPECIFIED.);
#119=B_SPLINE_CURVE_WITH_KNOTS('',3,(#8505,#8506,#8507,#8508,#8509),
 .UNSPECIFIED.,.F.,.F.,(4,1,4),(0.,0.0119999852686512,0.0244092328997942),
 .UNSPECIFIED.);
#120=B_SPLINE_CURVE_WITH_KNOTS('',3,(#8512,#8513,#8514,#8515,#8516),
 .UNSPECIFIED.,.F.,.F.,(4,1,4),(0.,0.0119999852686512,0.0244092328997942),
 .UNSPECIFIED.);
#121=B_SPLINE_CURVE_WITH_KNOTS('',3,(#8528,#8529,#8530,#8531,#8532),
 .UNSPECIFIED.,.F.,.F.,(4,1,4),(0.,0.00977731087163255,0.0209901378237446),
 .UNSPECIFIED.);
#122=B_SPLINE_CURVE_WITH_KNOTS('',3,(#8535,#8536,#8537,#8538,#8539),
 .UNSPECIFIED.,.F.,.F.,(4,1,4),(0.,0.00977731087163255,0.0209901378237446),
 .UNSPECIFIED.);
#123=B_SPLINE_CURVE_WITH_KNOTS('',3,(#8551,#8552,#8553,#8554,#8555),
 .UNSPECIFIED.,.F.,.F.,(4,1,4),(0.,0.0193519322860489,0.0319858723280702),
 .UNSPECIFIED.);
#124=B_SPLINE_CURVE_WITH_KNOTS('',3,(#8558,#8559,#8560,#8561,#8562),
 .UNSPECIFIED.,.F.,.F.,(4,1,4),(0.,0.0193519322860489,0.0319858723280702),
 .UNSPECIFIED.);
#125=B_SPLINE_CURVE_WITH_KNOTS('',3,(#8599,#8600,#8601,#8602,#8603),
 .UNSPECIFIED.,.F.,.F.,(4,1,4),(0.,0.0198813512138101,0.0429658858037081),
 .UNSPECIFIED.);
#126=B_SPLINE_CURVE_WITH_KNOTS('',3,(#8606,#8607,#8608,#8609,#8610),
 .UNSPECIFIED.,.F.,.F.,(4,1,4),(0.,0.0198813512138101,0.0429658858037081),
 .UNSPECIFIED.);
#127=B_SPLINE_CURVE_WITH_KNOTS('',3,(#8852,#8853,#8854,#8855,#8856),
 .UNSPECIFIED.,.F.,.F.,(4,1,4),(0.,0.0138612685117998,0.0342616859119549),
 .UNSPECIFIED.);
#128=B_SPLINE_CURVE_WITH_KNOTS('',3,(#8860,#8861,#8862,#8863,#8864),
 .UNSPECIFIED.,.F.,.F.,(4,1,4),(0.,0.0138612685117998,0.0342616859119549),
 .UNSPECIFIED.);
#129=B_SPLINE_CURVE_WITH_KNOTS('',3,(#8877,#8878,#8879,#8880,#8881),
 .UNSPECIFIED.,.F.,.F.,(4,1,4),(0.,0.0139767752331975,0.0254790168190129),
 .UNSPECIFIED.);
#130=B_SPLINE_CURVE_WITH_KNOTS('',3,(#8884,#8885,#8886,#8887,#8888),
 .UNSPECIFIED.,.F.,.F.,(4,1,4),(0.,0.0139767752331975,0.0254790168190129),
 .UNSPECIFIED.);
#131=B_SPLINE_CURVE_WITH_KNOTS('',3,(#8900,#8901,#8902,#8903,#8904),
 .UNSPECIFIED.,.F.,.F.,(4,1,4),(0.,0.0188328404162656,0.0353457500967226),
 .UNSPECIFIED.);
#132=B_SPLINE_CURVE_WITH_KNOTS('',3,(#8907,#8908,#8909,#8910,#8911),
 .UNSPECIFIED.,.F.,.F.,(4,1,4),(0.,0.0188328404162656,0.0353457500967226),
 .UNSPECIFIED.);
#133=B_SPLINE_CURVE_WITH_KNOTS('',3,(#8923,#8924,#8925,#8926,#8927),
 .UNSPECIFIED.,.F.,.F.,(4,1,4),(0.,0.015135755299412,0.0323720445008279),
 .UNSPECIFIED.);
#134=B_SPLINE_CURVE_WITH_KNOTS('',3,(#8930,#8931,#8932,#8933,#8934),
 .UNSPECIFIED.,.F.,.F.,(4,1,4),(0.,0.015135755299412,0.0323720445008279),
 .UNSPECIFIED.);
#135=B_SPLINE_CURVE_WITH_KNOTS('',3,(#8946,#8947,#8948,#8949,#8950),
 .UNSPECIFIED.,.F.,.F.,(4,1,4),(0.,0.0121859616789454,0.025547508231948),
 .UNSPECIFIED.);
#136=B_SPLINE_CURVE_WITH_KNOTS('',3,(#8953,#8954,#8955,#8956,#8957),
 .UNSPECIFIED.,.F.,.F.,(4,1,4),(0.,0.0121859616789454,0.025547508231948),
 .UNSPECIFIED.);
#137=B_SPLINE_CURVE_WITH_KNOTS('',3,(#8969,#8970,#8971,#8972,#8973),
 .UNSPECIFIED.,.F.,.F.,(4,1,4),(0.,0.0199428449009621,0.0343439219113912),
 .UNSPECIFIED.);
#138=B_SPLINE_CURVE_WITH_KNOTS('',3,(#8976,#8977,#8978,#8979,#8980),
 .UNSPECIFIED.,.F.,.F.,(4,1,4),(0.,0.0199428449009621,0.0343439219113912),
 .UNSPECIFIED.);
#139=B_SPLINE_CURVE_WITH_KNOTS('',3,(#8992,#8993,#8994,#8995,#8996),
 .UNSPECIFIED.,.F.,.F.,(4,1,4),(0.,0.0120794479992188,0.0266314017682889),
 .UNSPECIFIED.);
#140=B_SPLINE_CURVE_WITH_KNOTS('',3,(#8999,#9000,#9001,#9002,#9003),
 .UNSPECIFIED.,.F.,.F.,(4,1,4),(0.,0.0120794479992188,0.0266314017682889),
 .UNSPECIFIED.);
#141=B_SPLINE_CURVE_WITH_KNOTS('',3,(#9015,#9016,#9017,#9018,#9019),
 .UNSPECIFIED.,.F.,.F.,(4,1,4),(0.,0.009001720175136,0.019270962674216),
 .UNSPECIFIED.);
#142=B_SPLINE_CURVE_WITH_KNOTS('',3,(#9022,#9023,#9024,#9025,#9026),
 .UNSPECIFIED.,.F.,.F.,(4,1,4),(0.,0.009001720175136,0.019270962674216),
 .UNSPECIFIED.);
#143=B_SPLINE_CURVE_WITH_KNOTS('',3,(#9038,#9039,#9040,#9041,#9042),
 .UNSPECIFIED.,.F.,.F.,(4,1,4),(0.,0.0195656097541311,0.0317684166677795),
 .UNSPECIFIED.);
#144=B_SPLINE_CURVE_WITH_KNOTS('',3,(#9045,#9046,#9047,#9048,#9049),
 .UNSPECIFIED.,.F.,.F.,(4,1,4),(0.,0.0195656097541311,0.0317684166677795),
 .UNSPECIFIED.);
#145=B_SPLINE_CURVE_WITH_KNOTS('',3,(#9061,#9062,#9063,#9064,#9065),
 .UNSPECIFIED.,.F.,.F.,(4,1,4),(0.,0.0112185161026023,0.0303991838165297),
 .UNSPECIFIED.);
#146=B_SPLINE_CURVE_WITH_KNOTS('',3,(#9068,#9069,#9070,#9071,#9072),
 .UNSPECIFIED.,.F.,.F.,(4,1,4),(0.,0.0112185161026023,0.0303991838165297),
 .UNSPECIFIED.);
#147=B_SPLINE_CURVE_WITH_KNOTS('',3,(#9084,#9085,#9086,#9087,#9088),
 .UNSPECIFIED.,.F.,.F.,(4,1,4),(0.,0.0146573564830949,0.0238869665141361),
 .UNSPECIFIED.);
#148=B_SPLINE_CURVE_WITH_KNOTS('',3,(#9091,#9092,#9093,#9094,#9095),
 .UNSPECIFIED.,.F.,.F.,(4,1,4),(0.,0.0146573564830949,0.0238869665141361),
 .UNSPECIFIED.);
#149=B_SPLINE_CURVE_WITH_KNOTS('',3,(#9107,#9108,#9109,#9110,#9111),
 .UNSPECIFIED.,.F.,.F.,(4,1,4),(0.,0.00540925168998647,0.0124790523295912),
 .UNSPECIFIED.);
#150=B_SPLINE_CURVE_WITH_KNOTS('',3,(#9114,#9115,#9116,#9117,#9118),
 .UNSPECIFIED.,.F.,.F.,(4,1,4),(0.,0.00540925168998647,0.0124790523295912),
 .UNSPECIFIED.);
#151=B_SPLINE_CURVE_WITH_KNOTS('',3,(#9130,#9131,#9132,#9133,#9134),
 .UNSPECIFIED.,.F.,.F.,(4,1,4),(0.,0.00463777103395514,0.00906101539759212),
 .UNSPECIFIED.);
#152=B_SPLINE_CURVE_WITH_KNOTS('',3,(#9137,#9138,#9139,#9140,#9141),
 .UNSPECIFIED.,.F.,.F.,(4,1,4),(0.,0.00463777103395514,0.00906101539759212),
 .UNSPECIFIED.);
#153=B_SPLINE_CURVE_WITH_KNOTS('',3,(#9153,#9154,#9155,#9156,#9157),
 .UNSPECIFIED.,.F.,.F.,(4,1,4),(0.,0.00371324973266219,0.0081867550701933),
 .UNSPECIFIED.);
#154=B_SPLINE_CURVE_WITH_KNOTS('',3,(#9160,#9161,#9162,#9163,#9164),
 .UNSPECIFIED.,.F.,.F.,(4,1,4),(0.,0.00371324973266219,0.0081867550701933),
 .UNSPECIFIED.);
#155=B_SPLINE_CURVE_WITH_KNOTS('',3,(#9176,#9177,#9178,#9179,#9180),
 .UNSPECIFIED.,.F.,.F.,(4,1,4),(0.,0.00924813439737812,0.014686663538593),
 .UNSPECIFIED.);
#156=B_SPLINE_CURVE_WITH_KNOTS('',3,(#9183,#9184,#9185,#9186,#9187),
 .UNSPECIFIED.,.F.,.F.,(4,1,4),(0.,0.00924813439737812,0.014686663538593),
 .UNSPECIFIED.);
#157=B_SPLINE_CURVE_WITH_KNOTS('',3,(#9217,#9218,#9219,#9220,#9221),
 .UNSPECIFIED.,.F.,.F.,(4,1,4),(0.,0.0151850695555324,0.0351375404376659),
 .UNSPECIFIED.);
#158=B_SPLINE_CURVE_WITH_KNOTS('',3,(#9224,#9225,#9226,#9227,#9228),
 .UNSPECIFIED.,.F.,.F.,(4,1,4),(0.,0.0151850695555324,0.0351375404376659),
 .UNSPECIFIED.);
#159=B_SPLINE_CURVE_WITH_KNOTS('',3,(#9240,#9241,#9242,#9243,#9244),
 .UNSPECIFIED.,.F.,.F.,(4,1,4),(0.,0.0151643026235652,0.0283919827717661),
 .UNSPECIFIED.);
#160=B_SPLINE_CURVE_WITH_KNOTS('',3,(#9247,#9248,#9249,#9250,#9251),
 .UNSPECIFIED.,.F.,.F.,(4,1,4),(0.,0.0151643026235652,0.0283919827717661),
 .UNSPECIFIED.);
#161=B_SPLINE_CURVE_WITH_KNOTS('',3,(#9263,#9264,#9265,#9266,#9267),
 .UNSPECIFIED.,.F.,.F.,(4,1,4),(0.,0.0194490166044664,0.0367855530086663),
 .UNSPECIFIED.);
#162=B_SPLINE_CURVE_WITH_KNOTS('',3,(#9270,#9271,#9272,#9273,#9274),
 .UNSPECIFIED.,.F.,.F.,(4,1,4),(0.,0.0194490166044664,0.0367855530086663),
 .UNSPECIFIED.);
#163=B_SPLINE_CURVE_WITH_KNOTS('',3,(#9286,#9287,#9288,#9289,#9290),
 .UNSPECIFIED.,.F.,.F.,(4,1,4),(0.,0.0163339041493935,0.0342665837257184),
 .UNSPECIFIED.);
#164=B_SPLINE_CURVE_WITH_KNOTS('',3,(#9293,#9294,#9295,#9296,#9297),
 .UNSPECIFIED.,.F.,.F.,(4,1,4),(0.,0.0163339041493935,0.0342665837257184),
 .UNSPECIFIED.);
#165=B_SPLINE_CURVE_WITH_KNOTS('',3,(#9309,#9310,#9311,#9312,#9313),
 .UNSPECIFIED.,.F.,.F.,(4,1,4),(0.,0.0118532477929289,0.0260958787884002),
 .UNSPECIFIED.);
#166=B_SPLINE_CURVE_WITH_KNOTS('',3,(#9316,#9317,#9318,#9319,#9320),
 .UNSPECIFIED.,.F.,.F.,(4,1,4),(0.,0.0118532477929289,0.0260958787884002),
 .UNSPECIFIED.);
#167=B_SPLINE_CURVE_WITH_KNOTS('',3,(#9332,#9333,#9334,#9335,#9336),
 .UNSPECIFIED.,.F.,.F.,(4,1,4),(0.,0.0186029502291663,0.0320761005819096),
 .UNSPECIFIED.);
#168=B_SPLINE_CURVE_WITH_KNOTS('',3,(#9339,#9340,#9341,#9342,#9343),
 .UNSPECIFIED.,.F.,.F.,(4,1,4),(0.,0.0186029502291663,0.0320761005819096),
 .UNSPECIFIED.);
#169=B_SPLINE_CURVE_WITH_KNOTS('',3,(#9355,#9356,#9357,#9358,#9359),
 .UNSPECIFIED.,.F.,.F.,(4,1,4),(0.,0.0185413130723622,0.0439965062186398),
 .UNSPECIFIED.);
#170=B_SPLINE_CURVE_WITH_KNOTS('',3,(#9362,#9363,#9364,#9365,#9366),
 .UNSPECIFIED.,.F.,.F.,(4,1,4),(0.,0.0185413130723622,0.0439965062186398),
 .UNSPECIFIED.);
#171=B_SPLINE_CURVE_WITH_KNOTS('',3,(#9378,#9379,#9380,#9381,#9382),
 .UNSPECIFIED.,.F.,.F.,(4,1,4),(0.,0.0339540641951518,0.055530403453024),
 .UNSPECIFIED.);
#172=B_SPLINE_CURVE_WITH_KNOTS('',3,(#9385,#9386,#9387,#9388,#9389),
 .UNSPECIFIED.,.F.,.F.,(4,1,4),(0.,0.0339540641951518,0.055530403453024),
 .UNSPECIFIED.);
#173=B_SPLINE_CURVE_WITH_KNOTS('',3,(#9401,#9402,#9403,#9404,#9405),
 .UNSPECIFIED.,.F.,.F.,(4,1,4),(0.,0.00747914759136987,0.0192562861616455),
 .UNSPECIFIED.);
#174=B_SPLINE_CURVE_WITH_KNOTS('',3,(#9408,#9409,#9410,#9411,#9412),
 .UNSPECIFIED.,.F.,.F.,(4,1,4),(0.,0.00747914759136987,0.0192562861616455),
 .UNSPECIFIED.);
#175=B_SPLINE_CURVE_WITH_KNOTS('',3,(#9424,#9425,#9426,#9427,#9428),
 .UNSPECIFIED.,.F.,.F.,(4,1,4),(0.,0.00880223072613273,0.0154258585347336),
 .UNSPECIFIED.);
#176=B_SPLINE_CURVE_WITH_KNOTS('',3,(#9431,#9432,#9433,#9434,#9435),
 .UNSPECIFIED.,.F.,.F.,(4,1,4),(0.,0.00880223072613273,0.0154258585347336),
 .UNSPECIFIED.);
#177=B_SPLINE_CURVE_WITH_KNOTS('',3,(#9447,#9448,#9449,#9450,#9451),
 .UNSPECIFIED.,.F.,.F.,(4,1,4),(0.,0.00514876767669093,0.0119747720100042),
 .UNSPECIFIED.);
#178=B_SPLINE_CURVE_WITH_KNOTS('',3,(#9454,#9455,#9456,#9457,#9458),
 .UNSPECIFIED.,.F.,.F.,(4,1,4),(0.,0.00514876767669093,0.0119747720100042),
 .UNSPECIFIED.);
#179=B_SPLINE_CURVE_WITH_KNOTS('',3,(#9470,#9471,#9472,#9473,#9474),
 .UNSPECIFIED.,.F.,.F.,(4,1,4),(0.,0.00423283092928798,0.00837329825560417),
 .UNSPECIFIED.);
#180=B_SPLINE_CURVE_WITH_KNOTS('',3,(#9477,#9478,#9479,#9480,#9481),
 .UNSPECIFIED.,.F.,.F.,(4,1,4),(0.,0.00423283092928798,0.00837329825560417),
 .UNSPECIFIED.);
#181=B_SPLINE_CURVE_WITH_KNOTS('',3,(#9493,#9494,#9495,#9496,#9497),
 .UNSPECIFIED.,.F.,.F.,(4,1,4),(0.,0.00326268243610421,0.00703611915568963),
 .UNSPECIFIED.);
#182=B_SPLINE_CURVE_WITH_KNOTS('',3,(#9500,#9501,#9502,#9503,#9504),
 .UNSPECIFIED.,.F.,.F.,(4,1,4),(0.,0.00326268243610421,0.00703611915568963),
 .UNSPECIFIED.);
#183=B_SPLINE_CURVE_WITH_KNOTS('',3,(#9516,#9517,#9518,#9519,#9520),
 .UNSPECIFIED.,.F.,.F.,(4,1,4),(0.,0.00850552650366579,0.013430804351071),
 .UNSPECIFIED.);
#184=B_SPLINE_CURVE_WITH_KNOTS('',3,(#9523,#9524,#9525,#9526,#9527),
 .UNSPECIFIED.,.F.,.F.,(4,1,4),(0.,0.00850552650366579,0.013430804351071),
 .UNSPECIFIED.);
#185=B_SPLINE_CURVE_WITH_KNOTS('',3,(#9556,#9557,#9558,#9559,#9560),
 .UNSPECIFIED.,.F.,.F.,(4,1,4),(0.,0.0173087952345048,0.0416550087842897),
 .UNSPECIFIED.);
#186=B_SPLINE_CURVE_WITH_KNOTS('',3,(#9564,#9565,#9566,#9567,#9568),
 .UNSPECIFIED.,.F.,.F.,(4,1,4),(0.,0.0173087952345048,0.0416550087842897),
 .UNSPECIFIED.);
#187=B_SPLINE_CURVE_WITH_KNOTS('',3,(#9581,#9582,#9583,#9584,#9585),
 .UNSPECIFIED.,.F.,.F.,(4,1,4),(0.,0.0159034135710011,0.0300703829797181),
 .UNSPECIFIED.);
#188=B_SPLINE_CURVE_WITH_KNOTS('',3,(#9588,#9589,#9590,#9591,#9592),
 .UNSPECIFIED.,.F.,.F.,(4,1,4),(0.,0.0159034135710011,0.0300703829797181),
 .UNSPECIFIED.);
#189=B_SPLINE_CURVE_WITH_KNOTS('',3,(#9604,#9605,#9606,#9607,#9608),
 .UNSPECIFIED.,.F.,.F.,(4,1,4),(0.,0.02108700667015,0.0393038142661877),
 .UNSPECIFIED.);
#190=B_SPLINE_CURVE_WITH_KNOTS('',3,(#9611,#9612,#9613,#9614,#9615),
 .UNSPECIFIED.,.F.,.F.,(4,1,4),(0.,0.02108700667015,0.0393038142661877),
 .UNSPECIFIED.);
#191=B_SPLINE_CURVE_WITH_KNOTS('',3,(#9627,#9628,#9629,#9630,#9631),
 .UNSPECIFIED.,.F.,.F.,(4,1,4),(0.,0.0146532003949466,0.0306689300018909),
 .UNSPECIFIED.);
#192=B_SPLINE_CURVE_WITH_KNOTS('',3,(#9634,#9635,#9636,#9637,#9638),
 .UNSPECIFIED.,.F.,.F.,(4,1,4),(0.,0.0146532003949466,0.0306689300018909),
 .UNSPECIFIED.);
#193=B_SPLINE_CURVE_WITH_KNOTS('',3,(#9650,#9651,#9652,#9653,#9654),
 .UNSPECIFIED.,.F.,.F.,(4,1,4),(0.,0.012524533028468,0.025986100631442),
 .UNSPECIFIED.);
#194=B_SPLINE_CURVE_WITH_KNOTS('',3,(#9657,#9658,#9659,#9660,#9661),
 .UNSPECIFIED.,.F.,.F.,(4,1,4),(0.,0.012524533028468,0.025986100631442),
 .UNSPECIFIED.);
#195=B_SPLINE_CURVE_WITH_KNOTS('',3,(#9673,#9674,#9675,#9676,#9677),
 .UNSPECIFIED.,.F.,.F.,(4,1,4),(0.,0.0110107636858535,0.0227918557033307),
 .UNSPECIFIED.);
#196=B_SPLINE_CURVE_WITH_KNOTS('',3,(#9680,#9681,#9682,#9683,#9684),
 .UNSPECIFIED.,.F.,.F.,(4,1,4),(0.,0.0110107636858535,0.0227918557033307),
 .UNSPECIFIED.);
#197=B_SPLINE_CURVE_WITH_KNOTS('',3,(#9696,#9697,#9698,#9699,#9700),
 .UNSPECIFIED.,.F.,.F.,(4,1,4),(0.,0.018919633419298,0.0324767249560319),
 .UNSPECIFIED.);
#198=B_SPLINE_CURVE_WITH_KNOTS('',3,(#9703,#9704,#9705,#9706,#9707),
 .UNSPECIFIED.,.F.,.F.,(4,1,4),(0.,0.018919633419298,0.0324767249560319),
 .UNSPECIFIED.);
#199=B_SPLINE_CURVE_WITH_KNOTS('',3,(#9725,#9726,#9727,#9728,#9729),
 .UNSPECIFIED.,.F.,.F.,(4,1,4),(0.,0.0186819818056077,0.0444204930753962),
 .UNSPECIFIED.);
#200=B_SPLINE_CURVE_WITH_KNOTS('',3,(#9732,#9733,#9734,#9735,#9736),
 .UNSPECIFIED.,.F.,.F.,(4,1,4),(0.,0.0186819818056077,0.0444204930753962),
 .UNSPECIFIED.);
#201=B_SPLINE_CURVE_WITH_KNOTS('',3,(#9748,#9749,#9750,#9751,#9752),
 .UNSPECIFIED.,.F.,.F.,(4,1,4),(0.,0.0157861851971733,0.0307470605089509),
 .UNSPECIFIED.);
#202=B_SPLINE_CURVE_WITH_KNOTS('',3,(#9755,#9756,#9757,#9758,#9759),
 .UNSPECIFIED.,.F.,.F.,(4,1,4),(0.,0.0157861851971733,0.0307470605089509),
 .UNSPECIFIED.);
#203=B_SPLINE_CURVE_WITH_KNOTS('',3,(#9771,#9772,#9773,#9774,#9775),
 .UNSPECIFIED.,.F.,.F.,(4,1,4),(0.,0.0209486434986977,0.0388882422415227),
 .UNSPECIFIED.);
#204=B_SPLINE_CURVE_WITH_KNOTS('',3,(#9778,#9779,#9780,#9781,#9782),
 .UNSPECIFIED.,.F.,.F.,(4,1,4),(0.,0.0209486434986977,0.0388882422415227),
 .UNSPECIFIED.);
#205=B_SPLINE_CURVE_WITH_KNOTS('',3,(#9794,#9795,#9796,#9797,#9798),
 .UNSPECIFIED.,.F.,.F.,(4,1,4),(0.,0.0182875389611098,0.0386784350288178),
 .UNSPECIFIED.);
#206=B_SPLINE_CURVE_WITH_KNOTS('',3,(#9801,#9802,#9803,#9804,#9805),
 .UNSPECIFIED.,.F.,.F.,(4,1,4),(0.,0.0182875389611098,0.0386784350288178),
 .UNSPECIFIED.);
#207=B_SPLINE_CURVE_WITH_KNOTS('',3,(#9817,#9818,#9819,#9820,#9821),
 .UNSPECIFIED.,.F.,.F.,(4,1,4),(0.,0.0140741458243087,0.0303374128695536),
 .UNSPECIFIED.);
#208=B_SPLINE_CURVE_WITH_KNOTS('',3,(#9824,#9825,#9826,#9827,#9828),
 .UNSPECIFIED.,.F.,.F.,(4,1,4),(0.,0.0140741458243087,0.0303374128695536),
 .UNSPECIFIED.);
#209=B_SPLINE_CURVE_WITH_KNOTS('',3,(#9840,#9841,#9842,#9843,#9844),
 .UNSPECIFIED.,.F.,.F.,(4,1,4),(0.,0.0265585967151566,0.0443704024059743),
 .UNSPECIFIED.);
#210=B_SPLINE_CURVE_WITH_KNOTS('',3,(#9847,#9848,#9849,#9850,#9851),
 .UNSPECIFIED.,.F.,.F.,(4,1,4),(0.,0.0265585967151566,0.0443704024059743),
 .UNSPECIFIED.);
#211=B_SPLINE_CURVE_WITH_KNOTS('',3,(#9881,#9882,#9883,#9884,#9885),
 .UNSPECIFIED.,.F.,.F.,(4,1,4),(0.,0.00758094887670072,0.02105565919513),
 .UNSPECIFIED.);
#212=B_SPLINE_CURVE_WITH_KNOTS('',3,(#9888,#9889,#9890,#9891,#9892),
 .UNSPECIFIED.,.F.,.F.,(4,1,4),(0.,0.00758094887670072,0.02105565919513),
 .UNSPECIFIED.);
#213=B_SPLINE_CURVE_WITH_KNOTS('',3,(#9904,#9905,#9906,#9907,#9908),
 .UNSPECIFIED.,.F.,.F.,(4,1,4),(0.,0.00492997520342668,0.00928769619383505),
 .UNSPECIFIED.);
#214=B_SPLINE_CURVE_WITH_KNOTS('',3,(#9911,#9912,#9913,#9914,#9915),
 .UNSPECIFIED.,.F.,.F.,(4,1,4),(0.,0.00492997520342668,0.00928769619383505),
 .UNSPECIFIED.);
#215=B_SPLINE_CURVE_WITH_KNOTS('',3,(#9927,#9928,#9929,#9930,#9931),
 .UNSPECIFIED.,.F.,.F.,(4,1,4),(0.,0.00436153696224698,0.00945652759819026),
 .UNSPECIFIED.);
#216=B_SPLINE_CURVE_WITH_KNOTS('',3,(#9934,#9935,#9936,#9937,#9938),
 .UNSPECIFIED.,.F.,.F.,(4,1,4),(0.,0.00436153696224698,0.00945652759819026),
 .UNSPECIFIED.);
#217=B_SPLINE_CURVE_WITH_KNOTS('',3,(#9950,#9951,#9952,#9953,#9954),
 .UNSPECIFIED.,.F.,.F.,(4,1,4),(0.,0.0120522326225246,0.019151351617298),
 .UNSPECIFIED.);
#218=B_SPLINE_CURVE_WITH_KNOTS('',3,(#9957,#9958,#9959,#9960,#9961),
 .UNSPECIFIED.,.F.,.F.,(4,1,4),(0.,0.0120522326225246,0.019151351617298),
 .UNSPECIFIED.);
#219=B_SPLINE_CURVE_WITH_KNOTS('',3,(#9979,#9980,#9981,#9982,#9983),
 .UNSPECIFIED.,.F.,.F.,(4,1,4),(0.,0.00734216739461348,0.0198882244201199),
 .UNSPECIFIED.);
#220=B_SPLINE_CURVE_WITH_KNOTS('',3,(#9986,#9987,#9988,#9989,#9990),
 .UNSPECIFIED.,.F.,.F.,(4,1,4),(0.,0.00734216739461348,0.0198882244201199),
 .UNSPECIFIED.);
#221=B_SPLINE_CURVE_WITH_KNOTS('',3,(#10002,#10003,#10004,#10005,#10006),
 .UNSPECIFIED.,.F.,.F.,(4,1,4),(0.,0.00537306768067629,0.0098651775141408),
 .UNSPECIFIED.);
#222=B_SPLINE_CURVE_WITH_KNOTS('',3,(#10009,#10010,#10011,#10012,#10013),
 .UNSPECIFIED.,.F.,.F.,(4,1,4),(0.,0.00537306768067629,0.0098651775141408),
 .UNSPECIFIED.);
#223=B_SPLINE_CURVE_WITH_KNOTS('',3,(#10025,#10026,#10027,#10028,#10029),
 .UNSPECIFIED.,.F.,.F.,(4,1,4),(0.,0.0038844375418026,0.00865674517555597),
 .UNSPECIFIED.);
#224=B_SPLINE_CURVE_WITH_KNOTS('',3,(#10032,#10033,#10034,#10035,#10036),
 .UNSPECIFIED.,.F.,.F.,(4,1,4),(0.,0.0038844375418026,0.00865674517555597),
 .UNSPECIFIED.);
#225=B_SPLINE_CURVE_WITH_KNOTS('',3,(#10048,#10049,#10050,#10051,#10052),
 .UNSPECIFIED.,.F.,.F.,(4,1,4),(0.,0.0123183818875097,0.0190461394890155),
 .UNSPECIFIED.);
#226=B_SPLINE_CURVE_WITH_KNOTS('',3,(#10055,#10056,#10057,#10058,#10059),
 .UNSPECIFIED.,.F.,.F.,(4,1,4),(0.,0.0123183818875097,0.0190461394890155),
 .UNSPECIFIED.);
#227=B_SPLINE_CURVE_WITH_KNOTS('',3,(#10088,#10089,#10090,#10091,#10092),
 .UNSPECIFIED.,.F.,.F.,(4,1,4),(0.,0.0361730505227464,0.0801487879602071),
 .UNSPECIFIED.);
#228=B_SPLINE_CURVE_WITH_KNOTS('',3,(#10096,#10097,#10098,#10099,#10100),
 .UNSPECIFIED.,.F.,.F.,(4,1,4),(0.,0.0361730505227464,0.0801487879602071),
 .UNSPECIFIED.);
#229=B_SPLINE_CURVE_WITH_KNOTS('',3,(#10113,#10114,#10115,#10116,#10117),
 .UNSPECIFIED.,.F.,.F.,(4,1,4),(0.,0.0497585190257176,0.0798412564903872),
 .UNSPECIFIED.);
#230=B_SPLINE_CURVE_WITH_KNOTS('',3,(#10120,#10121,#10122,#10123,#10124),
 .UNSPECIFIED.,.F.,.F.,(4,1,4),(0.,0.0497585190257176,0.0798412564903872),
 .UNSPECIFIED.);
#231=B_SPLINE_CURVE_WITH_KNOTS('',3,(#10202,#10203,#10204,#10205,#10206),
 .UNSPECIFIED.,.F.,.F.,(4,1,4),(0.,0.0720634430123939,0.142833449421905),
 .UNSPECIFIED.);
#232=B_SPLINE_CURVE_WITH_KNOTS('',3,(#10210,#10211,#10212,#10213,#10214),
 .UNSPECIFIED.,.F.,.F.,(4,1,4),(0.,0.0720634430123939,0.142833449421905),
 .UNSPECIFIED.);
#233=B_SPLINE_CURVE_WITH_KNOTS('',3,(#10233,#10234,#10235,#10236,#10237),
 .UNSPECIFIED.,.F.,.F.,(4,1,4),(0.,0.0209695419829956,0.066211025293047),
 .UNSPECIFIED.);
#234=B_SPLINE_CURVE_WITH_KNOTS('',3,(#10240,#10241,#10242,#10243,#10244),
 .UNSPECIFIED.,.F.,.F.,(4,1,4),(0.,0.0209695419829956,0.066211025293047),
 .UNSPECIFIED.);
#235=B_SPLINE_CURVE_WITH_KNOTS('',3,(#10262,#10263,#10264,#10265,#10266),
 .UNSPECIFIED.,.F.,.F.,(4,1,4),(0.,0.0607045637614392,0.138021260590769),
 .UNSPECIFIED.);
#236=B_SPLINE_CURVE_WITH_KNOTS('',3,(#10269,#10270,#10271,#10272,#10273),
 .UNSPECIFIED.,.F.,.F.,(4,1,4),(0.,0.0607045637614392,0.138021260590769),
 .UNSPECIFIED.);
#237=B_SPLINE_CURVE_WITH_KNOTS('',3,(#10315,#10316,#10317,#10318,#10319),
 .UNSPECIFIED.,.F.,.F.,(4,1,4),(0.,0.0391674852522808,0.10587860280614),
 .UNSPECIFIED.);
#238=B_SPLINE_CURVE_WITH_KNOTS('',3,(#10322,#10323,#10324,#10325,#10326),
 .UNSPECIFIED.,.F.,.F.,(4,1,4),(0.,0.0391674852522808,0.10587860280614),
 .UNSPECIFIED.);
#239=B_SPLINE_CURVE_WITH_KNOTS('',3,(#10338,#10339,#10340,#10341,#10342),
 .UNSPECIFIED.,.F.,.F.,(4,1,4),(0.,0.0499753766463313,0.106072673079704),
 .UNSPECIFIED.);
#240=B_SPLINE_CURVE_WITH_KNOTS('',3,(#10345,#10346,#10347,#10348,#10349),
 .UNSPECIFIED.,.F.,.F.,(4,1,4),(0.,0.0499753766463313,0.106072673079704),
 .UNSPECIFIED.);
#241=B_SPLINE_SURFACE_WITH_KNOTS('',3,1,((#7834,#7835),(#7836,#7837),(#7838,
#7839),(#7840,#7841),(#7842,#7843)),.UNSPECIFIED.,.F.,.F.,.F.,(4,1,4),(2,
2),(0.,0.0501418223563032,0.0846007236215726),(0.,0.06),.UNSPECIFIED.);
#242=B_SPLINE_SURFACE_WITH_KNOTS('',3,1,((#7860,#7861),(#7862,#7863),(#7864,
#7865),(#7866,#7867),(#7868,#7869)),.UNSPECIFIED.,.F.,.F.,.F.,(4,1,4),(2,
2),(0.,0.0381954849284433,0.0843784310881958),(0.,0.06),.UNSPECIFIED.);
#243=B_SPLINE_SURFACE_WITH_KNOTS('',3,1,((#7935,#7936),(#7937,#7938),(#7939,
#7940),(#7941,#7942),(#7943,#7944)),.UNSPECIFIED.,.F.,.F.,.F.,(4,1,4),(2,
2),(0.,0.00850002324012942,0.0139417973581631),(0.,0.06),.UNSPECIFIED.);
#244=B_SPLINE_SURFACE_WITH_KNOTS('',3,1,((#7967,#7968),(#7969,#7970),(#7971,
#7972),(#7973,#7974),(#7975,#7976)),.UNSPECIFIED.,.F.,.F.,.F.,(4,1,4),(2,
2),(0.,0.00580707889749352,0.0150518784077951),(0.,0.06),.UNSPECIFIED.);
#245=B_SPLINE_SURFACE_WITH_KNOTS('',3,1,((#7990,#7991),(#7992,#7993),(#7994,
#7995),(#7996,#7997),(#7998,#7999)),.UNSPECIFIED.,.F.,.F.,.F.,(4,1,4),(2,
2),(0.,0.00613205380701612,0.0108218883798357),(0.,0.06),.UNSPECIFIED.);
#246=B_SPLINE_SURFACE_WITH_KNOTS('',3,1,((#8013,#8014),(#8015,#8016),(#8017,
#8018),(#8019,#8020),(#8021,#8022)),.UNSPECIFIED.,.F.,.F.,.F.,(4,1,4),(2,
2),(0.,0.00207124870904454,0.00383188302879921),(0.,0.06),.UNSPECIFIED.);
#247=B_SPLINE_SURFACE_WITH_KNOTS('',3,1,((#8042,#8043),(#8044,#8045),(#8046,
#8047),(#8048,#8049),(#8050,#8051)),.UNSPECIFIED.,.F.,.F.,.F.,(4,1,4),(2,
2),(0.,0.00545725289096363,0.0138929205988001),(0.,0.06),.UNSPECIFIED.);
#248=B_SPLINE_SURFACE_WITH_KNOTS('',3,1,((#8083,#8084),(#8085,#8086),(#8087,
#8088),(#8089,#8090),(#8091,#8092)),.UNSPECIFIED.,.F.,.F.,.F.,(4,1,4),(2,
2),(0.,0.0126819536852555,0.0281526877304968),(0.,0.06),.UNSPECIFIED.);
#249=B_SPLINE_SURFACE_WITH_KNOTS('',3,1,((#8106,#8107),(#8108,#8109),(#8110,
#8111),(#8112,#8113),(#8114,#8115)),.UNSPECIFIED.,.F.,.F.,.F.,(4,1,4),(2,
2),(0.,0.00956600260944288,0.0201503257222585),(0.,0.06),.UNSPECIFIED.);
#250=B_SPLINE_SURFACE_WITH_KNOTS('',3,1,((#8129,#8130),(#8131,#8132),(#8133,
#8134),(#8135,#8136),(#8137,#8138)),.UNSPECIFIED.,.F.,.F.,.F.,(4,1,4),(2,
2),(0.,0.0165829065542082,0.0283282957462331),(0.,0.06),.UNSPECIFIED.);
#251=B_SPLINE_SURFACE_WITH_KNOTS('',3,1,((#8158,#8159),(#8160,#8161),(#8162,
#8163),(#8164,#8165),(#8166,#8167)),.UNSPECIFIED.,.F.,.F.,.F.,(4,1,4),(2,
2),(0.,0.0115133094118009,0.027843070632402),(0.,0.06),.UNSPECIFIED.);
#252=B_SPLINE_SURFACE_WITH_KNOTS('',3,1,((#8181,#8182),(#8183,#8184),(#8185,
#8186),(#8187,#8188),(#8189,#8190)),.UNSPECIFIED.,.F.,.F.,.F.,(4,1,4),(2,
2),(0.,0.00846822300470639,0.0172744603697517),(0.,0.06),.UNSPECIFIED.);
#253=B_SPLINE_SURFACE_WITH_KNOTS('',3,1,((#8204,#8205),(#8206,#8207),(#8208,
#8209),(#8210,#8211),(#8212,#8213)),.UNSPECIFIED.,.F.,.F.,.F.,(4,1,4),(2,
2),(0.,0.0108047440230612,0.0198732617829405),(0.,0.06),.UNSPECIFIED.);
#254=B_SPLINE_SURFACE_WITH_KNOTS('',3,1,((#8227,#8228),(#8229,#8230),(#8231,
#8232),(#8233,#8234),(#8235,#8236)),.UNSPECIFIED.,.F.,.F.,.F.,(4,1,4),(2,
2),(0.,0.0188109407869281,0.0329165695748133),(0.,0.06),.UNSPECIFIED.);
#255=B_SPLINE_SURFACE_WITH_KNOTS('',3,1,((#8269,#8270),(#8271,#8272),(#8273,
#8274),(#8275,#8276),(#8277,#8278)),.UNSPECIFIED.,.F.,.F.,.F.,(4,1,4),(2,
2),(0.,0.00683158777323605,0.0190510828844352),(0.,0.06),.UNSPECIFIED.);
#256=B_SPLINE_SURFACE_WITH_KNOTS('',3,1,((#8292,#8293),(#8294,#8295),(#8296,
#8297),(#8298,#8299),(#8300,#8301)),.UNSPECIFIED.,.F.,.F.,.F.,(4,1,4),(2,
2),(0.,0.00418335383667277,0.00797289511058712),(0.,0.06),.UNSPECIFIED.);
#257=B_SPLINE_SURFACE_WITH_KNOTS('',3,1,((#8315,#8316),(#8317,#8318),(#8319,
#8320),(#8321,#8322),(#8323,#8324)),.UNSPECIFIED.,.F.,.F.,.F.,(4,1,4),(2,
2),(0.,0.00347523046870637,0.00718667277411055),(0.,0.06),.UNSPECIFIED.);
#258=B_SPLINE_SURFACE_WITH_KNOTS('',3,1,((#8338,#8339),(#8340,#8341),(#8342,
#8343),(#8344,#8345),(#8346,#8347)),.UNSPECIFIED.,.F.,.F.,.F.,(4,1,4),(2,
2),(0.,0.0107378109847432,0.016838365338511),(0.,0.06),.UNSPECIFIED.);
#259=B_SPLINE_SURFACE_WITH_KNOTS('',3,1,((#8379,#8380),(#8381,#8382),(#8383,
#8384),(#8385,#8386),(#8387,#8388)),.UNSPECIFIED.,.F.,.F.,.F.,(4,1,4),(2,
2),(0.,0.0164097641142501,0.0444380167260039),(0.,0.06),.UNSPECIFIED.);
#260=B_SPLINE_SURFACE_WITH_KNOTS('',3,1,((#8402,#8403),(#8404,#8405),(#8406,
#8407),(#8408,#8409),(#8410,#8411)),.UNSPECIFIED.,.F.,.F.,.F.,(4,1,4),(2,
2),(0.,0.0111692045845427,0.0217980352212819),(0.,0.06),.UNSPECIFIED.);
#261=B_SPLINE_SURFACE_WITH_KNOTS('',3,1,((#8425,#8426),(#8427,#8428),(#8429,
#8430),(#8431,#8432),(#8433,#8434)),.UNSPECIFIED.,.F.,.F.,.F.,(4,1,4),(2,
2),(0.,0.0137901701347176,0.0259103057099541),(0.,0.06),.UNSPECIFIED.);
#262=B_SPLINE_SURFACE_WITH_KNOTS('',3,1,((#8448,#8449),(#8450,#8451),(#8452,
#8453),(#8454,#8455),(#8456,#8457)),.UNSPECIFIED.,.F.,.F.,.F.,(4,1,4),(2,
2),(0.,0.0169272932653976,0.0323448254071922),(0.,0.06),.UNSPECIFIED.);
#263=B_SPLINE_SURFACE_WITH_KNOTS('',3,1,((#8471,#8472),(#8473,#8474),(#8475,
#8476),(#8477,#8478),(#8479,#8480)),.UNSPECIFIED.,.F.,.F.,.F.,(4,1,4),(2,
2),(0.,0.0135176572862712,0.0286866593087368),(0.,0.06),.UNSPECIFIED.);
#264=B_SPLINE_SURFACE_WITH_KNOTS('',3,1,((#8494,#8495),(#8496,#8497),(#8498,
#8499),(#8500,#8501),(#8502,#8503)),.UNSPECIFIED.,.F.,.F.,.F.,(4,1,4),(2,
2),(0.,0.0119999852686512,0.0244092328997942),(0.,0.06),.UNSPECIFIED.);
#265=B_SPLINE_SURFACE_WITH_KNOTS('',3,1,((#8517,#8518),(#8519,#8520),(#8521,
#8522),(#8523,#8524),(#8525,#8526)),.UNSPECIFIED.,.F.,.F.,.F.,(4,1,4),(2,
2),(0.,0.00977731087163255,0.0209901378237446),(0.,0.06),.UNSPECIFIED.);
#266=B_SPLINE_SURFACE_WITH_KNOTS('',3,1,((#8540,#8541),(#8542,#8543),(#8544,
#8545),(#8546,#8547),(#8548,#8549)),.UNSPECIFIED.,.F.,.F.,.F.,(4,1,4),(2,
2),(0.,0.0193519322860489,0.0319858723280702),(0.,0.06),.UNSPECIFIED.);
#267=B_SPLINE_SURFACE_WITH_KNOTS('',3,1,((#8588,#8589),(#8590,#8591),(#8592,
#8593),(#8594,#8595),(#8596,#8597)),.UNSPECIFIED.,.F.,.F.,.F.,(4,1,4),(2,
2),(0.,0.0198813512138101,0.0429658858037081),(0.,0.06),.UNSPECIFIED.);
#268=B_SPLINE_SURFACE_WITH_KNOTS('',3,1,((#8840,#8841),(#8842,#8843),(#8844,
#8845),(#8846,#8847),(#8848,#8849)),.UNSPECIFIED.,.F.,.F.,.F.,(4,1,4),(2,
2),(0.,0.0138612685117998,0.0342616859119549),(0.,0.06),.UNSPECIFIED.);
#269=B_SPLINE_SURFACE_WITH_KNOTS('',3,1,((#8866,#8867),(#8868,#8869),(#8870,
#8871),(#8872,#8873),(#8874,#8875)),.UNSPECIFIED.,.F.,.F.,.F.,(4,1,4),(2,
2),(0.,0.0139767752331975,0.0254790168190129),(0.,0.06),.UNSPECIFIED.);
#270=B_SPLINE_SURFACE_WITH_KNOTS('',3,1,((#8889,#8890),(#8891,#8892),(#8893,
#8894),(#8895,#8896),(#8897,#8898)),.UNSPECIFIED.,.F.,.F.,.F.,(4,1,4),(2,
2),(0.,0.0188328404162656,0.0353457500967226),(0.,0.06),.UNSPECIFIED.);
#271=B_SPLINE_SURFACE_WITH_KNOTS('',3,1,((#8912,#8913),(#8914,#8915),(#8916,
#8917),(#8918,#8919),(#8920,#8921)),.UNSPECIFIED.,.F.,.F.,.F.,(4,1,4),(2,
2),(0.,0.015135755299412,0.0323720445008279),(0.,0.06),.UNSPECIFIED.);
#272=B_SPLINE_SURFACE_WITH_KNOTS('',3,1,((#8935,#8936),(#8937,#8938),(#8939,
#8940),(#8941,#8942),(#8943,#8944)),.UNSPECIFIED.,.F.,.F.,.F.,(4,1,4),(2,
2),(0.,0.0121859616789454,0.025547508231948),(0.,0.06),.UNSPECIFIED.);
#273=B_SPLINE_SURFACE_WITH_KNOTS('',3,1,((#8958,#8959),(#8960,#8961),(#8962,
#8963),(#8964,#8965),(#8966,#8967)),.UNSPECIFIED.,.F.,.F.,.F.,(4,1,4),(2,
2),(0.,0.0199428449009621,0.0343439219113912),(0.,0.06),.UNSPECIFIED.);
#274=B_SPLINE_SURFACE_WITH_KNOTS('',3,1,((#8981,#8982),(#8983,#8984),(#8985,
#8986),(#8987,#8988),(#8989,#8990)),.UNSPECIFIED.,.F.,.F.,.F.,(4,1,4),(2,
2),(0.,0.0120794479992188,0.0266314017682889),(0.,0.06),.UNSPECIFIED.);
#275=B_SPLINE_SURFACE_WITH_KNOTS('',3,1,((#9004,#9005),(#9006,#9007),(#9008,
#9009),(#9010,#9011),(#9012,#9013)),.UNSPECIFIED.,.F.,.F.,.F.,(4,1,4),(2,
2),(0.,0.009001720175136,0.019270962674216),(0.,0.06),.UNSPECIFIED.);
#276=B_SPLINE_SURFACE_WITH_KNOTS('',3,1,((#9027,#9028),(#9029,#9030),(#9031,
#9032),(#9033,#9034),(#9035,#9036)),.UNSPECIFIED.,.F.,.F.,.F.,(4,1,4),(2,
2),(0.,0.0195656097541311,0.0317684166677795),(0.,0.06),.UNSPECIFIED.);
#277=B_SPLINE_SURFACE_WITH_KNOTS('',3,1,((#9050,#9051),(#9052,#9053),(#9054,
#9055),(#9056,#9057),(#9058,#9059)),.UNSPECIFIED.,.F.,.F.,.F.,(4,1,4),(2,
2),(0.,0.0112185161026023,0.0303991838165297),(0.,0.06),.UNSPECIFIED.);
#278=B_SPLINE_SURFACE_WITH_KNOTS('',3,1,((#9073,#9074),(#9075,#9076),(#9077,
#9078),(#9079,#9080),(#9081,#9082)),.UNSPECIFIED.,.F.,.F.,.F.,(4,1,4),(2,
2),(0.,0.0146573564830949,0.0238869665141361),(0.,0.06),.UNSPECIFIED.);
#279=B_SPLINE_SURFACE_WITH_KNOTS('',3,1,((#9096,#9097),(#9098,#9099),(#9100,
#9101),(#9102,#9103),(#9104,#9105)),.UNSPECIFIED.,.F.,.F.,.F.,(4,1,4),(2,
2),(0.,0.00540925168998647,0.0124790523295912),(0.,0.06),.UNSPECIFIED.);
#280=B_SPLINE_SURFACE_WITH_KNOTS('',3,1,((#9119,#9120),(#9121,#9122),(#9123,
#9124),(#9125,#9126),(#9127,#9128)),.UNSPECIFIED.,.F.,.F.,.F.,(4,1,4),(2,
2),(0.,0.00463777103395514,0.00906101539759212),(0.,0.06),.UNSPECIFIED.);
#281=B_SPLINE_SURFACE_WITH_KNOTS('',3,1,((#9142,#9143),(#9144,#9145),(#9146,
#9147),(#9148,#9149),(#9150,#9151)),.UNSPECIFIED.,.F.,.F.,.F.,(4,1,4),(2,
2),(0.,0.00371324973266219,0.0081867550701933),(0.,0.06),.UNSPECIFIED.);
#282=B_SPLINE_SURFACE_WITH_KNOTS('',3,1,((#9165,#9166),(#9167,#9168),(#9169,
#9170),(#9171,#9172),(#9173,#9174)),.UNSPECIFIED.,.F.,.F.,.F.,(4,1,4),(2,
2),(0.,0.00924813439737812,0.014686663538593),(0.,0.06),.UNSPECIFIED.);
#283=B_SPLINE_SURFACE_WITH_KNOTS('',3,1,((#9206,#9207),(#9208,#9209),(#9210,
#9211),(#9212,#9213),(#9214,#9215)),.UNSPECIFIED.,.F.,.F.,.F.,(4,1,4),(2,
2),(0.,0.0151850695555324,0.0351375404376659),(0.,0.06),.UNSPECIFIED.);
#284=B_SPLINE_SURFACE_WITH_KNOTS('',3,1,((#9229,#9230),(#9231,#9232),(#9233,
#9234),(#9235,#9236),(#9237,#9238)),.UNSPECIFIED.,.F.,.F.,.F.,(4,1,4),(2,
2),(0.,0.0151643026235652,0.0283919827717661),(0.,0.06),.UNSPECIFIED.);
#285=B_SPLINE_SURFACE_WITH_KNOTS('',3,1,((#9252,#9253),(#9254,#9255),(#9256,
#9257),(#9258,#9259),(#9260,#9261)),.UNSPECIFIED.,.F.,.F.,.F.,(4,1,4),(2,
2),(0.,0.0194490166044664,0.0367855530086663),(0.,0.06),.UNSPECIFIED.);
#286=B_SPLINE_SURFACE_WITH_KNOTS('',3,1,((#9275,#9276),(#9277,#9278),(#9279,
#9280),(#9281,#9282),(#9283,#9284)),.UNSPECIFIED.,.F.,.F.,.F.,(4,1,4),(2,
2),(0.,0.0163339041493935,0.0342665837257184),(0.,0.06),.UNSPECIFIED.);
#287=B_SPLINE_SURFACE_WITH_KNOTS('',3,1,((#9298,#9299),(#9300,#9301),(#9302,
#9303),(#9304,#9305),(#9306,#9307)),.UNSPECIFIED.,.F.,.F.,.F.,(4,1,4),(2,
2),(0.,0.0118532477929289,0.0260958787884002),(0.,0.06),.UNSPECIFIED.);
#288=B_SPLINE_SURFACE_WITH_KNOTS('',3,1,((#9321,#9322),(#9323,#9324),(#9325,
#9326),(#9327,#9328),(#9329,#9330)),.UNSPECIFIED.,.F.,.F.,.F.,(4,1,4),(2,
2),(0.,0.0186029502291663,0.0320761005819096),(0.,0.06),.UNSPECIFIED.);
#289=B_SPLINE_SURFACE_WITH_KNOTS('',3,1,((#9344,#9345),(#9346,#9347),(#9348,
#9349),(#9350,#9351),(#9352,#9353)),.UNSPECIFIED.,.F.,.F.,.F.,(4,1,4),(2,
2),(0.,0.0185413130723622,0.0439965062186398),(0.,0.06),.UNSPECIFIED.);
#290=B_SPLINE_SURFACE_WITH_KNOTS('',3,1,((#9367,#9368),(#9369,#9370),(#9371,
#9372),(#9373,#9374),(#9375,#9376)),.UNSPECIFIED.,.F.,.F.,.F.,(4,1,4),(2,
2),(0.,0.0339540641951518,0.055530403453024),(0.,0.06),.UNSPECIFIED.);
#291=B_SPLINE_SURFACE_WITH_KNOTS('',3,1,((#9390,#9391),(#9392,#9393),(#9394,
#9395),(#9396,#9397),(#9398,#9399)),.UNSPECIFIED.,.F.,.F.,.F.,(4,1,4),(2,
2),(0.,0.00747914759136987,0.0192562861616455),(0.,0.06),.UNSPECIFIED.);
#292=B_SPLINE_SURFACE_WITH_KNOTS('',3,1,((#9413,#9414),(#9415,#9416),(#9417,
#9418),(#9419,#9420),(#9421,#9422)),.UNSPECIFIED.,.F.,.F.,.F.,(4,1,4),(2,
2),(0.,0.00880223072613273,0.0154258585347336),(0.,0.06),.UNSPECIFIED.);
#293=B_SPLINE_SURFACE_WITH_KNOTS('',3,1,((#9436,#9437),(#9438,#9439),(#9440,
#9441),(#9442,#9443),(#9444,#9445)),.UNSPECIFIED.,.F.,.F.,.F.,(4,1,4),(2,
2),(0.,0.00514876767669093,0.0119747720100042),(0.,0.06),.UNSPECIFIED.);
#294=B_SPLINE_SURFACE_WITH_KNOTS('',3,1,((#9459,#9460),(#9461,#9462),(#9463,
#9464),(#9465,#9466),(#9467,#9468)),.UNSPECIFIED.,.F.,.F.,.F.,(4,1,4),(2,
2),(0.,0.00423283092928798,0.00837329825560417),(0.,0.06),.UNSPECIFIED.);
#295=B_SPLINE_SURFACE_WITH_KNOTS('',3,1,((#9482,#9483),(#9484,#9485),(#9486,
#9487),(#9488,#9489),(#9490,#9491)),.UNSPECIFIED.,.F.,.F.,.F.,(4,1,4),(2,
2),(0.,0.00326268243610421,0.00703611915568963),(0.,0.06),.UNSPECIFIED.);
#296=B_SPLINE_SURFACE_WITH_KNOTS('',3,1,((#9505,#9506),(#9507,#9508),(#9509,
#9510),(#9511,#9512),(#9513,#9514)),.UNSPECIFIED.,.F.,.F.,.F.,(4,1,4),(2,
2),(0.,0.00850552650366579,0.013430804351071),(0.,0.06),.UNSPECIFIED.);
#297=B_SPLINE_SURFACE_WITH_KNOTS('',3,1,((#9544,#9545),(#9546,#9547),(#9548,
#9549),(#9550,#9551),(#9552,#9553)),.UNSPECIFIED.,.F.,.F.,.F.,(4,1,4),(2,
2),(0.,0.0173087952345048,0.0416550087842897),(0.,0.06),.UNSPECIFIED.);
#298=B_SPLINE_SURFACE_WITH_KNOTS('',3,1,((#9570,#9571),(#9572,#9573),(#9574,
#9575),(#9576,#9577),(#9578,#9579)),.UNSPECIFIED.,.F.,.F.,.F.,(4,1,4),(2,
2),(0.,0.0159034135710011,0.0300703829797181),(0.,0.06),.UNSPECIFIED.);
#299=B_SPLINE_SURFACE_WITH_KNOTS('',3,1,((#9593,#9594),(#9595,#9596),(#9597,
#9598),(#9599,#9600),(#9601,#9602)),.UNSPECIFIED.,.F.,.F.,.F.,(4,1,4),(2,
2),(0.,0.02108700667015,0.0393038142661877),(0.,0.06),.UNSPECIFIED.);
#300=B_SPLINE_SURFACE_WITH_KNOTS('',3,1,((#9616,#9617),(#9618,#9619),(#9620,
#9621),(#9622,#9623),(#9624,#9625)),.UNSPECIFIED.,.F.,.F.,.F.,(4,1,4),(2,
2),(0.,0.0146532003949466,0.0306689300018909),(0.,0.06),.UNSPECIFIED.);
#301=B_SPLINE_SURFACE_WITH_KNOTS('',3,1,((#9639,#9640),(#9641,#9642),(#9643,
#9644),(#9645,#9646),(#9647,#9648)),.UNSPECIFIED.,.F.,.F.,.F.,(4,1,4),(2,
2),(0.,0.012524533028468,0.025986100631442),(0.,0.06),.UNSPECIFIED.);
#302=B_SPLINE_SURFACE_WITH_KNOTS('',3,1,((#9662,#9663),(#9664,#9665),(#9666,
#9667),(#9668,#9669),(#9670,#9671)),.UNSPECIFIED.,.F.,.F.,.F.,(4,1,4),(2,
2),(0.,0.0110107636858535,0.0227918557033307),(0.,0.06),.UNSPECIFIED.);
#303=B_SPLINE_SURFACE_WITH_KNOTS('',3,1,((#9685,#9686),(#9687,#9688),(#9689,
#9690),(#9691,#9692),(#9693,#9694)),.UNSPECIFIED.,.F.,.F.,.F.,(4,1,4),(2,
2),(0.,0.018919633419298,0.0324767249560319),(0.,0.06),.UNSPECIFIED.);
#304=B_SPLINE_SURFACE_WITH_KNOTS('',3,1,((#9714,#9715),(#9716,#9717),(#9718,
#9719),(#9720,#9721),(#9722,#9723)),.UNSPECIFIED.,.F.,.F.,.F.,(4,1,4),(2,
2),(0.,0.0186819818056077,0.0444204930753962),(0.,0.06),.UNSPECIFIED.);
#305=B_SPLINE_SURFACE_WITH_KNOTS('',3,1,((#9737,#9738),(#9739,#9740),(#9741,
#9742),(#9743,#9744),(#9745,#9746)),.UNSPECIFIED.,.F.,.F.,.F.,(4,1,4),(2,
2),(0.,0.0157861851971733,0.0307470605089509),(0.,0.06),.UNSPECIFIED.);
#306=B_SPLINE_SURFACE_WITH_KNOTS('',3,1,((#9760,#9761),(#9762,#9763),(#9764,
#9765),(#9766,#9767),(#9768,#9769)),.UNSPECIFIED.,.F.,.F.,.F.,(4,1,4),(2,
2),(0.,0.0209486434986977,0.0388882422415227),(0.,0.06),.UNSPECIFIED.);
#307=B_SPLINE_SURFACE_WITH_KNOTS('',3,1,((#9783,#9784),(#9785,#9786),(#9787,
#9788),(#9789,#9790),(#9791,#9792)),.UNSPECIFIED.,.F.,.F.,.F.,(4,1,4),(2,
2),(0.,0.0182875389611098,0.0386784350288178),(0.,0.06),.UNSPECIFIED.);
#308=B_SPLINE_SURFACE_WITH_KNOTS('',3,1,((#9806,#9807),(#9808,#9809),(#9810,
#9811),(#9812,#9813),(#9814,#9815)),.UNSPECIFIED.,.F.,.F.,.F.,(4,1,4),(2,
2),(0.,0.0140741458243087,0.0303374128695536),(0.,0.06),.UNSPECIFIED.);
#309=B_SPLINE_SURFACE_WITH_KNOTS('',3,1,((#9829,#9830),(#9831,#9832),(#9833,
#9834),(#9835,#9836),(#9837,#9838)),.UNSPECIFIED.,.F.,.F.,.F.,(4,1,4),(2,
2),(0.,0.0265585967151566,0.0443704024059743),(0.,0.06),.UNSPECIFIED.);
#310=B_SPLINE_SURFACE_WITH_KNOTS('',3,1,((#9870,#9871),(#9872,#9873),(#9874,
#9875),(#9876,#9877),(#9878,#9879)),.UNSPECIFIED.,.F.,.F.,.F.,(4,1,4),(2,
2),(0.,0.00758094887670072,0.02105565919513),(0.,0.06),.UNSPECIFIED.);
#311=B_SPLINE_SURFACE_WITH_KNOTS('',3,1,((#9893,#9894),(#9895,#9896),(#9897,
#9898),(#9899,#9900),(#9901,#9902)),.UNSPECIFIED.,.F.,.F.,.F.,(4,1,4),(2,
2),(0.,0.00492997520342668,0.00928769619383505),(0.,0.06),.UNSPECIFIED.);
#312=B_SPLINE_SURFACE_WITH_KNOTS('',3,1,((#9916,#9917),(#9918,#9919),(#9920,
#9921),(#9922,#9923),(#9924,#9925)),.UNSPECIFIED.,.F.,.F.,.F.,(4,1,4),(2,
2),(0.,0.00436153696224698,0.00945652759819026),(0.,0.06),.UNSPECIFIED.);
#313=B_SPLINE_SURFACE_WITH_KNOTS('',3,1,((#9939,#9940),(#9941,#9942),(#9943,
#9944),(#9945,#9946),(#9947,#9948)),.UNSPECIFIED.,.F.,.F.,.F.,(4,1,4),(2,
2),(0.,0.0120522326225246,0.019151351617298),(0.,0.06),.UNSPECIFIED.);
#314=B_SPLINE_SURFACE_WITH_KNOTS('',3,1,((#9968,#9969),(#9970,#9971),(#9972,
#9973),(#9974,#9975),(#9976,#9977)),.UNSPECIFIED.,.F.,.F.,.F.,(4,1,4),(2,
2),(0.,0.00734216739461348,0.0198882244201199),(0.,0.06),.UNSPECIFIED.);
#315=B_SPLINE_SURFACE_WITH_KNOTS('',3,1,((#9991,#9992),(#9993,#9994),(#9995,
#9996),(#9997,#9998),(#9999,#10000)),.UNSPECIFIED.,.F.,.F.,.F.,(4,1,4),
(2,2),(0.,0.00537306768067629,0.0098651775141408),(0.,0.06),
 .UNSPECIFIED.);
#316=B_SPLINE_SURFACE_WITH_KNOTS('',3,1,((#10014,#10015),(#10016,#10017),
(#10018,#10019),(#10020,#10021),(#10022,#10023)),.UNSPECIFIED.,.F.,.F.,
 .F.,(4,1,4),(2,2),(0.,0.0038844375418026,0.00865674517555597),(0.,0.06),
 .UNSPECIFIED.);
#317=B_SPLINE_SURFACE_WITH_KNOTS('',3,1,((#10037,#10038),(#10039,#10040),
(#10041,#10042),(#10043,#10044),(#10045,#10046)),.UNSPECIFIED.,.F.,.F.,
 .F.,(4,1,4),(2,2),(0.,0.0123183818875097,0.0190461394890155),(0.,0.06),
 .UNSPECIFIED.);
#318=B_SPLINE_SURFACE_WITH_KNOTS('',3,1,((#10076,#10077),(#10078,#10079),
(#10080,#10081),(#10082,#10083),(#10084,#10085)),.UNSPECIFIED.,.F.,.F.,
 .F.,(4,1,4),(2,2),(0.,0.0361730505227464,0.0801487879602071),(0.,0.06),
 .UNSPECIFIED.);
#319=B_SPLINE_SURFACE_WITH_KNOTS('',3,1,((#10102,#10103),(#10104,#10105),
(#10106,#10107),(#10108,#10109),(#10110,#10111)),.UNSPECIFIED.,.F.,.F.,
 .F.,(4,1,4),(2,2),(0.,0.0497585190257176,0.0798412564903872),(0.,0.06),
 .UNSPECIFIED.);
#320=B_SPLINE_SURFACE_WITH_KNOTS('',3,1,((#10190,#10191),(#10192,#10193),
(#10194,#10195),(#10196,#10197),(#10198,#10199)),.UNSPECIFIED.,.F.,.F.,
 .F.,(4,1,4),(2,2),(0.,0.0720634430123939,0.142833449421905),(0.,0.06),
 .UNSPECIFIED.);
#321=B_SPLINE_SURFACE_WITH_KNOTS('',3,1,((#10222,#10223),(#10224,#10225),
(#10226,#10227),(#10228,#10229),(#10230,#10231)),.UNSPECIFIED.,.F.,.F.,
 .F.,(4,1,4),(2,2),(0.,0.0209695419829956,0.066211025293047),(0.,0.06),
 .UNSPECIFIED.);
#322=B_SPLINE_SURFACE_WITH_KNOTS('',3,1,((#10251,#10252),(#10253,#10254),
(#10255,#10256),(#10257,#10258),(#10259,#10260)),.UNSPECIFIED.,.F.,.F.,
 .F.,(4,1,4),(2,2),(0.,0.0607045637614392,0.138021260590769),(0.,0.06),
 .UNSPECIFIED.);
#323=B_SPLINE_SURFACE_WITH_KNOTS('',3,1,((#10304,#10305),(#10306,#10307),
(#10308,#10309),(#10310,#10311),(#10312,#10313)),.UNSPECIFIED.,.F.,.F.,
 .F.,(4,1,4),(2,2),(0.,0.0391674852522808,0.10587860280614),(0.,0.06),
 .UNSPECIFIED.);
#324=B_SPLINE_SURFACE_WITH_KNOTS('',3,1,((#10327,#10328),(#10329,#10330),
(#10331,#10332),(#10333,#10334),(#10335,#10336)),.UNSPECIFIED.,.F.,.F.,
 .F.,(4,1,4),(2,2),(0.,0.0499753766463313,0.106072673079704),(0.,0.06),
 .UNSPECIFIED.);
#325=FACE_OUTER_BOUND('',#640,.T.);
#326=FACE_OUTER_BOUND('',#641,.T.);
#327=FACE_OUTER_BOUND('',#642,.T.);
#328=FACE_OUTER_BOUND('',#643,.T.);
#329=FACE_OUTER_BOUND('',#644,.T.);
#330=FACE_OUTER_BOUND('',#645,.T.);
#331=FACE_OUTER_BOUND('',#646,.T.);
#332=FACE_OUTER_BOUND('',#647,.T.);
#333=FACE_OUTER_BOUND('',#648,.T.);
#334=FACE_OUTER_BOUND('',#649,.T.);
#335=FACE_OUTER_BOUND('',#650,.T.);
#336=FACE_OUTER_BOUND('',#651,.T.);
#337=FACE_OUTER_BOUND('',#652,.T.);
#338=FACE_OUTER_BOUND('',#653,.T.);
#339=FACE_OUTER_BOUND('',#654,.T.);
#340=FACE_OUTER_BOUND('',#655,.T.);
#341=FACE_OUTER_BOUND('',#656,.T.);
#342=FACE_OUTER_BOUND('',#657,.T.);
#343=FACE_OUTER_BOUND('',#658,.T.);
#344=FACE_OUTER_BOUND('',#659,.T.);
#345=FACE_OUTER_BOUND('',#660,.T.);
#346=FACE_OUTER_BOUND('',#661,.T.);
#347=FACE_OUTER_BOUND('',#662,.T.);
#348=FACE_OUTER_BOUND('',#663,.T.);
#349=FACE_OUTER_BOUND('',#664,.T.);
#350=FACE_OUTER_BOUND('',#665,.T.);
#351=FACE_OUTER_BOUND('',#666,.T.);
#352=FACE_OUTER_BOUND('',#667,.T.);
#353=FACE_OUTER_BOUND('',#668,.T.);
#354=FACE_OUTER_BOUND('',#669,.T.);
#355=FACE_OUTER_BOUND('',#670,.T.);
#356=FACE_OUTER_BOUND('',#671,.T.);
#357=FACE_OUTER_BOUND('',#672,.T.);
#358=FACE_OUTER_BOUND('',#673,.T.);
#359=FACE_OUTER_BOUND('',#674,.T.);
#360=FACE_OUTER_BOUND('',#675,.T.);
#361=FACE_OUTER_BOUND('',#676,.T.);
#362=FACE_OUTER_BOUND('',#677,.T.);
#363=FACE_OUTER_BOUND('',#678,.T.);
#364=FACE_OUTER_BOUND('',#679,.T.);
#365=FACE_OUTER_BOUND('',#680,.T.);
#366=FACE_OUTER_BOUND('',#681,.T.);
#367=FACE_OUTER_BOUND('',#682,.T.);
#368=FACE_OUTER_BOUND('',#683,.T.);
#369=FACE_OUTER_BOUND('',#684,.T.);
#370=FACE_OUTER_BOUND('',#685,.T.);
#371=FACE_OUTER_BOUND('',#686,.T.);
#372=FACE_OUTER_BOUND('',#687,.T.);
#373=FACE_OUTER_BOUND('',#689,.T.);
#374=FACE_OUTER_BOUND('',#690,.T.);
#375=FACE_OUTER_BOUND('',#691,.T.);
#376=FACE_OUTER_BOUND('',#692,.T.);
#377=FACE_OUTER_BOUND('',#693,.T.);
#378=FACE_OUTER_BOUND('',#694,.T.);
#379=FACE_OUTER_BOUND('',#695,.T.);
#380=FACE_OUTER_BOUND('',#696,.T.);
#381=FACE_OUTER_BOUND('',#697,.T.);
#382=FACE_OUTER_BOUND('',#698,.T.);
#383=FACE_OUTER_BOUND('',#699,.T.);
#384=FACE_OUTER_BOUND('',#700,.T.);
#385=FACE_OUTER_BOUND('',#701,.T.);
#386=FACE_OUTER_BOUND('',#702,.T.);
#387=FACE_OUTER_BOUND('',#703,.T.);
#388=FACE_OUTER_BOUND('',#704,.T.);
#389=FACE_OUTER_BOUND('',#705,.T.);
#390=FACE_OUTER_BOUND('',#706,.T.);
#391=FACE_OUTER_BOUND('',#707,.T.);
#392=FACE_OUTER_BOUND('',#708,.T.);
#393=FACE_OUTER_BOUND('',#709,.T.);
#394=FACE_OUTER_BOUND('',#711,.T.);
#395=FACE_OUTER_BOUND('',#712,.T.);
#396=FACE_OUTER_BOUND('',#713,.T.);
#397=FACE_OUTER_BOUND('',#714,.T.);
#398=FACE_OUTER_BOUND('',#715,.T.);
#399=FACE_OUTER_BOUND('',#716,.T.);
#400=FACE_OUTER_BOUND('',#717,.T.);
#401=FACE_OUTER_BOUND('',#718,.T.);
#402=FACE_OUTER_BOUND('',#719,.T.);
#403=FACE_OUTER_BOUND('',#720,.T.);
#404=FACE_OUTER_BOUND('',#721,.T.);
#405=FACE_OUTER_BOUND('',#722,.T.);
#406=FACE_OUTER_BOUND('',#723,.T.);
#407=FACE_OUTER_BOUND('',#724,.T.);
#408=FACE_OUTER_BOUND('',#725,.T.);
#409=FACE_OUTER_BOUND('',#726,.T.);
#410=FACE_OUTER_BOUND('',#727,.T.);
#411=FACE_OUTER_BOUND('',#728,.T.);
#412=FACE_OUTER_BOUND('',#729,.T.);
#413=FACE_OUTER_BOUND('',#730,.T.);
#414=FACE_OUTER_BOUND('',#731,.T.);
#415=FACE_OUTER_BOUND('',#732,.T.);
#416=FACE_OUTER_BOUND('',#733,.T.);
#417=FACE_OUTER_BOUND('',#734,.T.);
#418=FACE_OUTER_BOUND('',#735,.T.);
#419=FACE_OUTER_BOUND('',#736,.T.);
#420=FACE_OUTER_BOUND('',#737,.T.);
#421=FACE_OUTER_BOUND('',#738,.T.);
#422=FACE_OUTER_BOUND('',#739,.T.);
#423=FACE_OUTER_BOUND('',#740,.T.);
#424=FACE_OUTER_BOUND('',#741,.T.);
#425=FACE_OUTER_BOUND('',#742,.T.);
#426=FACE_OUTER_BOUND('',#743,.T.);
#427=FACE_OUTER_BOUND('',#744,.T.);
#428=FACE_OUTER_BOUND('',#745,.T.);
#429=FACE_OUTER_BOUND('',#746,.T.);
#430=FACE_OUTER_BOUND('',#747,.T.);
#431=FACE_OUTER_BOUND('',#748,.T.);
#432=FACE_OUTER_BOUND('',#749,.T.);
#433=FACE_OUTER_BOUND('',#750,.T.);
#434=FACE_OUTER_BOUND('',#751,.T.);
#435=FACE_OUTER_BOUND('',#752,.T.);
#436=FACE_OUTER_BOUND('',#753,.T.);
#437=FACE_OUTER_BOUND('',#754,.T.);
#438=FACE_OUTER_BOUND('',#755,.T.);
#439=FACE_OUTER_BOUND('',#756,.T.);
#440=FACE_OUTER_BOUND('',#757,.T.);
#441=FACE_OUTER_BOUND('',#758,.T.);
#442=FACE_OUTER_BOUND('',#759,.T.);
#443=FACE_OUTER_BOUND('',#760,.T.);
#444=FACE_OUTER_BOUND('',#761,.T.);
#445=FACE_OUTER_BOUND('',#762,.T.);
#446=FACE_OUTER_BOUND('',#763,.T.);
#447=FACE_OUTER_BOUND('',#764,.T.);
#448=FACE_OUTER_BOUND('',#765,.T.);
#449=FACE_OUTER_BOUND('',#766,.T.);
#450=FACE_OUTER_BOUND('',#767,.T.);
#451=FACE_OUTER_BOUND('',#768,.T.);
#452=FACE_OUTER_BOUND('',#769,.T.);
#453=FACE_OUTER_BOUND('',#770,.T.);
#454=FACE_OUTER_BOUND('',#771,.T.);
#455=FACE_OUTER_BOUND('',#772,.T.);
#456=FACE_OUTER_BOUND('',#773,.T.);
#457=FACE_OUTER_BOUND('',#774,.T.);
#458=FACE_OUTER_BOUND('',#775,.T.);
#459=FACE_OUTER_BOUND('',#776,.T.);
#460=FACE_OUTER_BOUND('',#777,.T.);
#461=FACE_OUTER_BOUND('',#778,.T.);
#462=FACE_OUTER_BOUND('',#779,.T.);
#463=FACE_OUTER_BOUND('',#780,.T.);
#464=FACE_OUTER_BOUND('',#781,.T.);
#465=FACE_OUTER_BOUND('',#782,.T.);
#466=FACE_OUTER_BOUND('',#783,.T.);
#467=FACE_OUTER_BOUND('',#784,.T.);
#468=FACE_OUTER_BOUND('',#785,.T.);
#469=FACE_OUTER_BOUND('',#786,.T.);
#470=FACE_OUTER_BOUND('',#787,.T.);
#471=FACE_OUTER_BOUND('',#788,.T.);
#472=FACE_OUTER_BOUND('',#789,.T.);
#473=FACE_OUTER_BOUND('',#790,.T.);
#474=FACE_OUTER_BOUND('',#791,.T.);
#475=FACE_OUTER_BOUND('',#792,.T.);
#476=FACE_OUTER_BOUND('',#793,.T.);
#477=FACE_OUTER_BOUND('',#794,.T.);
#478=FACE_OUTER_BOUND('',#795,.T.);
#479=FACE_OUTER_BOUND('',#796,.T.);
#480=FACE_OUTER_BOUND('',#797,.T.);
#481=FACE_OUTER_BOUND('',#798,.T.);
#482=FACE_OUTER_BOUND('',#799,.T.);
#483=FACE_OUTER_BOUND('',#800,.T.);
#484=FACE_OUTER_BOUND('',#801,.T.);
#485=FACE_OUTER_BOUND('',#802,.T.);
#486=FACE_OUTER_BOUND('',#803,.T.);
#487=FACE_OUTER_BOUND('',#804,.T.);
#488=FACE_OUTER_BOUND('',#805,.T.);
#489=FACE_OUTER_BOUND('',#806,.T.);
#490=FACE_OUTER_BOUND('',#807,.T.);
#491=FACE_OUTER_BOUND('',#808,.T.);
#492=FACE_OUTER_BOUND('',#809,.T.);
#493=FACE_OUTER_BOUND('',#810,.T.);
#494=FACE_OUTER_BOUND('',#811,.T.);
#495=FACE_OUTER_BOUND('',#812,.T.);
#496=FACE_OUTER_BOUND('',#813,.T.);
#497=FACE_OUTER_BOUND('',#814,.T.);
#498=FACE_OUTER_BOUND('',#815,.T.);
#499=FACE_OUTER_BOUND('',#816,.T.);
#500=FACE_OUTER_BOUND('',#817,.T.);
#501=FACE_OUTER_BOUND('',#818,.T.);
#502=FACE_OUTER_BOUND('',#819,.T.);
#503=FACE_OUTER_BOUND('',#820,.T.);
#504=FACE_OUTER_BOUND('',#821,.T.);
#505=FACE_OUTER_BOUND('',#822,.T.);
#506=FACE_OUTER_BOUND('',#823,.T.);
#507=FACE_OUTER_BOUND('',#824,.T.);
#508=FACE_OUTER_BOUND('',#825,.T.);
#509=FACE_OUTER_BOUND('',#826,.T.);
#510=FACE_OUTER_BOUND('',#827,.T.);
#511=FACE_OUTER_BOUND('',#828,.T.);
#512=FACE_OUTER_BOUND('',#829,.T.);
#513=FACE_OUTER_BOUND('',#830,.T.);
#514=FACE_OUTER_BOUND('',#831,.T.);
#515=FACE_OUTER_BOUND('',#832,.T.);
#516=FACE_OUTER_BOUND('',#833,.T.);
#517=FACE_OUTER_BOUND('',#834,.T.);
#518=FACE_OUTER_BOUND('',#835,.T.);
#519=FACE_OUTER_BOUND('',#836,.T.);
#520=FACE_OUTER_BOUND('',#837,.T.);
#521=FACE_OUTER_BOUND('',#838,.T.);
#522=FACE_OUTER_BOUND('',#839,.T.);
#523=FACE_OUTER_BOUND('',#840,.T.);
#524=FACE_OUTER_BOUND('',#841,.T.);
#525=FACE_OUTER_BOUND('',#842,.T.);
#526=FACE_OUTER_BOUND('',#843,.T.);
#527=FACE_OUTER_BOUND('',#844,.T.);
#528=FACE_OUTER_BOUND('',#845,.T.);
#529=FACE_OUTER_BOUND('',#846,.T.);
#530=FACE_OUTER_BOUND('',#847,.T.);
#531=FACE_OUTER_BOUND('',#848,.T.);
#532=FACE_OUTER_BOUND('',#849,.T.);
#533=FACE_OUTER_BOUND('',#850,.T.);
#534=FACE_OUTER_BOUND('',#851,.T.);
#535=FACE_OUTER_BOUND('',#852,.T.);
#536=FACE_OUTER_BOUND('',#853,.T.);
#537=FACE_OUTER_BOUND('',#854,.T.);
#538=FACE_OUTER_BOUND('',#855,.T.);
#539=FACE_OUTER_BOUND('',#856,.T.);
#540=FACE_OUTER_BOUND('',#857,.T.);
#541=FACE_OUTER_BOUND('',#858,.T.);
#542=FACE_OUTER_BOUND('',#859,.T.);
#543=FACE_OUTER_BOUND('',#860,.T.);
#544=FACE_OUTER_BOUND('',#861,.T.);
#545=FACE_OUTER_BOUND('',#862,.T.);
#546=FACE_OUTER_BOUND('',#863,.T.);
#547=FACE_OUTER_BOUND('',#864,.T.);
#548=FACE_OUTER_BOUND('',#865,.T.);
#549=FACE_OUTER_BOUND('',#866,.T.);
#550=FACE_OUTER_BOUND('',#867,.T.);
#551=FACE_OUTER_BOUND('',#868,.T.);
#552=FACE_OUTER_BOUND('',#869,.T.);
#553=FACE_OUTER_BOUND('',#870,.T.);
#554=FACE_OUTER_BOUND('',#871,.T.);
#555=FACE_OUTER_BOUND('',#872,.T.);
#556=FACE_OUTER_BOUND('',#873,.T.);
#557=FACE_OUTER_BOUND('',#874,.T.);
#558=FACE_OUTER_BOUND('',#875,.T.);
#559=FACE_OUTER_BOUND('',#876,.T.);
#560=FACE_OUTER_BOUND('',#877,.T.);
#561=FACE_OUTER_BOUND('',#878,.T.);
#562=FACE_OUTER_BOUND('',#883,.T.);
#563=FACE_OUTER_BOUND('',#884,.T.);
#564=FACE_OUTER_BOUND('',#885,.T.);
#565=FACE_OUTER_BOUND('',#886,.T.);
#566=FACE_OUTER_BOUND('',#887,.T.);
#567=FACE_OUTER_BOUND('',#888,.T.);
#568=FACE_OUTER_BOUND('',#889,.T.);
#569=FACE_OUTER_BOUND('',#890,.T.);
#570=FACE_OUTER_BOUND('',#891,.T.);
#571=FACE_OUTER_BOUND('',#892,.T.);
#572=FACE_OUTER_BOUND('',#893,.T.);
#573=FACE_OUTER_BOUND('',#894,.T.);
#574=FACE_OUTER_BOUND('',#895,.T.);
#575=FACE_OUTER_BOUND('',#896,.T.);
#576=FACE_OUTER_BOUND('',#897,.T.);
#577=FACE_OUTER_BOUND('',#898,.T.);
#578=FACE_OUTER_BOUND('',#899,.T.);
#579=FACE_OUTER_BOUND('',#900,.T.);
#580=FACE_OUTER_BOUND('',#901,.T.);
#581=FACE_OUTER_BOUND('',#902,.T.);
#582=FACE_OUTER_BOUND('',#903,.T.);
#583=FACE_OUTER_BOUND('',#904,.T.);
#584=FACE_OUTER_BOUND('',#905,.T.);
#585=FACE_OUTER_BOUND('',#929,.T.);
#586=FACE_OUTER_BOUND('',#930,.T.);
#587=FACE_OUTER_BOUND('',#931,.T.);
#588=FACE_OUTER_BOUND('',#932,.T.);
#589=FACE_OUTER_BOUND('',#933,.T.);
#590=FACE_OUTER_BOUND('',#934,.T.);
#591=FACE_OUTER_BOUND('',#935,.T.);
#592=FACE_OUTER_BOUND('',#936,.T.);
#593=FACE_OUTER_BOUND('',#937,.T.);
#594=FACE_OUTER_BOUND('',#938,.T.);
#595=FACE_OUTER_BOUND('',#939,.T.);
#596=FACE_OUTER_BOUND('',#940,.T.);
#597=FACE_OUTER_BOUND('',#941,.T.);
#598=FACE_OUTER_BOUND('',#942,.T.);
#599=FACE_OUTER_BOUND('',#943,.T.);
#600=FACE_OUTER_BOUND('',#944,.T.);
#601=FACE_OUTER_BOUND('',#945,.T.);
#602=FACE_OUTER_BOUND('',#946,.T.);
#603=FACE_OUTER_BOUND('',#947,.T.);
#604=FACE_OUTER_BOUND('',#948,.T.);
#605=FACE_OUTER_BOUND('',#949,.T.);
#606=FACE_OUTER_BOUND('',#950,.T.);
#607=FACE_OUTER_BOUND('',#951,.T.);
#608=FACE_OUTER_BOUND('',#952,.T.);
#609=FACE_OUTER_BOUND('',#953,.T.);
#610=FACE_OUTER_BOUND('',#954,.T.);
#611=FACE_OUTER_BOUND('',#955,.T.);
#612=FACE_OUTER_BOUND('',#956,.T.);
#613=FACE_OUTER_BOUND('',#957,.T.);
#614=FACE_OUTER_BOUND('',#958,.T.);
#615=FACE_OUTER_BOUND('',#959,.T.);
#616=FACE_OUTER_BOUND('',#960,.T.);
#617=FACE_OUTER_BOUND('',#961,.T.);
#618=FACE_OUTER_BOUND('',#962,.T.);
#619=FACE_OUTER_BOUND('',#963,.T.);
#620=FACE_OUTER_BOUND('',#964,.T.);
#621=FACE_OUTER_BOUND('',#965,.T.);
#622=FACE_OUTER_BOUND('',#966,.T.);
#623=FACE_OUTER_BOUND('',#967,.T.);
#624=FACE_OUTER_BOUND('',#968,.T.);
#625=FACE_OUTER_BOUND('',#969,.T.);
#626=FACE_OUTER_BOUND('',#970,.T.);
#627=FACE_OUTER_BOUND('',#971,.T.);
#628=FACE_OUTER_BOUND('',#972,.T.);
#629=FACE_OUTER_BOUND('',#973,.T.);
#630=FACE_OUTER_BOUND('',#974,.T.);
#631=FACE_OUTER_BOUND('',#975,.T.);
#632=FACE_OUTER_BOUND('',#976,.T.);
#633=FACE_OUTER_BOUND('',#977,.T.);
#634=FACE_OUTER_BOUND('',#978,.T.);
#635=FACE_OUTER_BOUND('',#979,.T.);
#636=FACE_OUTER_BOUND('',#980,.T.);
#637=FACE_OUTER_BOUND('',#981,.T.);
#638=FACE_OUTER_BOUND('',#982,.T.);
#639=FACE_OUTER_BOUND('',#983,.T.);
#640=EDGE_LOOP('',(#3866,#3867,#3868,#3869));
#641=EDGE_LOOP('',(#3870,#3871,#3872,#3873));
#642=EDGE_LOOP('',(#3874,#3875,#3876,#3877));
#643=EDGE_LOOP('',(#3878,#3879,#3880,#3881));
#644=EDGE_LOOP('',(#3882,#3883,#3884,#3885));
#645=EDGE_LOOP('',(#3886,#3887,#3888,#3889));
#646=EDGE_LOOP('',(#3890,#3891,#3892,#3893));
#647=EDGE_LOOP('',(#3894,#3895,#3896,#3897));
#648=EDGE_LOOP('',(#3898,#3899,#3900,#3901));
#649=EDGE_LOOP('',(#3902,#3903,#3904,#3905));
#650=EDGE_LOOP('',(#3906,#3907,#3908,#3909,#3910,#3911,#3912,#3913,#3914,
#3915));
#651=EDGE_LOOP('',(#3916,#3917,#3918,#3919));
#652=EDGE_LOOP('',(#3920,#3921,#3922,#3923));
#653=EDGE_LOOP('',(#3924,#3925,#3926,#3927));
#654=EDGE_LOOP('',(#3928,#3929,#3930,#3931));
#655=EDGE_LOOP('',(#3932,#3933,#3934,#3935));
#656=EDGE_LOOP('',(#3936,#3937,#3938,#3939));
#657=EDGE_LOOP('',(#3940,#3941,#3942,#3943));
#658=EDGE_LOOP('',(#3944,#3945,#3946,#3947));
#659=EDGE_LOOP('',(#3948,#3949,#3950,#3951));
#660=EDGE_LOOP('',(#3952,#3953,#3954,#3955));
#661=EDGE_LOOP('',(#3956,#3957,#3958,#3959));
#662=EDGE_LOOP('',(#3960,#3961,#3962,#3963,#3964,#3965,#3966,#3967,#3968,
#3969,#3970));
#663=EDGE_LOOP('',(#3971,#3972,#3973,#3974));
#664=EDGE_LOOP('',(#3975,#3976,#3977,#3978));
#665=EDGE_LOOP('',(#3979,#3980,#3981,#3982));
#666=EDGE_LOOP('',(#3983,#3984,#3985,#3986));
#667=EDGE_LOOP('',(#3987,#3988,#3989,#3990));
#668=EDGE_LOOP('',(#3991,#3992,#3993,#3994));
#669=EDGE_LOOP('',(#3995,#3996,#3997,#3998));
#670=EDGE_LOOP('',(#3999,#4000,#4001,#4002));
#671=EDGE_LOOP('',(#4003,#4004,#4005,#4006));
#672=EDGE_LOOP('',(#4007,#4008,#4009,#4010));
#673=EDGE_LOOP('',(#4011,#4012,#4013,#4014));
#674=EDGE_LOOP('',(#4015,#4016,#4017,#4018));
#675=EDGE_LOOP('',(#4019,#4020,#4021,#4022,#4023,#4024,#4025,#4026,#4027,
#4028,#4029,#4030));
#676=EDGE_LOOP('',(#4031,#4032,#4033,#4034));
#677=EDGE_LOOP('',(#4035,#4036,#4037,#4038));
#678=EDGE_LOOP('',(#4039,#4040,#4041,#4042));
#679=EDGE_LOOP('',(#4043,#4044,#4045,#4046));
#680=EDGE_LOOP('',(#4047,#4048,#4049,#4050));
#681=EDGE_LOOP('',(#4051,#4052,#4053,#4054));
#682=EDGE_LOOP('',(#4055,#4056,#4057,#4058));
#683=EDGE_LOOP('',(#4059,#4060,#4061,#4062));
#684=EDGE_LOOP('',(#4063,#4064,#4065,#4066));
#685=EDGE_LOOP('',(#4067,#4068,#4069,#4070));
#686=EDGE_LOOP('',(#4071,#4072,#4073,#4074));
#687=EDGE_LOOP('',(#4075,#4076,#4077,#4078,#4079,#4080,#4081,#4082));
#688=EDGE_LOOP('',(#4083,#4084,#4085));
#689=EDGE_LOOP('',(#4086,#4087,#4088,#4089));
#690=EDGE_LOOP('',(#4090,#4091,#4092,#4093));
#691=EDGE_LOOP('',(#4094,#4095,#4096,#4097));
#692=EDGE_LOOP('',(#4098,#4099,#4100,#4101));
#693=EDGE_LOOP('',(#4102,#4103,#4104,#4105));
#694=EDGE_LOOP('',(#4106,#4107,#4108,#4109));
#695=EDGE_LOOP('',(#4110,#4111,#4112,#4113));
#696=EDGE_LOOP('',(#4114,#4115,#4116,#4117));
#697=EDGE_LOOP('',(#4118,#4119,#4120,#4121));
#698=EDGE_LOOP('',(#4122,#4123,#4124,#4125));
#699=EDGE_LOOP('',(#4126,#4127,#4128,#4129));
#700=EDGE_LOOP('',(#4130,#4131,#4132,#4133));
#701=EDGE_LOOP('',(#4134,#4135,#4136,#4137));
#702=EDGE_LOOP('',(#4138,#4139,#4140,#4141));
#703=EDGE_LOOP('',(#4142,#4143,#4144,#4145));
#704=EDGE_LOOP('',(#4146,#4147,#4148,#4149));
#705=EDGE_LOOP('',(#4150,#4151,#4152,#4153));
#706=EDGE_LOOP('',(#4154,#4155,#4156,#4157));
#707=EDGE_LOOP('',(#4158,#4159,#4160,#4161));
#708=EDGE_LOOP('',(#4162,#4163,#4164,#4165));
#709=EDGE_LOOP('',(#4166,#4167,#4168,#4169,#4170,#4171,#4172,#4173,#4174,
#4175,#4176,#4177,#4178));
#710=EDGE_LOOP('',(#4179,#4180,#4181,#4182,#4183,#4184,#4185));
#711=EDGE_LOOP('',(#4186,#4187,#4188,#4189));
#712=EDGE_LOOP('',(#4190,#4191,#4192,#4193));
#713=EDGE_LOOP('',(#4194,#4195,#4196,#4197));
#714=EDGE_LOOP('',(#4198,#4199,#4200,#4201));
#715=EDGE_LOOP('',(#4202,#4203,#4204,#4205));
#716=EDGE_LOOP('',(#4206,#4207,#4208,#4209));
#717=EDGE_LOOP('',(#4210,#4211,#4212,#4213));
#718=EDGE_LOOP('',(#4214,#4215,#4216,#4217));
#719=EDGE_LOOP('',(#4218,#4219,#4220,#4221));
#720=EDGE_LOOP('',(#4222,#4223,#4224,#4225));
#721=EDGE_LOOP('',(#4226,#4227,#4228,#4229));
#722=EDGE_LOOP('',(#4230,#4231,#4232,#4233));
#723=EDGE_LOOP('',(#4234,#4235,#4236,#4237));
#724=EDGE_LOOP('',(#4238,#4239,#4240,#4241));
#725=EDGE_LOOP('',(#4242,#4243,#4244,#4245));
#726=EDGE_LOOP('',(#4246,#4247,#4248,#4249));
#727=EDGE_LOOP('',(#4250,#4251,#4252,#4253));
#728=EDGE_LOOP('',(#4254,#4255,#4256,#4257));
#729=EDGE_LOOP('',(#4258,#4259,#4260,#4261,#4262,#4263,#4264,#4265,#4266,
#4267,#4268,#4269,#4270,#4271,#4272,#4273,#4274,#4275));
#730=EDGE_LOOP('',(#4276,#4277,#4278,#4279));
#731=EDGE_LOOP('',(#4280,#4281,#4282,#4283));
#732=EDGE_LOOP('',(#4284,#4285,#4286,#4287));
#733=EDGE_LOOP('',(#4288,#4289,#4290,#4291));
#734=EDGE_LOOP('',(#4292,#4293,#4294,#4295));
#735=EDGE_LOOP('',(#4296,#4297,#4298,#4299));
#736=EDGE_LOOP('',(#4300,#4301,#4302,#4303));
#737=EDGE_LOOP('',(#4304,#4305,#4306,#4307));
#738=EDGE_LOOP('',(#4308,#4309,#4310,#4311));
#739=EDGE_LOOP('',(#4312,#4313,#4314,#4315));
#740=EDGE_LOOP('',(#4316,#4317,#4318,#4319));
#741=EDGE_LOOP('',(#4320,#4321,#4322,#4323));
#742=EDGE_LOOP('',(#4324,#4325,#4326,#4327));
#743=EDGE_LOOP('',(#4328,#4329,#4330,#4331));
#744=EDGE_LOOP('',(#4332,#4333,#4334,#4335,#4336,#4337,#4338,#4339,#4340,
#4341,#4342,#4343,#4344,#4345));
#745=EDGE_LOOP('',(#4346,#4347,#4348,#4349));
#746=EDGE_LOOP('',(#4350,#4351,#4352,#4353));
#747=EDGE_LOOP('',(#4354,#4355,#4356,#4357));
#748=EDGE_LOOP('',(#4358,#4359,#4360,#4361));
#749=EDGE_LOOP('',(#4362,#4363,#4364,#4365));
#750=EDGE_LOOP('',(#4366,#4367,#4368,#4369));
#751=EDGE_LOOP('',(#4370,#4371,#4372,#4373,#4374,#4375));
#752=EDGE_LOOP('',(#4376,#4377,#4378,#4379));
#753=EDGE_LOOP('',(#4380,#4381,#4382,#4383));
#754=EDGE_LOOP('',(#4384,#4385,#4386,#4387));
#755=EDGE_LOOP('',(#4388,#4389,#4390,#4391));
#756=EDGE_LOOP('',(#4392,#4393,#4394,#4395));
#757=EDGE_LOOP('',(#4396,#4397,#4398,#4399));
#758=EDGE_LOOP('',(#4400,#4401,#4402,#4403));
#759=EDGE_LOOP('',(#4404,#4405,#4406,#4407));
#760=EDGE_LOOP('',(#4408,#4409,#4410,#4411));
#761=EDGE_LOOP('',(#4412,#4413,#4414,#4415));
#762=EDGE_LOOP('',(#4416,#4417,#4418,#4419));
#763=EDGE_LOOP('',(#4420,#4421,#4422,#4423,#4424,#4425,#4426,#4427,#4428,
#4429,#4430));
#764=EDGE_LOOP('',(#4431,#4432,#4433,#4434));
#765=EDGE_LOOP('',(#4435,#4436,#4437,#4438));
#766=EDGE_LOOP('',(#4439,#4440,#4441,#4442));
#767=EDGE_LOOP('',(#4443,#4444,#4445,#4446));
#768=EDGE_LOOP('',(#4447,#4448,#4449,#4450));
#769=EDGE_LOOP('',(#4451,#4452,#4453,#4454));
#770=EDGE_LOOP('',(#4455,#4456,#4457,#4458));
#771=EDGE_LOOP('',(#4459,#4460,#4461,#4462));
#772=EDGE_LOOP('',(#4463,#4464,#4465,#4466));
#773=EDGE_LOOP('',(#4467,#4468,#4469,#4470));
#774=EDGE_LOOP('',(#4471,#4472,#4473,#4474,#4475,#4476,#4477,#4478,#4479,
#4480));
#775=EDGE_LOOP('',(#4481,#4482,#4483,#4484));
#776=EDGE_LOOP('',(#4485,#4486,#4487,#4488));
#777=EDGE_LOOP('',(#4489,#4490,#4491,#4492));
#778=EDGE_LOOP('',(#4493,#4494,#4495,#4496));
#779=EDGE_LOOP('',(#4497,#4498,#4499,#4500));
#780=EDGE_LOOP('',(#4501,#4502,#4503,#4504));
#781=EDGE_LOOP('',(#4505,#4506,#4507,#4508));
#782=EDGE_LOOP('',(#4509,#4510,#4511,#4512));
#783=EDGE_LOOP('',(#4513,#4514,#4515,#4516));
#784=EDGE_LOOP('',(#4517,#4518,#4519,#4520));
#785=EDGE_LOOP('',(#4521,#4522,#4523,#4524));
#786=EDGE_LOOP('',(#4525,#4526,#4527,#4528));
#787=EDGE_LOOP('',(#4529,#4530,#4531,#4532));
#788=EDGE_LOOP('',(#4533,#4534,#4535,#4536));
#789=EDGE_LOOP('',(#4537,#4538,#4539,#4540));
#790=EDGE_LOOP('',(#4541,#4542,#4543,#4544));
#791=EDGE_LOOP('',(#4545,#4546,#4547,#4548));
#792=EDGE_LOOP('',(#4549,#4550,#4551,#4552));
#793=EDGE_LOOP('',(#4553,#4554,#4555,#4556));
#794=EDGE_LOOP('',(#4557,#4558,#4559,#4560));
#795=EDGE_LOOP('',(#4561,#4562,#4563,#4564));
#796=EDGE_LOOP('',(#4565,#4566,#4567,#4568));
#797=EDGE_LOOP('',(#4569,#4570,#4571,#4572));
#798=EDGE_LOOP('',(#4573,#4574,#4575,#4576));
#799=EDGE_LOOP('',(#4577,#4578,#4579,#4580));
#800=EDGE_LOOP('',(#4581,#4582,#4583,#4584));
#801=EDGE_LOOP('',(#4585,#4586,#4587,#4588));
#802=EDGE_LOOP('',(#4589,#4590,#4591,#4592));
#803=EDGE_LOOP('',(#4593,#4594,#4595,#4596));
#804=EDGE_LOOP('',(#4597,#4598,#4599,#4600));
#805=EDGE_LOOP('',(#4601,#4602,#4603,#4604));
#806=EDGE_LOOP('',(#4605,#4606,#4607,#4608));
#807=EDGE_LOOP('',(#4609,#4610,#4611,#4612));
#808=EDGE_LOOP('',(#4613,#4614,#4615,#4616));
#809=EDGE_LOOP('',(#4617,#4618,#4619,#4620));
#810=EDGE_LOOP('',(#4621,#4622,#4623,#4624,#4625,#4626,#4627,#4628,#4629,
#4630,#4631,#4632,#4633,#4634,#4635,#4636,#4637,#4638,#4639,#4640,#4641,
#4642,#4643,#4644,#4645,#4646,#4647,#4648,#4649,#4650,#4651,#4652,#4653,
#4654,#4655));
#811=EDGE_LOOP('',(#4656,#4657,#4658,#4659));
#812=EDGE_LOOP('',(#4660,#4661,#4662,#4663));
#813=EDGE_LOOP('',(#4664,#4665,#4666,#4667));
#814=EDGE_LOOP('',(#4668,#4669,#4670,#4671));
#815=EDGE_LOOP('',(#4672,#4673,#4674,#4675));
#816=EDGE_LOOP('',(#4676,#4677,#4678,#4679));
#817=EDGE_LOOP('',(#4680,#4681,#4682,#4683));
#818=EDGE_LOOP('',(#4684,#4685,#4686,#4687));
#819=EDGE_LOOP('',(#4688,#4689,#4690,#4691));
#820=EDGE_LOOP('',(#4692,#4693,#4694,#4695));
#821=EDGE_LOOP('',(#4696,#4697,#4698,#4699));
#822=EDGE_LOOP('',(#4700,#4701,#4702,#4703));
#823=EDGE_LOOP('',(#4704,#4705,#4706,#4707));
#824=EDGE_LOOP('',(#4708,#4709,#4710,#4711));
#825=EDGE_LOOP('',(#4712,#4713,#4714,#4715));
#826=EDGE_LOOP('',(#4716,#4717,#4718,#4719));
#827=EDGE_LOOP('',(#4720,#4721,#4722,#4723));
#828=EDGE_LOOP('',(#4724,#4725,#4726,#4727));
#829=EDGE_LOOP('',(#4728,#4729,#4730,#4731));
#830=EDGE_LOOP('',(#4732,#4733,#4734,#4735));
#831=EDGE_LOOP('',(#4736,#4737,#4738,#4739));
#832=EDGE_LOOP('',(#4740,#4741,#4742,#4743));
#833=EDGE_LOOP('',(#4744,#4745,#4746,#4747));
#834=EDGE_LOOP('',(#4748,#4749,#4750,#4751));
#835=EDGE_LOOP('',(#4752,#4753,#4754,#4755));
#836=EDGE_LOOP('',(#4756,#4757,#4758,#4759));
#837=EDGE_LOOP('',(#4760,#4761,#4762,#4763));
#838=EDGE_LOOP('',(#4764,#4765,#4766,#4767));
#839=EDGE_LOOP('',(#4768,#4769,#4770,#4771));
#840=EDGE_LOOP('',(#4772,#4773,#4774,#4775,#4776,#4777,#4778,#4779,#4780,
#4781,#4782,#4783,#4784,#4785,#4786,#4787,#4788,#4789,#4790,#4791,#4792,
#4793,#4794,#4795,#4796,#4797,#4798,#4799,#4800));
#841=EDGE_LOOP('',(#4801,#4802,#4803,#4804));
#842=EDGE_LOOP('',(#4805,#4806,#4807,#4808));
#843=EDGE_LOOP('',(#4809,#4810,#4811,#4812));
#844=EDGE_LOOP('',(#4813,#4814,#4815,#4816));
#845=EDGE_LOOP('',(#4817,#4818,#4819,#4820));
#846=EDGE_LOOP('',(#4821,#4822,#4823,#4824));
#847=EDGE_LOOP('',(#4825,#4826,#4827,#4828));
#848=EDGE_LOOP('',(#4829,#4830,#4831,#4832));
#849=EDGE_LOOP('',(#4833,#4834,#4835,#4836));
#850=EDGE_LOOP('',(#4837,#4838,#4839,#4840,#4841,#4842,#4843,#4844,#4845));
#851=EDGE_LOOP('',(#4846,#4847,#4848,#4849));
#852=EDGE_LOOP('',(#4850,#4851,#4852,#4853));
#853=EDGE_LOOP('',(#4854,#4855,#4856,#4857));
#854=EDGE_LOOP('',(#4858,#4859,#4860,#4861));
#855=EDGE_LOOP('',(#4862,#4863,#4864,#4865));
#856=EDGE_LOOP('',(#4866,#4867,#4868,#4869));
#857=EDGE_LOOP('',(#4870,#4871,#4872,#4873));
#858=EDGE_LOOP('',(#4874,#4875,#4876,#4877));
#859=EDGE_LOOP('',(#4878,#4879,#4880,#4881));
#860=EDGE_LOOP('',(#4882,#4883,#4884,#4885));
#861=EDGE_LOOP('',(#4886,#4887,#4888,#4889));
#862=EDGE_LOOP('',(#4890,#4891,#4892,#4893));
#863=EDGE_LOOP('',(#4894,#4895,#4896,#4897));
#864=EDGE_LOOP('',(#4898,#4899,#4900,#4901));
#865=EDGE_LOOP('',(#4902,#4903,#4904,#4905));
#866=EDGE_LOOP('',(#4906,#4907,#4908,#4909));
#867=EDGE_LOOP('',(#4910,#4911,#4912,#4913));
#868=EDGE_LOOP('',(#4914,#4915,#4916,#4917));
#869=EDGE_LOOP('',(#4918,#4919,#4920,#4921));
#870=EDGE_LOOP('',(#4922,#4923,#4924,#4925));
#871=EDGE_LOOP('',(#4926,#4927,#4928,#4929,#4930,#4931,#4932,#4933,#4934,
#4935,#4936,#4937,#4938,#4939,#4940));
#872=EDGE_LOOP('',(#4941,#4942,#4943,#4944,#4945,#4946,#4947));
#873=EDGE_LOOP('',(#4948,#4949,#4950));
#874=EDGE_LOOP('',(#4951,#4952,#4953,#4954));
#875=EDGE_LOOP('',(#4955,#4956,#4957,#4958));
#876=EDGE_LOOP('',(#4959,#4960,#4961,#4962));
#877=EDGE_LOOP('',(#4963,#4964,#4965,#4966));
#878=EDGE_LOOP('',(#4967,#4968,#4969,#4970));
#879=EDGE_LOOP('',(#4971,#4972,#4973,#4974));
#880=EDGE_LOOP('',(#4975,#4976,#4977,#4978));
#881=EDGE_LOOP('',(#4979,#4980,#4981,#4982));
#882=EDGE_LOOP('',(#4983,#4984,#4985,#4986));
#883=EDGE_LOOP('',(#4987,#4988,#4989,#4990));
#884=EDGE_LOOP('',(#4991,#4992,#4993,#4994));
#885=EDGE_LOOP('',(#4995,#4996,#4997,#4998));
#886=EDGE_LOOP('',(#4999,#5000,#5001,#5002));
#887=EDGE_LOOP('',(#5003,#5004,#5005,#5006));
#888=EDGE_LOOP('',(#5007,#5008,#5009,#5010));
#889=EDGE_LOOP('',(#5011,#5012,#5013,#5014));
#890=EDGE_LOOP('',(#5015,#5016,#5017,#5018));
#891=EDGE_LOOP('',(#5019,#5020,#5021,#5022));
#892=EDGE_LOOP('',(#5023,#5024,#5025,#5026));
#893=EDGE_LOOP('',(#5027,#5028,#5029,#5030));
#894=EDGE_LOOP('',(#5031,#5032,#5033,#5034));
#895=EDGE_LOOP('',(#5035,#5036,#5037,#5038));
#896=EDGE_LOOP('',(#5039,#5040,#5041,#5042));
#897=EDGE_LOOP('',(#5043,#5044,#5045,#5046));
#898=EDGE_LOOP('',(#5047,#5048,#5049,#5050));
#899=EDGE_LOOP('',(#5051,#5052,#5053,#5054));
#900=EDGE_LOOP('',(#5055,#5056,#5057,#5058));
#901=EDGE_LOOP('',(#5059,#5060,#5061,#5062));
#902=EDGE_LOOP('',(#5063,#5064,#5065,#5066));
#903=EDGE_LOOP('',(#5067,#5068,#5069,#5070));
#904=EDGE_LOOP('',(#5071,#5072,#5073,#5074));
#905=EDGE_LOOP('',(#5075,#5076,#5077,#5078,#5079,#5080,#5081,#5082,#5083,
#5084,#5085,#5086,#5087,#5088,#5089,#5090));
#906=EDGE_LOOP('',(#5091,#5092,#5093,#5094));
#907=EDGE_LOOP('',(#5095,#5096,#5097,#5098));
#908=EDGE_LOOP('',(#5099,#5100,#5101,#5102));
#909=EDGE_LOOP('',(#5103,#5104,#5105,#5106));
#910=EDGE_LOOP('',(#5107));
#911=EDGE_LOOP('',(#5108));
#912=EDGE_LOOP('',(#5109));
#913=EDGE_LOOP('',(#5110));
#914=EDGE_LOOP('',(#5111,#5112,#5113,#5114,#5115,#5116,#5117,#5118,#5119,
#5120,#5121,#5122,#5123,#5124,#5125));
#915=EDGE_LOOP('',(#5126,#5127,#5128,#5129));
#916=EDGE_LOOP('',(#5130,#5131,#5132,#5133,#5134,#5135,#5136,#5137,#5138));
#917=EDGE_LOOP('',(#5139,#5140,#5141,#5142,#5143,#5144,#5145,#5146,#5147,
#5148,#5149,#5150,#5151,#5152,#5153,#5154,#5155,#5156,#5157,#5158,#5159,
#5160,#5161,#5162,#5163,#5164,#5165,#5166,#5167));
#918=EDGE_LOOP('',(#5168,#5169,#5170,#5171,#5172,#5173,#5174,#5175,#5176,
#5177,#5178,#5179,#5180,#5181,#5182,#5183,#5184,#5185,#5186,#5187,#5188,
#5189,#5190,#5191,#5192,#5193,#5194,#5195,#5196,#5197,#5198,#5199,#5200,
#5201,#5202));
#919=EDGE_LOOP('',(#5203,#5204,#5205,#5206,#5207,#5208,#5209,#5210,#5211,
#5212));
#920=EDGE_LOOP('',(#5213,#5214,#5215,#5216,#5217,#5218,#5219,#5220,#5221,
#5222,#5223));
#921=EDGE_LOOP('',(#5224,#5225,#5226,#5227,#5228,#5229));
#922=EDGE_LOOP('',(#5230,#5231,#5232,#5233,#5234,#5235,#5236,#5237,#5238,
#5239,#5240,#5241,#5242,#5243));
#923=EDGE_LOOP('',(#5244,#5245,#5246,#5247,#5248,#5249,#5250,#5251,#5252,
#5253,#5254,#5255,#5256,#5257,#5258,#5259,#5260,#5261));
#924=EDGE_LOOP('',(#5262,#5263,#5264,#5265,#5266,#5267,#5268,#5269,#5270,
#5271,#5272,#5273,#5274));
#925=EDGE_LOOP('',(#5275,#5276,#5277,#5278,#5279,#5280,#5281,#5282));
#926=EDGE_LOOP('',(#5283,#5284,#5285,#5286,#5287,#5288,#5289,#5290,#5291,
#5292,#5293,#5294));
#927=EDGE_LOOP('',(#5295,#5296,#5297,#5298,#5299,#5300,#5301,#5302,#5303,
#5304,#5305));
#928=EDGE_LOOP('',(#5306,#5307,#5308,#5309,#5310,#5311,#5312,#5313,#5314,
#5315));
#929=EDGE_LOOP('',(#5316,#5317,#5318,#5319));
#930=EDGE_LOOP('',(#5320,#5321,#5322,#5323));
#931=EDGE_LOOP('',(#5324,#5325,#5326,#5327));
#932=EDGE_LOOP('',(#5328,#5329,#5330,#5331));
#933=EDGE_LOOP('',(#5332,#5333,#5334,#5335));
#934=EDGE_LOOP('',(#5336,#5337,#5338,#5339));
#935=EDGE_LOOP('',(#5340,#5341,#5342,#5343));
#936=EDGE_LOOP('',(#5344,#5345,#5346,#5347));
#937=EDGE_LOOP('',(#5348,#5349,#5350,#5351));
#938=EDGE_LOOP('',(#5352,#5353,#5354,#5355));
#939=EDGE_LOOP('',(#5356,#5357,#5358,#5359));
#940=EDGE_LOOP('',(#5360,#5361,#5362,#5363));
#941=EDGE_LOOP('',(#5364,#5365,#5366,#5367));
#942=EDGE_LOOP('',(#5368,#5369,#5370,#5371));
#943=EDGE_LOOP('',(#5372,#5373,#5374,#5375,#5376,#5377,#5378,#5379));
#944=EDGE_LOOP('',(#5380,#5381,#5382,#5383));
#945=EDGE_LOOP('',(#5384,#5385,#5386,#5387));
#946=EDGE_LOOP('',(#5388,#5389,#5390,#5391));
#947=EDGE_LOOP('',(#5392,#5393,#5394,#5395));
#948=EDGE_LOOP('',(#5396,#5397,#5398,#5399));
#949=EDGE_LOOP('',(#5400,#5401,#5402,#5403));
#950=EDGE_LOOP('',(#5404,#5405,#5406,#5407));
#951=EDGE_LOOP('',(#5408,#5409,#5410,#5411,#5412,#5413,#5414,#5415));
#952=EDGE_LOOP('',(#5416,#5417,#5418,#5419));
#953=EDGE_LOOP('',(#5420,#5421,#5422,#5423));
#954=EDGE_LOOP('',(#5424,#5425,#5426,#5427));
#955=EDGE_LOOP('',(#5428,#5429,#5430,#5431));
#956=EDGE_LOOP('',(#5432,#5433,#5434,#5435));
#957=EDGE_LOOP('',(#5436,#5437,#5438,#5439));
#958=EDGE_LOOP('',(#5440,#5441,#5442,#5443));
#959=EDGE_LOOP('',(#5444,#5445,#5446,#5447,#5448,#5449,#5450,#5451));
#960=EDGE_LOOP('',(#5452,#5453,#5454,#5455));
#961=EDGE_LOOP('',(#5456,#5457,#5458,#5459));
#962=EDGE_LOOP('',(#5460,#5461,#5462,#5463));
#963=EDGE_LOOP('',(#5464,#5465,#5466,#5467));
#964=EDGE_LOOP('',(#5468,#5469,#5470,#5471));
#965=EDGE_LOOP('',(#5472,#5473,#5474,#5475));
#966=EDGE_LOOP('',(#5476,#5477,#5478,#5479));
#967=EDGE_LOOP('',(#5480,#5481,#5482,#5483,#5484,#5485,#5486,#5487));
#968=EDGE_LOOP('',(#5488,#5489,#5490,#5491,#5492,#5493,#5494,#5495,#5496,
#5497,#5498,#5499));
#969=EDGE_LOOP('',(#5500,#5501,#5502,#5503,#5504,#5505,#5506,#5507));
#970=EDGE_LOOP('',(#5508,#5509,#5510,#5511));
#971=EDGE_LOOP('',(#5512,#5513,#5514,#5515));
#972=EDGE_LOOP('',(#5516,#5517,#5518,#5519));
#973=EDGE_LOOP('',(#5520,#5521,#5522,#5523));
#974=EDGE_LOOP('',(#5524,#5525,#5526,#5527));
#975=EDGE_LOOP('',(#5528,#5529,#5530,#5531));
#976=EDGE_LOOP('',(#5532,#5533,#5534,#5535));
#977=EDGE_LOOP('',(#5536,#5537,#5538,#5539));
#978=EDGE_LOOP('',(#5540,#5541,#5542,#5543));
#979=EDGE_LOOP('',(#5544,#5545,#5546,#5547,#5548,#5549,#5550,#5551));
#980=EDGE_LOOP('',(#5552,#5553,#5554,#5555));
#981=EDGE_LOOP('',(#5556,#5557,#5558,#5559,#5560,#5561,#5562,#5563,#5564,
#5565,#5566,#5567));
#982=EDGE_LOOP('',(#5568,#5569,#5570,#5571));
#983=EDGE_LOOP('',(#5572,#5573,#5574,#5575,#5576,#5577,#5578,#5579,#5580,
#5581,#5582,#5583,#5584,#5585,#5586,#5587,#5588,#5589,#5590,#5591,#5592,
#5593,#5594,#5595,#5596,#5597,#5598,#5599,#5600,#5601,#5602,#5603,#5604,
#5605,#5606,#5607,#5608,#5609,#5610,#5611,#5612,#5613,#5614,#5615,#5616,
#5617,#5618,#5619,#5620,#5621,#5622,#5623,#5624,#5625,#5626,#5627));
#984=EDGE_LOOP('',(#5628));
#985=EDGE_LOOP('',(#5629));
#986=EDGE_LOOP('',(#5630));
#987=EDGE_LOOP('',(#5631));
#988=EDGE_LOOP('',(#5632,#5633,#5634,#5635));
#989=LINE('',#7636,#1690);
#990=LINE('',#7638,#1691);
#991=LINE('',#7640,#1692);
#992=LINE('',#7641,#1693);
#993=LINE('',#7644,#1694);
#994=LINE('',#7646,#1695);
#995=LINE('',#7647,#1696);
#996=LINE('',#7650,#1697);
#997=LINE('',#7652,#1698);
#998=LINE('',#7653,#1699);
#999=LINE('',#7656,#1700);
#1000=LINE('',#7658,#1701);
#1001=LINE('',#7659,#1702);
#1002=LINE('',#7662,#1703);
#1003=LINE('',#7664,#1704);
#1004=LINE('',#7665,#1705);
#1005=LINE('',#7668,#1706);
#1006=LINE('',#7670,#1707);
#1007=LINE('',#7671,#1708);
#1008=LINE('',#7674,#1709);
#1009=LINE('',#7676,#1710);
#1010=LINE('',#7677,#1711);
#1011=LINE('',#7680,#1712);
#1012=LINE('',#7682,#1713);
#1013=LINE('',#7683,#1714);
#1014=LINE('',#7686,#1715);
#1015=LINE('',#7688,#1716);
#1016=LINE('',#7689,#1717);
#1017=LINE('',#7691,#1718);
#1018=LINE('',#7692,#1719);
#1019=LINE('',#7697,#1720);
#1020=LINE('',#7699,#1721);
#1021=LINE('',#7701,#1722);
#1022=LINE('',#7702,#1723);
#1023=LINE('',#7705,#1724);
#1024=LINE('',#7707,#1725);
#1025=LINE('',#7708,#1726);
#1026=LINE('',#7711,#1727);
#1027=LINE('',#7713,#1728);
#1028=LINE('',#7714,#1729);
#1029=LINE('',#7717,#1730);
#1030=LINE('',#7719,#1731);
#1031=LINE('',#7720,#1732);
#1032=LINE('',#7723,#1733);
#1033=LINE('',#7725,#1734);
#1034=LINE('',#7726,#1735);
#1035=LINE('',#7729,#1736);
#1036=LINE('',#7731,#1737);
#1037=LINE('',#7732,#1738);
#1038=LINE('',#7735,#1739);
#1039=LINE('',#7737,#1740);
#1040=LINE('',#7738,#1741);
#1041=LINE('',#7741,#1742);
#1042=LINE('',#7743,#1743);
#1043=LINE('',#7744,#1744);
#1044=LINE('',#7747,#1745);
#1045=LINE('',#7749,#1746);
#1046=LINE('',#7750,#1747);
#1047=LINE('',#7753,#1748);
#1048=LINE('',#7755,#1749);
#1049=LINE('',#7756,#1750);
#1050=LINE('',#7758,#1751);
#1051=LINE('',#7759,#1752);
#1052=LINE('',#7764,#1753);
#1053=LINE('',#7766,#1754);
#1054=LINE('',#7768,#1755);
#1055=LINE('',#7769,#1756);
#1056=LINE('',#7772,#1757);
#1057=LINE('',#7774,#1758);
#1058=LINE('',#7775,#1759);
#1059=LINE('',#7778,#1760);
#1060=LINE('',#7780,#1761);
#1061=LINE('',#7781,#1762);
#1062=LINE('',#7784,#1763);
#1063=LINE('',#7786,#1764);
#1064=LINE('',#7787,#1765);
#1065=LINE('',#7790,#1766);
#1066=LINE('',#7792,#1767);
#1067=LINE('',#7793,#1768);
#1068=LINE('',#7796,#1769);
#1069=LINE('',#7798,#1770);
#1070=LINE('',#7799,#1771);
#1071=LINE('',#7802,#1772);
#1072=LINE('',#7804,#1773);
#1073=LINE('',#7805,#1774);
#1074=LINE('',#7808,#1775);
#1075=LINE('',#7810,#1776);
#1076=LINE('',#7811,#1777);
#1077=LINE('',#7814,#1778);
#1078=LINE('',#7816,#1779);
#1079=LINE('',#7817,#1780);
#1080=LINE('',#7820,#1781);
#1081=LINE('',#7822,#1782);
#1082=LINE('',#7823,#1783);
#1083=LINE('',#7826,#1784);
#1084=LINE('',#7828,#1785);
#1085=LINE('',#7829,#1786);
#1086=LINE('',#7831,#1787);
#1087=LINE('',#7832,#1788);
#1088=LINE('',#7852,#1789);
#1089=LINE('',#7859,#1790);
#1090=LINE('',#7877,#1791);
#1091=LINE('',#7884,#1792);
#1092=LINE('',#7885,#1793);
#1093=LINE('',#7889,#1794);
#1094=LINE('',#7891,#1795);
#1095=LINE('',#7893,#1796);
#1096=LINE('',#7894,#1797);
#1097=LINE('',#7897,#1798);
#1098=LINE('',#7899,#1799);
#1099=LINE('',#7900,#1800);
#1100=LINE('',#7903,#1801);
#1101=LINE('',#7905,#1802);
#1102=LINE('',#7906,#1803);
#1103=LINE('',#7909,#1804);
#1104=LINE('',#7911,#1805);
#1105=LINE('',#7912,#1806);
#1106=LINE('',#7915,#1807);
#1107=LINE('',#7917,#1808);
#1108=LINE('',#7918,#1809);
#1109=LINE('',#7921,#1810);
#1110=LINE('',#7923,#1811);
#1111=LINE('',#7924,#1812);
#1112=LINE('',#7927,#1813);
#1113=LINE('',#7929,#1814);
#1114=LINE('',#7930,#1815);
#1115=LINE('',#7932,#1816);
#1116=LINE('',#7933,#1817);
#1117=LINE('',#7953,#1818);
#1118=LINE('',#7960,#1819);
#1119=LINE('',#7963,#1820);
#1120=LINE('',#7965,#1821);
#1121=LINE('',#7966,#1822);
#1122=LINE('',#7984,#1823);
#1123=LINE('',#8007,#1824);
#1124=LINE('',#8030,#1825);
#1125=LINE('',#8038,#1826);
#1126=LINE('',#8040,#1827);
#1127=LINE('',#8041,#1828);
#1128=LINE('',#8065,#1829);
#1129=LINE('',#8067,#1830);
#1130=LINE('',#8069,#1831);
#1131=LINE('',#8070,#1832);
#1132=LINE('',#8073,#1833);
#1133=LINE('',#8075,#1834);
#1134=LINE('',#8076,#1835);
#1135=LINE('',#8079,#1836);
#1136=LINE('',#8081,#1837);
#1137=LINE('',#8082,#1838);
#1138=LINE('',#8100,#1839);
#1139=LINE('',#8123,#1840);
#1140=LINE('',#8146,#1841);
#1141=LINE('',#8154,#1842);
#1142=LINE('',#8156,#1843);
#1143=LINE('',#8157,#1844);
#1144=LINE('',#8175,#1845);
#1145=LINE('',#8198,#1846);
#1146=LINE('',#8221,#1847);
#1147=LINE('',#8244,#1848);
#1148=LINE('',#8252,#1849);
#1149=LINE('',#8254,#1850);
#1150=LINE('',#8255,#1851);
#1151=LINE('',#8257,#1852);
#1152=LINE('',#8258,#1853);
#1153=LINE('',#8263,#1854);
#1154=LINE('',#8265,#1855);
#1155=LINE('',#8267,#1856);
#1156=LINE('',#8268,#1857);
#1157=LINE('',#8286,#1858);
#1158=LINE('',#8309,#1859);
#1159=LINE('',#8332,#1860);
#1160=LINE('',#8355,#1861);
#1161=LINE('',#8363,#1862);
#1162=LINE('',#8365,#1863);
#1163=LINE('',#8366,#1864);
#1164=LINE('',#8369,#1865);
#1165=LINE('',#8371,#1866);
#1166=LINE('',#8372,#1867);
#1167=LINE('',#8375,#1868);
#1168=LINE('',#8377,#1869);
#1169=LINE('',#8378,#1870);
#1170=LINE('',#8396,#1871);
#1171=LINE('',#8419,#1872);
#1172=LINE('',#8442,#1873);
#1173=LINE('',#8465,#1874);
#1174=LINE('',#8488,#1875);
#1175=LINE('',#8511,#1876);
#1176=LINE('',#8534,#1877);
#1177=LINE('',#8557,#1878);
#1178=LINE('',#8565,#1879);
#1179=LINE('',#8567,#1880);
#1180=LINE('',#8568,#1881);
#1181=LINE('',#8570,#1882);
#1182=LINE('',#8571,#1883);
#1183=LINE('',#8576,#1884);
#1184=LINE('',#8578,#1885);
#1185=LINE('',#8580,#1886);
#1186=LINE('',#8581,#1887);
#1187=LINE('',#8584,#1888);
#1188=LINE('',#8586,#1889);
#1189=LINE('',#8587,#1890);
#1190=LINE('',#8605,#1891);
#1191=LINE('',#8613,#1892);
#1192=LINE('',#8615,#1893);
#1193=LINE('',#8616,#1894);
#1194=LINE('',#8619,#1895);
#1195=LINE('',#8621,#1896);
#1196=LINE('',#8622,#1897);
#1197=LINE('',#8625,#1898);
#1198=LINE('',#8627,#1899);
#1199=LINE('',#8628,#1900);
#1200=LINE('',#8631,#1901);
#1201=LINE('',#8633,#1902);
#1202=LINE('',#8634,#1903);
#1203=LINE('',#8637,#1904);
#1204=LINE('',#8639,#1905);
#1205=LINE('',#8640,#1906);
#1206=LINE('',#8643,#1907);
#1207=LINE('',#8645,#1908);
#1208=LINE('',#8646,#1909);
#1209=LINE('',#8649,#1910);
#1210=LINE('',#8651,#1911);
#1211=LINE('',#8652,#1912);
#1212=LINE('',#8655,#1913);
#1213=LINE('',#8657,#1914);
#1214=LINE('',#8658,#1915);
#1215=LINE('',#8661,#1916);
#1216=LINE('',#8663,#1917);
#1217=LINE('',#8664,#1918);
#1218=LINE('',#8667,#1919);
#1219=LINE('',#8669,#1920);
#1220=LINE('',#8670,#1921);
#1221=LINE('',#8672,#1922);
#1222=LINE('',#8673,#1923);
#1223=LINE('',#8678,#1924);
#1224=LINE('',#8680,#1925);
#1225=LINE('',#8682,#1926);
#1226=LINE('',#8683,#1927);
#1227=LINE('',#8686,#1928);
#1228=LINE('',#8688,#1929);
#1229=LINE('',#8689,#1930);
#1230=LINE('',#8692,#1931);
#1231=LINE('',#8694,#1932);
#1232=LINE('',#8695,#1933);
#1233=LINE('',#8698,#1934);
#1234=LINE('',#8700,#1935);
#1235=LINE('',#8701,#1936);
#1236=LINE('',#8704,#1937);
#1237=LINE('',#8706,#1938);
#1238=LINE('',#8707,#1939);
#1239=LINE('',#8709,#1940);
#1240=LINE('',#8710,#1941);
#1241=LINE('',#8715,#1942);
#1242=LINE('',#8717,#1943);
#1243=LINE('',#8719,#1944);
#1244=LINE('',#8720,#1945);
#1245=LINE('',#8723,#1946);
#1246=LINE('',#8725,#1947);
#1247=LINE('',#8726,#1948);
#1248=LINE('',#8729,#1949);
#1249=LINE('',#8731,#1950);
#1250=LINE('',#8732,#1951);
#1251=LINE('',#8735,#1952);
#1252=LINE('',#8737,#1953);
#1253=LINE('',#8738,#1954);
#1254=LINE('',#8741,#1955);
#1255=LINE('',#8743,#1956);
#1256=LINE('',#8744,#1957);
#1257=LINE('',#8747,#1958);
#1258=LINE('',#8749,#1959);
#1259=LINE('',#8750,#1960);
#1260=LINE('',#8753,#1961);
#1261=LINE('',#8755,#1962);
#1262=LINE('',#8756,#1963);
#1263=LINE('',#8759,#1964);
#1264=LINE('',#8761,#1965);
#1265=LINE('',#8762,#1966);
#1266=LINE('',#8765,#1967);
#1267=LINE('',#8767,#1968);
#1268=LINE('',#8768,#1969);
#1269=LINE('',#8771,#1970);
#1270=LINE('',#8773,#1971);
#1271=LINE('',#8774,#1972);
#1272=LINE('',#8776,#1973);
#1273=LINE('',#8777,#1974);
#1274=LINE('',#8782,#1975);
#1275=LINE('',#8784,#1976);
#1276=LINE('',#8786,#1977);
#1277=LINE('',#8787,#1978);
#1278=LINE('',#8790,#1979);
#1279=LINE('',#8792,#1980);
#1280=LINE('',#8793,#1981);
#1281=LINE('',#8796,#1982);
#1282=LINE('',#8798,#1983);
#1283=LINE('',#8799,#1984);
#1284=LINE('',#8802,#1985);
#1285=LINE('',#8804,#1986);
#1286=LINE('',#8805,#1987);
#1287=LINE('',#8808,#1988);
#1288=LINE('',#8810,#1989);
#1289=LINE('',#8811,#1990);
#1290=LINE('',#8814,#1991);
#1291=LINE('',#8816,#1992);
#1292=LINE('',#8817,#1993);
#1293=LINE('',#8820,#1994);
#1294=LINE('',#8822,#1995);
#1295=LINE('',#8823,#1996);
#1296=LINE('',#8826,#1997);
#1297=LINE('',#8828,#1998);
#1298=LINE('',#8829,#1999);
#1299=LINE('',#8832,#2000);
#1300=LINE('',#8834,#2001);
#1301=LINE('',#8835,#2002);
#1302=LINE('',#8837,#2003);
#1303=LINE('',#8838,#2004);
#1304=LINE('',#8858,#2005);
#1305=LINE('',#8865,#2006);
#1306=LINE('',#8883,#2007);
#1307=LINE('',#8906,#2008);
#1308=LINE('',#8929,#2009);
#1309=LINE('',#8952,#2010);
#1310=LINE('',#8975,#2011);
#1311=LINE('',#8998,#2012);
#1312=LINE('',#9021,#2013);
#1313=LINE('',#9044,#2014);
#1314=LINE('',#9067,#2015);
#1315=LINE('',#9090,#2016);
#1316=LINE('',#9113,#2017);
#1317=LINE('',#9136,#2018);
#1318=LINE('',#9159,#2019);
#1319=LINE('',#9182,#2020);
#1320=LINE('',#9190,#2021);
#1321=LINE('',#9192,#2022);
#1322=LINE('',#9193,#2023);
#1323=LINE('',#9196,#2024);
#1324=LINE('',#9198,#2025);
#1325=LINE('',#9199,#2026);
#1326=LINE('',#9202,#2027);
#1327=LINE('',#9204,#2028);
#1328=LINE('',#9205,#2029);
#1329=LINE('',#9223,#2030);
#1330=LINE('',#9246,#2031);
#1331=LINE('',#9269,#2032);
#1332=LINE('',#9292,#2033);
#1333=LINE('',#9315,#2034);
#1334=LINE('',#9338,#2035);
#1335=LINE('',#9361,#2036);
#1336=LINE('',#9384,#2037);
#1337=LINE('',#9407,#2038);
#1338=LINE('',#9430,#2039);
#1339=LINE('',#9453,#2040);
#1340=LINE('',#9476,#2041);
#1341=LINE('',#9499,#2042);
#1342=LINE('',#9522,#2043);
#1343=LINE('',#9530,#2044);
#1344=LINE('',#9532,#2045);
#1345=LINE('',#9533,#2046);
#1346=LINE('',#9536,#2047);
#1347=LINE('',#9538,#2048);
#1348=LINE('',#9539,#2049);
#1349=LINE('',#9541,#2050);
#1350=LINE('',#9542,#2051);
#1351=LINE('',#9562,#2052);
#1352=LINE('',#9569,#2053);
#1353=LINE('',#9587,#2054);
#1354=LINE('',#9610,#2055);
#1355=LINE('',#9633,#2056);
#1356=LINE('',#9656,#2057);
#1357=LINE('',#9679,#2058);
#1358=LINE('',#9702,#2059);
#1359=LINE('',#9710,#2060);
#1360=LINE('',#9712,#2061);
#1361=LINE('',#9713,#2062);
#1362=LINE('',#9731,#2063);
#1363=LINE('',#9754,#2064);
#1364=LINE('',#9777,#2065);
#1365=LINE('',#9800,#2066);
#1366=LINE('',#9823,#2067);
#1367=LINE('',#9846,#2068);
#1368=LINE('',#9854,#2069);
#1369=LINE('',#9856,#2070);
#1370=LINE('',#9857,#2071);
#1371=LINE('',#9860,#2072);
#1372=LINE('',#9862,#2073);
#1373=LINE('',#9863,#2074);
#1374=LINE('',#9866,#2075);
#1375=LINE('',#9868,#2076);
#1376=LINE('',#9869,#2077);
#1377=LINE('',#9887,#2078);
#1378=LINE('',#9910,#2079);
#1379=LINE('',#9933,#2080);
#1380=LINE('',#9956,#2081);
#1381=LINE('',#9964,#2082);
#1382=LINE('',#9966,#2083);
#1383=LINE('',#9967,#2084);
#1384=LINE('',#9985,#2085);
#1385=LINE('',#10008,#2086);
#1386=LINE('',#10031,#2087);
#1387=LINE('',#10054,#2088);
#1388=LINE('',#10062,#2089);
#1389=LINE('',#10064,#2090);
#1390=LINE('',#10065,#2091);
#1391=LINE('',#10068,#2092);
#1392=LINE('',#10070,#2093);
#1393=LINE('',#10071,#2094);
#1394=LINE('',#10073,#2095);
#1395=LINE('',#10074,#2096);
#1396=LINE('',#10094,#2097);
#1397=LINE('',#10101,#2098);
#1398=LINE('',#10119,#2099);
#1399=LINE('',#10127,#2100);
#1400=LINE('',#10129,#2101);
#1401=LINE('',#10130,#2102);
#1402=LINE('',#10133,#2103);
#1403=LINE('',#10135,#2104);
#1404=LINE('',#10136,#2105);
#1405=LINE('',#10139,#2106);
#1406=LINE('',#10141,#2107);
#1407=LINE('',#10142,#2108);
#1408=LINE('',#10145,#2109);
#1409=LINE('',#10147,#2110);
#1410=LINE('',#10148,#2111);
#1411=LINE('',#10151,#2112);
#1412=LINE('',#10153,#2113);
#1413=LINE('',#10154,#2114);
#1414=LINE('',#10157,#2115);
#1415=LINE('',#10159,#2116);
#1416=LINE('',#10160,#2117);
#1417=LINE('',#10162,#2118);
#1418=LINE('',#10163,#2119);
#1419=LINE('',#10168,#2120);
#1420=LINE('',#10170,#2121);
#1421=LINE('',#10172,#2122);
#1422=LINE('',#10173,#2123);
#1423=LINE('',#10176,#2124);
#1424=LINE('',#10178,#2125);
#1425=LINE('',#10179,#2126);
#1426=LINE('',#10182,#2127);
#1427=LINE('',#10184,#2128);
#1428=LINE('',#10185,#2129);
#1429=LINE('',#10187,#2130);
#1430=LINE('',#10188,#2131);
#1431=LINE('',#10208,#2132);
#1432=LINE('',#10215,#2133);
#1433=LINE('',#10218,#2134);
#1434=LINE('',#10220,#2135);
#1435=LINE('',#10221,#2136);
#1436=LINE('',#10239,#2137);
#1437=LINE('',#10247,#2138);
#1438=LINE('',#10249,#2139);
#1439=LINE('',#10250,#2140);
#1440=LINE('',#10268,#2141);
#1441=LINE('',#10276,#2142);
#1442=LINE('',#10278,#2143);
#1443=LINE('',#10279,#2144);
#1444=LINE('',#10282,#2145);
#1445=LINE('',#10284,#2146);
#1446=LINE('',#10285,#2147);
#1447=LINE('',#10288,#2148);
#1448=LINE('',#10290,#2149);
#1449=LINE('',#10291,#2150);
#1450=LINE('',#10294,#2151);
#1451=LINE('',#10296,#2152);
#1452=LINE('',#10297,#2153);
#1453=LINE('',#10300,#2154);
#1454=LINE('',#10302,#2155);
#1455=LINE('',#10303,#2156);
#1456=LINE('',#10321,#2157);
#1457=LINE('',#10344,#2158);
#1458=LINE('',#10352,#2159);
#1459=LINE('',#10354,#2160);
#1460=LINE('',#10355,#2161);
#1461=LINE('',#10358,#2162);
#1462=LINE('',#10360,#2163);
#1463=LINE('',#10361,#2164);
#1464=LINE('',#10363,#2165);
#1465=LINE('',#10364,#2166);
#1466=LINE('',#10371,#2167);
#1467=LINE('',#10373,#2168);
#1468=LINE('',#10375,#2169);
#1469=LINE('',#10376,#2170);
#1470=LINE('',#10379,#2171);
#1471=LINE('',#10381,#2172);
#1472=LINE('',#10382,#2173);
#1473=LINE('',#10385,#2174);
#1474=LINE('',#10387,#2175);
#1475=LINE('',#10388,#2176);
#1476=LINE('',#10390,#2177);
#1477=LINE('',#10391,#2178);
#1478=LINE('',#10395,#2179);
#1479=LINE('',#10397,#2180);
#1480=LINE('',#10399,#2181);
#1481=LINE('',#10400,#2182);
#1482=LINE('',#10403,#2183);
#1483=LINE('',#10405,#2184);
#1484=LINE('',#10407,#2185);
#1485=LINE('',#10408,#2186);
#1486=LINE('',#10411,#2187);
#1487=LINE('',#10413,#2188);
#1488=LINE('',#10415,#2189);
#1489=LINE('',#10416,#2190);
#1490=LINE('',#10419,#2191);
#1491=LINE('',#10421,#2192);
#1492=LINE('',#10423,#2193);
#1493=LINE('',#10424,#2194);
#1494=LINE('',#10427,#2195);
#1495=LINE('',#10429,#2196);
#1496=LINE('',#10430,#2197);
#1497=LINE('',#10433,#2198);
#1498=LINE('',#10434,#2199);
#1499=LINE('',#10437,#2200);
#1500=LINE('',#10438,#2201);
#1501=LINE('',#10440,#2202);
#1502=LINE('',#10443,#2203);
#1503=LINE('',#10445,#2204);
#1504=LINE('',#10446,#2205);
#1505=LINE('',#10449,#2206);
#1506=LINE('',#10450,#2207);
#1507=LINE('',#10453,#2208);
#1508=LINE('',#10454,#2209);
#1509=LINE('',#10456,#2210);
#1510=LINE('',#10459,#2211);
#1511=LINE('',#10461,#2212);
#1512=LINE('',#10462,#2213);
#1513=LINE('',#10465,#2214);
#1514=LINE('',#10466,#2215);
#1515=LINE('',#10469,#2216);
#1516=LINE('',#10470,#2217);
#1517=LINE('',#10472,#2218);
#1518=LINE('',#10475,#2219);
#1519=LINE('',#10477,#2220);
#1520=LINE('',#10478,#2221);
#1521=LINE('',#10481,#2222);
#1522=LINE('',#10482,#2223);
#1523=LINE('',#10485,#2224);
#1524=LINE('',#10486,#2225);
#1525=LINE('',#10488,#2226);
#1526=LINE('',#10493,#2227);
#1527=LINE('',#10499,#2228);
#1528=LINE('',#10505,#2229);
#1529=LINE('',#10511,#2230);
#1530=LINE('',#10518,#2231);
#1531=LINE('',#10521,#2232);
#1532=LINE('',#10524,#2233);
#1533=LINE('',#10526,#2234);
#1534=LINE('',#10527,#2235);
#1535=LINE('',#10530,#2236);
#1536=LINE('',#10532,#2237);
#1537=LINE('',#10534,#2238);
#1538=LINE('',#10536,#2239);
#1539=LINE('',#10538,#2240);
#1540=LINE('',#10540,#2241);
#1541=LINE('',#10542,#2242);
#1542=LINE('',#10544,#2243);
#1543=LINE('',#10546,#2244);
#1544=LINE('',#10550,#2245);
#1545=LINE('',#10554,#2246);
#1546=LINE('',#10558,#2247);
#1547=LINE('',#10562,#2248);
#1548=LINE('',#10563,#2249);
#1549=LINE('',#10566,#2250);
#1550=LINE('',#10570,#2251);
#1551=LINE('',#10571,#2252);
#1552=LINE('',#10574,#2253);
#1553=LINE('',#10578,#2254);
#1554=LINE('',#10580,#2255);
#1555=LINE('',#10581,#2256);
#1556=LINE('',#10584,#2257);
#1557=LINE('',#10585,#2258);
#1558=LINE('',#10589,#2259);
#1559=LINE('',#10591,#2260);
#1560=LINE('',#10593,#2261);
#1561=LINE('',#10594,#2262);
#1562=LINE('',#10597,#2263);
#1563=LINE('',#10599,#2264);
#1564=LINE('',#10600,#2265);
#1565=LINE('',#10603,#2266);
#1566=LINE('',#10605,#2267);
#1567=LINE('',#10606,#2268);
#1568=LINE('',#10609,#2269);
#1569=LINE('',#10611,#2270);
#1570=LINE('',#10612,#2271);
#1571=LINE('',#10615,#2272);
#1572=LINE('',#10617,#2273);
#1573=LINE('',#10618,#2274);
#1574=LINE('',#10621,#2275);
#1575=LINE('',#10623,#2276);
#1576=LINE('',#10624,#2277);
#1577=LINE('',#10627,#2278);
#1578=LINE('',#10629,#2279);
#1579=LINE('',#10630,#2280);
#1580=LINE('',#10632,#2281);
#1581=LINE('',#10636,#2282);
#1582=LINE('',#10638,#2283);
#1583=LINE('',#10640,#2284);
#1584=LINE('',#10641,#2285);
#1585=LINE('',#10644,#2286);
#1586=LINE('',#10646,#2287);
#1587=LINE('',#10647,#2288);
#1588=LINE('',#10650,#2289);
#1589=LINE('',#10652,#2290);
#1590=LINE('',#10653,#2291);
#1591=LINE('',#10656,#2292);
#1592=LINE('',#10658,#2293);
#1593=LINE('',#10659,#2294);
#1594=LINE('',#10662,#2295);
#1595=LINE('',#10664,#2296);
#1596=LINE('',#10665,#2297);
#1597=LINE('',#10668,#2298);
#1598=LINE('',#10670,#2299);
#1599=LINE('',#10671,#2300);
#1600=LINE('',#10674,#2301);
#1601=LINE('',#10676,#2302);
#1602=LINE('',#10677,#2303);
#1603=LINE('',#10679,#2304);
#1604=LINE('',#10683,#2305);
#1605=LINE('',#10685,#2306);
#1606=LINE('',#10687,#2307);
#1607=LINE('',#10688,#2308);
#1608=LINE('',#10691,#2309);
#1609=LINE('',#10693,#2310);
#1610=LINE('',#10694,#2311);
#1611=LINE('',#10697,#2312);
#1612=LINE('',#10699,#2313);
#1613=LINE('',#10700,#2314);
#1614=LINE('',#10703,#2315);
#1615=LINE('',#10705,#2316);
#1616=LINE('',#10706,#2317);
#1617=LINE('',#10709,#2318);
#1618=LINE('',#10711,#2319);
#1619=LINE('',#10712,#2320);
#1620=LINE('',#10715,#2321);
#1621=LINE('',#10717,#2322);
#1622=LINE('',#10718,#2323);
#1623=LINE('',#10721,#2324);
#1624=LINE('',#10723,#2325);
#1625=LINE('',#10724,#2326);
#1626=LINE('',#10726,#2327);
#1627=LINE('',#10730,#2328);
#1628=LINE('',#10732,#2329);
#1629=LINE('',#10734,#2330);
#1630=LINE('',#10735,#2331);
#1631=LINE('',#10738,#2332);
#1632=LINE('',#10740,#2333);
#1633=LINE('',#10741,#2334);
#1634=LINE('',#10744,#2335);
#1635=LINE('',#10746,#2336);
#1636=LINE('',#10747,#2337);
#1637=LINE('',#10750,#2338);
#1638=LINE('',#10752,#2339);
#1639=LINE('',#10753,#2340);
#1640=LINE('',#10756,#2341);
#1641=LINE('',#10758,#2342);
#1642=LINE('',#10759,#2343);
#1643=LINE('',#10762,#2344);
#1644=LINE('',#10764,#2345);
#1645=LINE('',#10765,#2346);
#1646=LINE('',#10768,#2347);
#1647=LINE('',#10770,#2348);
#1648=LINE('',#10771,#2349);
#1649=LINE('',#10773,#2350);
#1650=LINE('',#10776,#2351);
#1651=LINE('',#10777,#2352);
#1652=LINE('',#10779,#2353);
#1653=LINE('',#10780,#2354);
#1654=LINE('',#10781,#2355);
#1655=LINE('',#10785,#2356);
#1656=LINE('',#10787,#2357);
#1657=LINE('',#10789,#2358);
#1658=LINE('',#10790,#2359);
#1659=LINE('',#10791,#2360);
#1660=LINE('',#10794,#2361);
#1661=LINE('',#10795,#2362);
#1662=LINE('',#10798,#2363);
#1663=LINE('',#10799,#2364);
#1664=LINE('',#10802,#2365);
#1665=LINE('',#10804,#2366);
#1666=LINE('',#10805,#2367);
#1667=LINE('',#10808,#2368);
#1668=LINE('',#10810,#2369);
#1669=LINE('',#10811,#2370);
#1670=LINE('',#10813,#2371);
#1671=LINE('',#10814,#2372);
#1672=LINE('',#10819,#2373);
#1673=LINE('',#10821,#2374);
#1674=LINE('',#10823,#2375);
#1675=LINE('',#10824,#2376);
#1676=LINE('',#10827,#2377);
#1677=LINE('',#10829,#2378);
#1678=LINE('',#10830,#2379);
#1679=LINE('',#10833,#2380);
#1680=LINE('',#10835,#2381);
#1681=LINE('',#10836,#2382);
#1682=LINE('',#10838,#2383);
#1683=LINE('',#10839,#2384);
#1684=LINE('',#10840,#2385);
#1685=LINE('',#10843,#2386);
#1686=LINE('',#10844,#2387);
#1687=LINE('',#10846,#2388);
#1688=LINE('',#10847,#2389);
#1689=LINE('',#10849,#2390);
#1690=VECTOR('',#6439,10.);
#1691=VECTOR('',#6440,10.);
#1692=VECTOR('',#6441,10.);
#1693=VECTOR('',#6442,10.);
#1694=VECTOR('',#6445,10.);
#1695=VECTOR('',#6446,10.);
#1696=VECTOR('',#6447,10.);
#1697=VECTOR('',#6450,10.);
#1698=VECTOR('',#6451,10.);
#1699=VECTOR('',#6452,10.);
#1700=VECTOR('',#6455,10.);
#1701=VECTOR('',#6456,10.);
#1702=VECTOR('',#6457,10.);
#1703=VECTOR('',#6460,10.);
#1704=VECTOR('',#6461,10.);
#1705=VECTOR('',#6462,10.);
#1706=VECTOR('',#6465,10.);
#1707=VECTOR('',#6466,10.);
#1708=VECTOR('',#6467,10.);
#1709=VECTOR('',#6470,10.);
#1710=VECTOR('',#6471,10.);
#1711=VECTOR('',#6472,10.);
#1712=VECTOR('',#6475,10.);
#1713=VECTOR('',#6476,10.);
#1714=VECTOR('',#6477,10.);
#1715=VECTOR('',#6480,10.);
#1716=VECTOR('',#6481,10.);
#1717=VECTOR('',#6482,10.);
#1718=VECTOR('',#6485,10.);
#1719=VECTOR('',#6486,10.);
#1720=VECTOR('',#6491,10.);
#1721=VECTOR('',#6492,10.);
#1722=VECTOR('',#6493,10.);
#1723=VECTOR('',#6494,10.);
#1724=VECTOR('',#6497,10.);
#1725=VECTOR('',#6498,10.);
#1726=VECTOR('',#6499,10.);
#1727=VECTOR('',#6502,10.);
#1728=VECTOR('',#6503,10.);
#1729=VECTOR('',#6504,10.);
#1730=VECTOR('',#6507,10.);
#1731=VECTOR('',#6508,10.);
#1732=VECTOR('',#6509,10.);
#1733=VECTOR('',#6512,10.);
#1734=VECTOR('',#6513,10.);
#1735=VECTOR('',#6514,10.);
#1736=VECTOR('',#6517,10.);
#1737=VECTOR('',#6518,10.);
#1738=VECTOR('',#6519,10.);
#1739=VECTOR('',#6522,10.);
#1740=VECTOR('',#6523,10.);
#1741=VECTOR('',#6524,10.);
#1742=VECTOR('',#6527,10.);
#1743=VECTOR('',#6528,10.);
#1744=VECTOR('',#6529,10.);
#1745=VECTOR('',#6532,10.);
#1746=VECTOR('',#6533,10.);
#1747=VECTOR('',#6534,10.);
#1748=VECTOR('',#6537,10.);
#1749=VECTOR('',#6538,10.);
#1750=VECTOR('',#6539,10.);
#1751=VECTOR('',#6542,10.);
#1752=VECTOR('',#6543,10.);
#1753=VECTOR('',#6548,10.);
#1754=VECTOR('',#6549,10.);
#1755=VECTOR('',#6550,10.);
#1756=VECTOR('',#6551,10.);
#1757=VECTOR('',#6554,10.);
#1758=VECTOR('',#6555,10.);
#1759=VECTOR('',#6556,10.);
#1760=VECTOR('',#6559,10.);
#1761=VECTOR('',#6560,10.);
#1762=VECTOR('',#6561,10.);
#1763=VECTOR('',#6564,10.);
#1764=VECTOR('',#6565,10.);
#1765=VECTOR('',#6566,10.);
#1766=VECTOR('',#6569,10.);
#1767=VECTOR('',#6570,10.);
#1768=VECTOR('',#6571,10.);
#1769=VECTOR('',#6574,10.);
#1770=VECTOR('',#6575,10.);
#1771=VECTOR('',#6576,10.);
#1772=VECTOR('',#6579,10.);
#1773=VECTOR('',#6580,10.);
#1774=VECTOR('',#6581,10.);
#1775=VECTOR('',#6584,10.);
#1776=VECTOR('',#6585,10.);
#1777=VECTOR('',#6586,10.);
#1778=VECTOR('',#6589,10.);
#1779=VECTOR('',#6590,10.);
#1780=VECTOR('',#6591,10.);
#1781=VECTOR('',#6594,10.);
#1782=VECTOR('',#6595,10.);
#1783=VECTOR('',#6596,10.);
#1784=VECTOR('',#6599,10.);
#1785=VECTOR('',#6600,10.);
#1786=VECTOR('',#6601,10.);
#1787=VECTOR('',#6604,10.);
#1788=VECTOR('',#6605,10.);
#1789=VECTOR('',#6608,10.);
#1790=VECTOR('',#6609,10.);
#1791=VECTOR('',#6610,10.);
#1792=VECTOR('',#6613,10.);
#1793=VECTOR('',#6614,10.);
#1794=VECTOR('',#6617,10.);
#1795=VECTOR('',#6618,10.);
#1796=VECTOR('',#6619,10.);
#1797=VECTOR('',#6620,10.);
#1798=VECTOR('',#6623,10.);
#1799=VECTOR('',#6624,10.);
#1800=VECTOR('',#6625,10.);
#1801=VECTOR('',#6628,10.);
#1802=VECTOR('',#6629,10.);
#1803=VECTOR('',#6630,10.);
#1804=VECTOR('',#6633,10.);
#1805=VECTOR('',#6634,10.);
#1806=VECTOR('',#6635,10.);
#1807=VECTOR('',#6638,10.);
#1808=VECTOR('',#6639,10.);
#1809=VECTOR('',#6640,10.);
#1810=VECTOR('',#6643,10.);
#1811=VECTOR('',#6644,10.);
#1812=VECTOR('',#6645,10.);
#1813=VECTOR('',#6648,10.);
#1814=VECTOR('',#6649,10.);
#1815=VECTOR('',#6650,10.);
#1816=VECTOR('',#6653,10.);
#1817=VECTOR('',#6654,10.);
#1818=VECTOR('',#6657,10.);
#1819=VECTOR('',#6658,10.);
#1820=VECTOR('',#6661,10.);
#1821=VECTOR('',#6662,10.);
#1822=VECTOR('',#6663,10.);
#1823=VECTOR('',#6664,10.);
#1824=VECTOR('',#6665,10.);
#1825=VECTOR('',#6666,10.);
#1826=VECTOR('',#6669,10.);
#1827=VECTOR('',#6670,10.);
#1828=VECTOR('',#6671,10.);
#1829=VECTOR('',#6674,10.);
#1830=VECTOR('',#6675,10.);
#1831=VECTOR('',#6676,10.);
#1832=VECTOR('',#6677,10.);
#1833=VECTOR('',#6680,10.);
#1834=VECTOR('',#6681,10.);
#1835=VECTOR('',#6682,10.);
#1836=VECTOR('',#6685,10.);
#1837=VECTOR('',#6686,10.);
#1838=VECTOR('',#6687,10.);
#1839=VECTOR('',#6688,10.);
#1840=VECTOR('',#6689,10.);
#1841=VECTOR('',#6690,10.);
#1842=VECTOR('',#6693,10.);
#1843=VECTOR('',#6694,10.);
#1844=VECTOR('',#6695,10.);
#1845=VECTOR('',#6696,10.);
#1846=VECTOR('',#6697,10.);
#1847=VECTOR('',#6698,10.);
#1848=VECTOR('',#6699,10.);
#1849=VECTOR('',#6702,10.);
#1850=VECTOR('',#6703,10.);
#1851=VECTOR('',#6704,10.);
#1852=VECTOR('',#6707,10.);
#1853=VECTOR('',#6708,10.);
#1854=VECTOR('',#6713,10.);
#1855=VECTOR('',#6714,10.);
#1856=VECTOR('',#6715,10.);
#1857=VECTOR('',#6716,10.);
#1858=VECTOR('',#6717,10.);
#1859=VECTOR('',#6718,10.);
#1860=VECTOR('',#6719,10.);
#1861=VECTOR('',#6720,10.);
#1862=VECTOR('',#6723,10.);
#1863=VECTOR('',#6724,10.);
#1864=VECTOR('',#6725,10.);
#1865=VECTOR('',#6728,10.);
#1866=VECTOR('',#6729,10.);
#1867=VECTOR('',#6730,10.);
#1868=VECTOR('',#6733,10.);
#1869=VECTOR('',#6734,10.);
#1870=VECTOR('',#6735,10.);
#1871=VECTOR('',#6736,10.);
#1872=VECTOR('',#6737,10.);
#1873=VECTOR('',#6738,10.);
#1874=VECTOR('',#6739,10.);
#1875=VECTOR('',#6740,10.);
#1876=VECTOR('',#6741,10.);
#1877=VECTOR('',#6742,10.);
#1878=VECTOR('',#6743,10.);
#1879=VECTOR('',#6746,10.);
#1880=VECTOR('',#6747,10.);
#1881=VECTOR('',#6748,10.);
#1882=VECTOR('',#6751,10.);
#1883=VECTOR('',#6752,10.);
#1884=VECTOR('',#6757,10.);
#1885=VECTOR('',#6758,10.);
#1886=VECTOR('',#6759,10.);
#1887=VECTOR('',#6760,10.);
#1888=VECTOR('',#6763,10.);
#1889=VECTOR('',#6764,10.);
#1890=VECTOR('',#6765,10.);
#1891=VECTOR('',#6766,10.);
#1892=VECTOR('',#6769,10.);
#1893=VECTOR('',#6770,10.);
#1894=VECTOR('',#6771,10.);
#1895=VECTOR('',#6774,10.);
#1896=VECTOR('',#6775,10.);
#1897=VECTOR('',#6776,10.);
#1898=VECTOR('',#6779,10.);
#1899=VECTOR('',#6780,10.);
#1900=VECTOR('',#6781,10.);
#1901=VECTOR('',#6784,10.);
#1902=VECTOR('',#6785,10.);
#1903=VECTOR('',#6786,10.);
#1904=VECTOR('',#6789,10.);
#1905=VECTOR('',#6790,10.);
#1906=VECTOR('',#6791,10.);
#1907=VECTOR('',#6794,10.);
#1908=VECTOR('',#6795,10.);
#1909=VECTOR('',#6796,10.);
#1910=VECTOR('',#6799,10.);
#1911=VECTOR('',#6800,10.);
#1912=VECTOR('',#6801,10.);
#1913=VECTOR('',#6804,10.);
#1914=VECTOR('',#6805,10.);
#1915=VECTOR('',#6806,10.);
#1916=VECTOR('',#6809,10.);
#1917=VECTOR('',#6810,10.);
#1918=VECTOR('',#6811,10.);
#1919=VECTOR('',#6814,10.);
#1920=VECTOR('',#6815,10.);
#1921=VECTOR('',#6816,10.);
#1922=VECTOR('',#6819,10.);
#1923=VECTOR('',#6820,10.);
#1924=VECTOR('',#6825,10.);
#1925=VECTOR('',#6826,10.);
#1926=VECTOR('',#6827,10.);
#1927=VECTOR('',#6828,10.);
#1928=VECTOR('',#6831,10.);
#1929=VECTOR('',#6832,10.);
#1930=VECTOR('',#6833,10.);
#1931=VECTOR('',#6836,10.);
#1932=VECTOR('',#6837,10.);
#1933=VECTOR('',#6838,10.);
#1934=VECTOR('',#6841,10.);
#1935=VECTOR('',#6842,10.);
#1936=VECTOR('',#6843,10.);
#1937=VECTOR('',#6846,10.);
#1938=VECTOR('',#6847,10.);
#1939=VECTOR('',#6848,10.);
#1940=VECTOR('',#6851,10.);
#1941=VECTOR('',#6852,10.);
#1942=VECTOR('',#6857,10.);
#1943=VECTOR('',#6858,10.);
#1944=VECTOR('',#6859,10.);
#1945=VECTOR('',#6860,10.);
#1946=VECTOR('',#6863,10.);
#1947=VECTOR('',#6864,10.);
#1948=VECTOR('',#6865,10.);
#1949=VECTOR('',#6868,10.);
#1950=VECTOR('',#6869,10.);
#1951=VECTOR('',#6870,10.);
#1952=VECTOR('',#6873,10.);
#1953=VECTOR('',#6874,10.);
#1954=VECTOR('',#6875,10.);
#1955=VECTOR('',#6878,10.);
#1956=VECTOR('',#6879,10.);
#1957=VECTOR('',#6880,10.);
#1958=VECTOR('',#6883,10.);
#1959=VECTOR('',#6884,10.);
#1960=VECTOR('',#6885,10.);
#1961=VECTOR('',#6888,10.);
#1962=VECTOR('',#6889,10.);
#1963=VECTOR('',#6890,10.);
#1964=VECTOR('',#6893,10.);
#1965=VECTOR('',#6894,10.);
#1966=VECTOR('',#6895,10.);
#1967=VECTOR('',#6898,10.);
#1968=VECTOR('',#6899,10.);
#1969=VECTOR('',#6900,10.);
#1970=VECTOR('',#6903,10.);
#1971=VECTOR('',#6904,10.);
#1972=VECTOR('',#6905,10.);
#1973=VECTOR('',#6908,10.);
#1974=VECTOR('',#6909,10.);
#1975=VECTOR('',#6914,10.);
#1976=VECTOR('',#6915,10.);
#1977=VECTOR('',#6916,10.);
#1978=VECTOR('',#6917,10.);
#1979=VECTOR('',#6920,10.);
#1980=VECTOR('',#6921,10.);
#1981=VECTOR('',#6922,10.);
#1982=VECTOR('',#6925,10.);
#1983=VECTOR('',#6926,10.);
#1984=VECTOR('',#6927,10.);
#1985=VECTOR('',#6930,10.);
#1986=VECTOR('',#6931,10.);
#1987=VECTOR('',#6932,10.);
#1988=VECTOR('',#6935,10.);
#1989=VECTOR('',#6936,10.);
#1990=VECTOR('',#6937,10.);
#1991=VECTOR('',#6940,10.);
#1992=VECTOR('',#6941,10.);
#1993=VECTOR('',#6942,10.);
#1994=VECTOR('',#6945,10.);
#1995=VECTOR('',#6946,10.);
#1996=VECTOR('',#6947,10.);
#1997=VECTOR('',#6950,10.);
#1998=VECTOR('',#6951,10.);
#1999=VECTOR('',#6952,10.);
#2000=VECTOR('',#6955,10.);
#2001=VECTOR('',#6956,10.);
#2002=VECTOR('',#6957,10.);
#2003=VECTOR('',#6960,10.);
#2004=VECTOR('',#6961,10.);
#2005=VECTOR('',#6964,10.);
#2006=VECTOR('',#6965,10.);
#2007=VECTOR('',#6966,10.);
#2008=VECTOR('',#6967,10.);
#2009=VECTOR('',#6968,10.);
#2010=VECTOR('',#6969,10.);
#2011=VECTOR('',#6970,10.);
#2012=VECTOR('',#6971,10.);
#2013=VECTOR('',#6972,10.);
#2014=VECTOR('',#6973,10.);
#2015=VECTOR('',#6974,10.);
#2016=VECTOR('',#6975,10.);
#2017=VECTOR('',#6976,10.);
#2018=VECTOR('',#6977,10.);
#2019=VECTOR('',#6978,10.);
#2020=VECTOR('',#6979,10.);
#2021=VECTOR('',#6982,10.);
#2022=VECTOR('',#6983,10.);
#2023=VECTOR('',#6984,10.);
#2024=VECTOR('',#6987,10.);
#2025=VECTOR('',#6988,10.);
#2026=VECTOR('',#6989,10.);
#2027=VECTOR('',#6992,10.);
#2028=VECTOR('',#6993,10.);
#2029=VECTOR('',#6994,10.);
#2030=VECTOR('',#6995,10.);
#2031=VECTOR('',#6996,10.);
#2032=VECTOR('',#6997,10.);
#2033=VECTOR('',#6998,10.);
#2034=VECTOR('',#6999,10.);
#2035=VECTOR('',#7000,10.);
#2036=VECTOR('',#7001,10.);
#2037=VECTOR('',#7002,10.);
#2038=VECTOR('',#7003,10.);
#2039=VECTOR('',#7004,10.);
#2040=VECTOR('',#7005,10.);
#2041=VECTOR('',#7006,10.);
#2042=VECTOR('',#7007,10.);
#2043=VECTOR('',#7008,10.);
#2044=VECTOR('',#7011,10.);
#2045=VECTOR('',#7012,10.);
#2046=VECTOR('',#7013,10.);
#2047=VECTOR('',#7016,10.);
#2048=VECTOR('',#7017,10.);
#2049=VECTOR('',#7018,10.);
#2050=VECTOR('',#7021,10.);
#2051=VECTOR('',#7022,10.);
#2052=VECTOR('',#7025,10.);
#2053=VECTOR('',#7026,10.);
#2054=VECTOR('',#7027,10.);
#2055=VECTOR('',#7028,10.);
#2056=VECTOR('',#7029,10.);
#2057=VECTOR('',#7030,10.);
#2058=VECTOR('',#7031,10.);
#2059=VECTOR('',#7032,10.);
#2060=VECTOR('',#7035,10.);
#2061=VECTOR('',#7036,10.);
#2062=VECTOR('',#7037,10.);
#2063=VECTOR('',#7038,10.);
#2064=VECTOR('',#7039,10.);
#2065=VECTOR('',#7040,10.);
#2066=VECTOR('',#7041,10.);
#2067=VECTOR('',#7042,10.);
#2068=VECTOR('',#7043,10.);
#2069=VECTOR('',#7046,10.);
#2070=VECTOR('',#7047,10.);
#2071=VECTOR('',#7048,10.);
#2072=VECTOR('',#7051,10.);
#2073=VECTOR('',#7052,10.);
#2074=VECTOR('',#7053,10.);
#2075=VECTOR('',#7056,10.);
#2076=VECTOR('',#7057,10.);
#2077=VECTOR('',#7058,10.);
#2078=VECTOR('',#7059,10.);
#2079=VECTOR('',#7060,10.);
#2080=VECTOR('',#7061,10.);
#2081=VECTOR('',#7062,10.);
#2082=VECTOR('',#7065,10.);
#2083=VECTOR('',#7066,10.);
#2084=VECTOR('',#7067,10.);
#2085=VECTOR('',#7068,10.);
#2086=VECTOR('',#7069,10.);
#2087=VECTOR('',#7070,10.);
#2088=VECTOR('',#7071,10.);
#2089=VECTOR('',#7074,10.);
#2090=VECTOR('',#7075,10.);
#2091=VECTOR('',#7076,10.);
#2092=VECTOR('',#7079,10.);
#2093=VECTOR('',#7080,10.);
#2094=VECTOR('',#7081,10.);
#2095=VECTOR('',#7084,10.);
#2096=VECTOR('',#7085,10.);
#2097=VECTOR('',#7088,10.);
#2098=VECTOR('',#7089,10.);
#2099=VECTOR('',#7090,10.);
#2100=VECTOR('',#7093,10.);
#2101=VECTOR('',#7094,10.);
#2102=VECTOR('',#7095,10.);
#2103=VECTOR('',#7098,10.);
#2104=VECTOR('',#7099,10.);
#2105=VECTOR('',#7100,10.);
#2106=VECTOR('',#7103,10.);
#2107=VECTOR('',#7104,10.);
#2108=VECTOR('',#7105,10.);
#2109=VECTOR('',#7108,10.);
#2110=VECTOR('',#7109,10.);
#2111=VECTOR('',#7110,10.);
#2112=VECTOR('',#7113,10.);
#2113=VECTOR('',#7114,10.);
#2114=VECTOR('',#7115,10.);
#2115=VECTOR('',#7118,10.);
#2116=VECTOR('',#7119,10.);
#2117=VECTOR('',#7120,10.);
#2118=VECTOR('',#7123,10.);
#2119=VECTOR('',#7124,10.);
#2120=VECTOR('',#7129,10.);
#2121=VECTOR('',#7130,10.);
#2122=VECTOR('',#7131,10.);
#2123=VECTOR('',#7132,10.);
#2124=VECTOR('',#7135,10.);
#2125=VECTOR('',#7136,10.);
#2126=VECTOR('',#7137,10.);
#2127=VECTOR('',#7140,10.);
#2128=VECTOR('',#7141,10.);
#2129=VECTOR('',#7142,10.);
#2130=VECTOR('',#7145,10.);
#2131=VECTOR('',#7146,10.);
#2132=VECTOR('',#7149,10.);
#2133=VECTOR('',#7150,10.);
#2134=VECTOR('',#7153,10.);
#2135=VECTOR('',#7154,10.);
#2136=VECTOR('',#7155,10.);
#2137=VECTOR('',#7156,10.);
#2138=VECTOR('',#7159,10.);
#2139=VECTOR('',#7160,10.);
#2140=VECTOR('',#7161,10.);
#2141=VECTOR('',#7162,10.);
#2142=VECTOR('',#7165,10.);
#2143=VECTOR('',#7166,10.);
#2144=VECTOR('',#7167,10.);
#2145=VECTOR('',#7170,10.);
#2146=VECTOR('',#7171,10.);
#2147=VECTOR('',#7172,10.);
#2148=VECTOR('',#7175,10.);
#2149=VECTOR('',#7176,10.);
#2150=VECTOR('',#7177,10.);
#2151=VECTOR('',#7180,10.);
#2152=VECTOR('',#7181,10.);
#2153=VECTOR('',#7182,10.);
#2154=VECTOR('',#7185,10.);
#2155=VECTOR('',#7186,10.);
#2156=VECTOR('',#7187,10.);
#2157=VECTOR('',#7188,10.);
#2158=VECTOR('',#7189,10.);
#2159=VECTOR('',#7192,10.);
#2160=VECTOR('',#7193,10.);
#2161=VECTOR('',#7194,10.);
#2162=VECTOR('',#7197,10.);
#2163=VECTOR('',#7198,10.);
#2164=VECTOR('',#7199,10.);
#2165=VECTOR('',#7202,10.);
#2166=VECTOR('',#7203,10.);
#2167=VECTOR('',#7212,10.);
#2168=VECTOR('',#7213,10.);
#2169=VECTOR('',#7214,10.);
#2170=VECTOR('',#7215,10.);
#2171=VECTOR('',#7218,10.);
#2172=VECTOR('',#7219,10.);
#2173=VECTOR('',#7220,10.);
#2174=VECTOR('',#7223,10.);
#2175=VECTOR('',#7224,10.);
#2176=VECTOR('',#7225,10.);
#2177=VECTOR('',#7228,10.);
#2178=VECTOR('',#7229,10.);
#2179=VECTOR('',#7232,10.);
#2180=VECTOR('',#7233,10.);
#2181=VECTOR('',#7234,10.);
#2182=VECTOR('',#7235,10.);
#2183=VECTOR('',#7236,10.);
#2184=VECTOR('',#7237,10.);
#2185=VECTOR('',#7238,10.);
#2186=VECTOR('',#7239,10.);
#2187=VECTOR('',#7240,10.);
#2188=VECTOR('',#7241,10.);
#2189=VECTOR('',#7242,10.);
#2190=VECTOR('',#7243,10.);
#2191=VECTOR('',#7244,10.);
#2192=VECTOR('',#7245,10.);
#2193=VECTOR('',#7246,10.);
#2194=VECTOR('',#7247,10.);
#2195=VECTOR('',#7250,10.);
#2196=VECTOR('',#7251,10.);
#2197=VECTOR('',#7252,10.);
#2198=VECTOR('',#7255,10.);
#2199=VECTOR('',#7256,10.);
#2200=VECTOR('',#7259,10.);
#2201=VECTOR('',#7260,10.);
#2202=VECTOR('',#7263,10.);
#2203=VECTOR('',#7266,10.);
#2204=VECTOR('',#7267,10.);
#2205=VECTOR('',#7268,10.);
#2206=VECTOR('',#7271,10.);
#2207=VECTOR('',#7272,10.);
#2208=VECTOR('',#7275,10.);
#2209=VECTOR('',#7276,10.);
#2210=VECTOR('',#7279,10.);
#2211=VECTOR('',#7282,10.);
#2212=VECTOR('',#7283,10.);
#2213=VECTOR('',#7284,10.);
#2214=VECTOR('',#7287,10.);
#2215=VECTOR('',#7288,10.);
#2216=VECTOR('',#7291,10.);
#2217=VECTOR('',#7292,10.);
#2218=VECTOR('',#7295,10.);
#2219=VECTOR('',#7298,10.);
#2220=VECTOR('',#7299,10.);
#2221=VECTOR('',#7300,10.);
#2222=VECTOR('',#7303,10.);
#2223=VECTOR('',#7304,10.);
#2224=VECTOR('',#7307,10.);
#2225=VECTOR('',#7308,10.);
#2226=VECTOR('',#7311,10.);
#2227=VECTOR('',#7316,1.10000000000001);
#2228=VECTOR('',#7323,1.09999999999999);
#2229=VECTOR('',#7330,1.1);
#2230=VECTOR('',#7337,1.1);
#2231=VECTOR('',#7344,10.);
#2232=VECTOR('',#7347,10.);
#2233=VECTOR('',#7350,10.);
#2234=VECTOR('',#7351,10.);
#2235=VECTOR('',#7352,10.);
#2236=VECTOR('',#7355,10.);
#2237=VECTOR('',#7356,10.);
#2238=VECTOR('',#7357,10.);
#2239=VECTOR('',#7358,10.);
#2240=VECTOR('',#7359,10.);
#2241=VECTOR('',#7360,10.);
#2242=VECTOR('',#7361,10.);
#2243=VECTOR('',#7362,10.);
#2244=VECTOR('',#7363,10.);
#2245=VECTOR('',#7366,10.);
#2246=VECTOR('',#7369,10.);
#2247=VECTOR('',#7374,10.);
#2248=VECTOR('',#7379,10.);
#2249=VECTOR('',#7380,10.);
#2250=VECTOR('',#7383,10.);
#2251=VECTOR('',#7388,10.);
#2252=VECTOR('',#7389,10.);
#2253=VECTOR('',#7392,10.);
#2254=VECTOR('',#7397,10.);
#2255=VECTOR('',#7398,10.);
#2256=VECTOR('',#7399,10.);
#2257=VECTOR('',#7402,10.);
#2258=VECTOR('',#7403,10.);
#2259=VECTOR('',#7406,10.);
#2260=VECTOR('',#7407,10.);
#2261=VECTOR('',#7408,10.);
#2262=VECTOR('',#7409,10.);
#2263=VECTOR('',#7412,10.);
#2264=VECTOR('',#7413,10.);
#2265=VECTOR('',#7414,10.);
#2266=VECTOR('',#7417,10.);
#2267=VECTOR('',#7418,10.);
#2268=VECTOR('',#7419,10.);
#2269=VECTOR('',#7422,10.);
#2270=VECTOR('',#7423,10.);
#2271=VECTOR('',#7424,10.);
#2272=VECTOR('',#7427,10.);
#2273=VECTOR('',#7428,10.);
#2274=VECTOR('',#7429,10.);
#2275=VECTOR('',#7432,10.);
#2276=VECTOR('',#7433,10.);
#2277=VECTOR('',#7434,10.);
#2278=VECTOR('',#7437,10.);
#2279=VECTOR('',#7438,10.);
#2280=VECTOR('',#7439,10.);
#2281=VECTOR('',#7442,10.);
#2282=VECTOR('',#7445,10.);
#2283=VECTOR('',#7446,10.);
#2284=VECTOR('',#7447,10.);
#2285=VECTOR('',#7448,10.);
#2286=VECTOR('',#7451,10.);
#2287=VECTOR('',#7452,10.);
#2288=VECTOR('',#7453,10.);
#2289=VECTOR('',#7456,10.);
#2290=VECTOR('',#7457,10.);
#2291=VECTOR('',#7458,10.);
#2292=VECTOR('',#7461,10.);
#2293=VECTOR('',#7462,10.);
#2294=VECTOR('',#7463,10.);
#2295=VECTOR('',#7466,10.);
#2296=VECTOR('',#7467,10.);
#2297=VECTOR('',#7468,10.);
#2298=VECTOR('',#7471,10.);
#2299=VECTOR('',#7472,10.);
#2300=VECTOR('',#7473,10.);
#2301=VECTOR('',#7476,10.);
#2302=VECTOR('',#7477,10.);
#2303=VECTOR('',#7478,10.);
#2304=VECTOR('',#7481,10.);
#2305=VECTOR('',#7484,10.);
#2306=VECTOR('',#7485,10.);
#2307=VECTOR('',#7486,10.);
#2308=VECTOR('',#7487,10.);
#2309=VECTOR('',#7490,10.);
#2310=VECTOR('',#7491,10.);
#2311=VECTOR('',#7492,10.);
#2312=VECTOR('',#7495,10.);
#2313=VECTOR('',#7496,10.);
#2314=VECTOR('',#7497,10.);
#2315=VECTOR('',#7500,10.);
#2316=VECTOR('',#7501,10.);
#2317=VECTOR('',#7502,10.);
#2318=VECTOR('',#7505,10.);
#2319=VECTOR('',#7506,10.);
#2320=VECTOR('',#7507,10.);
#2321=VECTOR('',#7510,10.);
#2322=VECTOR('',#7511,10.);
#2323=VECTOR('',#7512,10.);
#2324=VECTOR('',#7515,10.);
#2325=VECTOR('',#7516,10.);
#2326=VECTOR('',#7517,10.);
#2327=VECTOR('',#7520,10.);
#2328=VECTOR('',#7523,10.);
#2329=VECTOR('',#7524,10.);
#2330=VECTOR('',#7525,10.);
#2331=VECTOR('',#7526,10.);
#2332=VECTOR('',#7529,10.);
#2333=VECTOR('',#7530,10.);
#2334=VECTOR('',#7531,10.);
#2335=VECTOR('',#7534,10.);
#2336=VECTOR('',#7535,10.);
#2337=VECTOR('',#7536,10.);
#2338=VECTOR('',#7539,10.);
#2339=VECTOR('',#7540,10.);
#2340=VECTOR('',#7541,10.);
#2341=VECTOR('',#7544,10.);
#2342=VECTOR('',#7545,10.);
#2343=VECTOR('',#7546,10.);
#2344=VECTOR('',#7549,10.);
#2345=VECTOR('',#7550,10.);
#2346=VECTOR('',#7551,10.);
#2347=VECTOR('',#7554,10.);
#2348=VECTOR('',#7555,10.);
#2349=VECTOR('',#7556,10.);
#2350=VECTOR('',#7559,10.);
#2351=VECTOR('',#7562,10.);
#2352=VECTOR('',#7563,10.);
#2353=VECTOR('',#7564,10.);
#2354=VECTOR('',#7565,10.);
#2355=VECTOR('',#7566,10.);
#2356=VECTOR('',#7569,10.);
#2357=VECTOR('',#7570,10.);
#2358=VECTOR('',#7571,10.);
#2359=VECTOR('',#7572,10.);
#2360=VECTOR('',#7573,10.);
#2361=VECTOR('',#7576,10.);
#2362=VECTOR('',#7577,10.);
#2363=VECTOR('',#7580,10.);
#2364=VECTOR('',#7581,10.);
#2365=VECTOR('',#7584,10.);
#2366=VECTOR('',#7585,10.);
#2367=VECTOR('',#7586,10.);
#2368=VECTOR('',#7589,10.);
#2369=VECTOR('',#7590,10.);
#2370=VECTOR('',#7591,10.);
#2371=VECTOR('',#7594,10.);
#2372=VECTOR('',#7595,10.);
#2373=VECTOR('',#7600,10.);
#2374=VECTOR('',#7601,10.);
#2375=VECTOR('',#7602,10.);
#2376=VECTOR('',#7603,10.);
#2377=VECTOR('',#7606,10.);
#2378=VECTOR('',#7607,10.);
#2379=VECTOR('',#7608,10.);
#2380=VECTOR('',#7611,10.);
#2381=VECTOR('',#7612,10.);
#2382=VECTOR('',#7613,10.);
#2383=VECTOR('',#7616,10.);
#2384=VECTOR('',#7617,10.);
#2385=VECTOR('',#7618,10.);
#2386=VECTOR('',#7623,10.);
#2387=VECTOR('',#7624,10.);
#2388=VECTOR('',#7625,10.);
#2389=VECTOR('',#7626,10.);
#2390=VECTOR('',#7629,10.);
#2391=VERTEX_POINT('',#7634);
#2392=VERTEX_POINT('',#7635);
#2393=VERTEX_POINT('',#7637);
#2394=VERTEX_POINT('',#7639);
#2395=VERTEX_POINT('',#7643);
#2396=VERTEX_POINT('',#7645);
#2397=VERTEX_POINT('',#7649);
#2398=VERTEX_POINT('',#7651);
#2399=VERTEX_POINT('',#7655);
#2400=VERTEX_POINT('',#7657);
#2401=VERTEX_POINT('',#7661);
#2402=VERTEX_POINT('',#7663);
#2403=VERTEX_POINT('',#7667);
#2404=VERTEX_POINT('',#7669);
#2405=VERTEX_POINT('',#7673);
#2406=VERTEX_POINT('',#7675);
#2407=VERTEX_POINT('',#7679);
#2408=VERTEX_POINT('',#7681);
#2409=VERTEX_POINT('',#7685);
#2410=VERTEX_POINT('',#7687);
#2411=VERTEX_POINT('',#7695);
#2412=VERTEX_POINT('',#7696);
#2413=VERTEX_POINT('',#7698);
#2414=VERTEX_POINT('',#7700);
#2415=VERTEX_POINT('',#7704);
#2416=VERTEX_POINT('',#7706);
#2417=VERTEX_POINT('',#7710);
#2418=VERTEX_POINT('',#7712);
#2419=VERTEX_POINT('',#7716);
#2420=VERTEX_POINT('',#7718);
#2421=VERTEX_POINT('',#7722);
#2422=VERTEX_POINT('',#7724);
#2423=VERTEX_POINT('',#7728);
#2424=VERTEX_POINT('',#7730);
#2425=VERTEX_POINT('',#7734);
#2426=VERTEX_POINT('',#7736);
#2427=VERTEX_POINT('',#7740);
#2428=VERTEX_POINT('',#7742);
#2429=VERTEX_POINT('',#7746);
#2430=VERTEX_POINT('',#7748);
#2431=VERTEX_POINT('',#7752);
#2432=VERTEX_POINT('',#7754);
#2433=VERTEX_POINT('',#7762);
#2434=VERTEX_POINT('',#7763);
#2435=VERTEX_POINT('',#7765);
#2436=VERTEX_POINT('',#7767);
#2437=VERTEX_POINT('',#7771);
#2438=VERTEX_POINT('',#7773);
#2439=VERTEX_POINT('',#7777);
#2440=VERTEX_POINT('',#7779);
#2441=VERTEX_POINT('',#7783);
#2442=VERTEX_POINT('',#7785);
#2443=VERTEX_POINT('',#7789);
#2444=VERTEX_POINT('',#7791);
#2445=VERTEX_POINT('',#7795);
#2446=VERTEX_POINT('',#7797);
#2447=VERTEX_POINT('',#7801);
#2448=VERTEX_POINT('',#7803);
#2449=VERTEX_POINT('',#7807);
#2450=VERTEX_POINT('',#7809);
#2451=VERTEX_POINT('',#7813);
#2452=VERTEX_POINT('',#7815);
#2453=VERTEX_POINT('',#7819);
#2454=VERTEX_POINT('',#7821);
#2455=VERTEX_POINT('',#7825);
#2456=VERTEX_POINT('',#7827);
#2457=VERTEX_POINT('',#7844);
#2458=VERTEX_POINT('',#7845);
#2459=VERTEX_POINT('',#7851);
#2460=VERTEX_POINT('',#7853);
#2461=VERTEX_POINT('',#7870);
#2462=VERTEX_POINT('',#7876);
#2463=VERTEX_POINT('',#7887);
#2464=VERTEX_POINT('',#7888);
#2465=VERTEX_POINT('',#7890);
#2466=VERTEX_POINT('',#7892);
#2467=VERTEX_POINT('',#7896);
#2468=VERTEX_POINT('',#7898);
#2469=VERTEX_POINT('',#7902);
#2470=VERTEX_POINT('',#7904);
#2471=VERTEX_POINT('',#7908);
#2472=VERTEX_POINT('',#7910);
#2473=VERTEX_POINT('',#7914);
#2474=VERTEX_POINT('',#7916);
#2475=VERTEX_POINT('',#7920);
#2476=VERTEX_POINT('',#7922);
#2477=VERTEX_POINT('',#7926);
#2478=VERTEX_POINT('',#7928);
#2479=VERTEX_POINT('',#7945);
#2480=VERTEX_POINT('',#7946);
#2481=VERTEX_POINT('',#7952);
#2482=VERTEX_POINT('',#7954);
#2483=VERTEX_POINT('',#7962);
#2484=VERTEX_POINT('',#7964);
#2485=VERTEX_POINT('',#7977);
#2486=VERTEX_POINT('',#7983);
#2487=VERTEX_POINT('',#8000);
#2488=VERTEX_POINT('',#8006);
#2489=VERTEX_POINT('',#8023);
#2490=VERTEX_POINT('',#8029);
#2491=VERTEX_POINT('',#8037);
#2492=VERTEX_POINT('',#8039);
#2493=VERTEX_POINT('',#8063);
#2494=VERTEX_POINT('',#8064);
#2495=VERTEX_POINT('',#8066);
#2496=VERTEX_POINT('',#8068);
#2497=VERTEX_POINT('',#8072);
#2498=VERTEX_POINT('',#8074);
#2499=VERTEX_POINT('',#8078);
#2500=VERTEX_POINT('',#8080);
#2501=VERTEX_POINT('',#8093);
#2502=VERTEX_POINT('',#8099);
#2503=VERTEX_POINT('',#8116);
#2504=VERTEX_POINT('',#8122);
#2505=VERTEX_POINT('',#8139);
#2506=VERTEX_POINT('',#8145);
#2507=VERTEX_POINT('',#8153);
#2508=VERTEX_POINT('',#8155);
#2509=VERTEX_POINT('',#8168);
#2510=VERTEX_POINT('',#8174);
#2511=VERTEX_POINT('',#8191);
#2512=VERTEX_POINT('',#8197);
#2513=VERTEX_POINT('',#8214);
#2514=VERTEX_POINT('',#8220);
#2515=VERTEX_POINT('',#8237);
#2516=VERTEX_POINT('',#8243);
#2517=VERTEX_POINT('',#8251);
#2518=VERTEX_POINT('',#8253);
#2519=VERTEX_POINT('',#8261);
#2520=VERTEX_POINT('',#8262);
#2521=VERTEX_POINT('',#8264);
#2522=VERTEX_POINT('',#8266);
#2523=VERTEX_POINT('',#8279);
#2524=VERTEX_POINT('',#8285);
#2525=VERTEX_POINT('',#8302);
#2526=VERTEX_POINT('',#8308);
#2527=VERTEX_POINT('',#8325);
#2528=VERTEX_POINT('',#8331);
#2529=VERTEX_POINT('',#8348);
#2530=VERTEX_POINT('',#8354);
#2531=VERTEX_POINT('',#8362);
#2532=VERTEX_POINT('',#8364);
#2533=VERTEX_POINT('',#8368);
#2534=VERTEX_POINT('',#8370);
#2535=VERTEX_POINT('',#8374);
#2536=VERTEX_POINT('',#8376);
#2537=VERTEX_POINT('',#8389);
#2538=VERTEX_POINT('',#8395);
#2539=VERTEX_POINT('',#8412);
#2540=VERTEX_POINT('',#8418);
#2541=VERTEX_POINT('',#8435);
#2542=VERTEX_POINT('',#8441);
#2543=VERTEX_POINT('',#8458);
#2544=VERTEX_POINT('',#8464);
#2545=VERTEX_POINT('',#8481);
#2546=VERTEX_POINT('',#8487);
#2547=VERTEX_POINT('',#8504);
#2548=VERTEX_POINT('',#8510);
#2549=VERTEX_POINT('',#8527);
#2550=VERTEX_POINT('',#8533);
#2551=VERTEX_POINT('',#8550);
#2552=VERTEX_POINT('',#8556);
#2553=VERTEX_POINT('',#8564);
#2554=VERTEX_POINT('',#8566);
#2555=VERTEX_POINT('',#8574);
#2556=VERTEX_POINT('',#8575);
#2557=VERTEX_POINT('',#8577);
#2558=VERTEX_POINT('',#8579);
#2559=VERTEX_POINT('',#8583);
#2560=VERTEX_POINT('',#8585);
#2561=VERTEX_POINT('',#8598);
#2562=VERTEX_POINT('',#8604);
#2563=VERTEX_POINT('',#8612);
#2564=VERTEX_POINT('',#8614);
#2565=VERTEX_POINT('',#8618);
#2566=VERTEX_POINT('',#8620);
#2567=VERTEX_POINT('',#8624);
#2568=VERTEX_POINT('',#8626);
#2569=VERTEX_POINT('',#8630);
#2570=VERTEX_POINT('',#8632);
#2571=VERTEX_POINT('',#8636);
#2572=VERTEX_POINT('',#8638);
#2573=VERTEX_POINT('',#8642);
#2574=VERTEX_POINT('',#8644);
#2575=VERTEX_POINT('',#8648);
#2576=VERTEX_POINT('',#8650);
#2577=VERTEX_POINT('',#8654);
#2578=VERTEX_POINT('',#8656);
#2579=VERTEX_POINT('',#8660);
#2580=VERTEX_POINT('',#8662);
#2581=VERTEX_POINT('',#8666);
#2582=VERTEX_POINT('',#8668);
#2583=VERTEX_POINT('',#8676);
#2584=VERTEX_POINT('',#8677);
#2585=VERTEX_POINT('',#8679);
#2586=VERTEX_POINT('',#8681);
#2587=VERTEX_POINT('',#8685);
#2588=VERTEX_POINT('',#8687);
#2589=VERTEX_POINT('',#8691);
#2590=VERTEX_POINT('',#8693);
#2591=VERTEX_POINT('',#8697);
#2592=VERTEX_POINT('',#8699);
#2593=VERTEX_POINT('',#8703);
#2594=VERTEX_POINT('',#8705);
#2595=VERTEX_POINT('',#8713);
#2596=VERTEX_POINT('',#8714);
#2597=VERTEX_POINT('',#8716);
#2598=VERTEX_POINT('',#8718);
#2599=VERTEX_POINT('',#8722);
#2600=VERTEX_POINT('',#8724);
#2601=VERTEX_POINT('',#8728);
#2602=VERTEX_POINT('',#8730);
#2603=VERTEX_POINT('',#8734);
#2604=VERTEX_POINT('',#8736);
#2605=VERTEX_POINT('',#8740);
#2606=VERTEX_POINT('',#8742);
#2607=VERTEX_POINT('',#8746);
#2608=VERTEX_POINT('',#8748);
#2609=VERTEX_POINT('',#8752);
#2610=VERTEX_POINT('',#8754);
#2611=VERTEX_POINT('',#8758);
#2612=VERTEX_POINT('',#8760);
#2613=VERTEX_POINT('',#8764);
#2614=VERTEX_POINT('',#8766);
#2615=VERTEX_POINT('',#8770);
#2616=VERTEX_POINT('',#8772);
#2617=VERTEX_POINT('',#8780);
#2618=VERTEX_POINT('',#8781);
#2619=VERTEX_POINT('',#8783);
#2620=VERTEX_POINT('',#8785);
#2621=VERTEX_POINT('',#8789);
#2622=VERTEX_POINT('',#8791);
#2623=VERTEX_POINT('',#8795);
#2624=VERTEX_POINT('',#8797);
#2625=VERTEX_POINT('',#8801);
#2626=VERTEX_POINT('',#8803);
#2627=VERTEX_POINT('',#8807);
#2628=VERTEX_POINT('',#8809);
#2629=VERTEX_POINT('',#8813);
#2630=VERTEX_POINT('',#8815);
#2631=VERTEX_POINT('',#8819);
#2632=VERTEX_POINT('',#8821);
#2633=VERTEX_POINT('',#8825);
#2634=VERTEX_POINT('',#8827);
#2635=VERTEX_POINT('',#8831);
#2636=VERTEX_POINT('',#8833);
#2637=VERTEX_POINT('',#8850);
#2638=VERTEX_POINT('',#8851);
#2639=VERTEX_POINT('',#8857);
#2640=VERTEX_POINT('',#8859);
#2641=VERTEX_POINT('',#8876);
#2642=VERTEX_POINT('',#8882);
#2643=VERTEX_POINT('',#8899);
#2644=VERTEX_POINT('',#8905);
#2645=VERTEX_POINT('',#8922);
#2646=VERTEX_POINT('',#8928);
#2647=VERTEX_POINT('',#8945);
#2648=VERTEX_POINT('',#8951);
#2649=VERTEX_POINT('',#8968);
#2650=VERTEX_POINT('',#8974);
#2651=VERTEX_POINT('',#8991);
#2652=VERTEX_POINT('',#8997);
#2653=VERTEX_POINT('',#9014);
#2654=VERTEX_POINT('',#9020);
#2655=VERTEX_POINT('',#9037);
#2656=VERTEX_POINT('',#9043);
#2657=VERTEX_POINT('',#9060);
#2658=VERTEX_POINT('',#9066);
#2659=VERTEX_POINT('',#9083);
#2660=VERTEX_POINT('',#9089);
#2661=VERTEX_POINT('',#9106);
#2662=VERTEX_POINT('',#9112);
#2663=VERTEX_POINT('',#9129);
#2664=VERTEX_POINT('',#9135);
#2665=VERTEX_POINT('',#9152);
#2666=VERTEX_POINT('',#9158);
#2667=VERTEX_POINT('',#9175);
#2668=VERTEX_POINT('',#9181);
#2669=VERTEX_POINT('',#9189);
#2670=VERTEX_POINT('',#9191);
#2671=VERTEX_POINT('',#9195);
#2672=VERTEX_POINT('',#9197);
#2673=VERTEX_POINT('',#9201);
#2674=VERTEX_POINT('',#9203);
#2675=VERTEX_POINT('',#9216);
#2676=VERTEX_POINT('',#9222);
#2677=VERTEX_POINT('',#9239);
#2678=VERTEX_POINT('',#9245);
#2679=VERTEX_POINT('',#9262);
#2680=VERTEX_POINT('',#9268);
#2681=VERTEX_POINT('',#9285);
#2682=VERTEX_POINT('',#9291);
#2683=VERTEX_POINT('',#9308);
#2684=VERTEX_POINT('',#9314);
#2685=VERTEX_POINT('',#9331);
#2686=VERTEX_POINT('',#9337);
#2687=VERTEX_POINT('',#9354);
#2688=VERTEX_POINT('',#9360);
#2689=VERTEX_POINT('',#9377);
#2690=VERTEX_POINT('',#9383);
#2691=VERTEX_POINT('',#9400);
#2692=VERTEX_POINT('',#9406);
#2693=VERTEX_POINT('',#9423);
#2694=VERTEX_POINT('',#9429);
#2695=VERTEX_POINT('',#9446);
#2696=VERTEX_POINT('',#9452);
#2697=VERTEX_POINT('',#9469);
#2698=VERTEX_POINT('',#9475);
#2699=VERTEX_POINT('',#9492);
#2700=VERTEX_POINT('',#9498);
#2701=VERTEX_POINT('',#9515);
#2702=VERTEX_POINT('',#9521);
#2703=VERTEX_POINT('',#9529);
#2704=VERTEX_POINT('',#9531);
#2705=VERTEX_POINT('',#9535);
#2706=VERTEX_POINT('',#9537);
#2707=VERTEX_POINT('',#9554);
#2708=VERTEX_POINT('',#9555);
#2709=VERTEX_POINT('',#9561);
#2710=VERTEX_POINT('',#9563);
#2711=VERTEX_POINT('',#9580);
#2712=VERTEX_POINT('',#9586);
#2713=VERTEX_POINT('',#9603);
#2714=VERTEX_POINT('',#9609);
#2715=VERTEX_POINT('',#9626);
#2716=VERTEX_POINT('',#9632);
#2717=VERTEX_POINT('',#9649);
#2718=VERTEX_POINT('',#9655);
#2719=VERTEX_POINT('',#9672);
#2720=VERTEX_POINT('',#9678);
#2721=VERTEX_POINT('',#9695);
#2722=VERTEX_POINT('',#9701);
#2723=VERTEX_POINT('',#9709);
#2724=VERTEX_POINT('',#9711);
#2725=VERTEX_POINT('',#9724);
#2726=VERTEX_POINT('',#9730);
#2727=VERTEX_POINT('',#9747);
#2728=VERTEX_POINT('',#9753);
#2729=VERTEX_POINT('',#9770);
#2730=VERTEX_POINT('',#9776);
#2731=VERTEX_POINT('',#9793);
#2732=VERTEX_POINT('',#9799);
#2733=VERTEX_POINT('',#9816);
#2734=VERTEX_POINT('',#9822);
#2735=VERTEX_POINT('',#9839);
#2736=VERTEX_POINT('',#9845);
#2737=VERTEX_POINT('',#9853);
#2738=VERTEX_POINT('',#9855);
#2739=VERTEX_POINT('',#9859);
#2740=VERTEX_POINT('',#9861);
#2741=VERTEX_POINT('',#9865);
#2742=VERTEX_POINT('',#9867);
#2743=VERTEX_POINT('',#9880);
#2744=VERTEX_POINT('',#9886);
#2745=VERTEX_POINT('',#9903);
#2746=VERTEX_POINT('',#9909);
#2747=VERTEX_POINT('',#9926);
#2748=VERTEX_POINT('',#9932);
#2749=VERTEX_POINT('',#9949);
#2750=VERTEX_POINT('',#9955);
#2751=VERTEX_POINT('',#9963);
#2752=VERTEX_POINT('',#9965);
#2753=VERTEX_POINT('',#9978);
#2754=VERTEX_POINT('',#9984);
#2755=VERTEX_POINT('',#10001);
#2756=VERTEX_POINT('',#10007);
#2757=VERTEX_POINT('',#10024);
#2758=VERTEX_POINT('',#10030);
#2759=VERTEX_POINT('',#10047);
#2760=VERTEX_POINT('',#10053);
#2761=VERTEX_POINT('',#10061);
#2762=VERTEX_POINT('',#10063);
#2763=VERTEX_POINT('',#10067);
#2764=VERTEX_POINT('',#10069);
#2765=VERTEX_POINT('',#10086);
#2766=VERTEX_POINT('',#10087);
#2767=VERTEX_POINT('',#10093);
#2768=VERTEX_POINT('',#10095);
#2769=VERTEX_POINT('',#10112);
#2770=VERTEX_POINT('',#10118);
#2771=VERTEX_POINT('',#10126);
#2772=VERTEX_POINT('',#10128);
#2773=VERTEX_POINT('',#10132);
#2774=VERTEX_POINT('',#10134);
#2775=VERTEX_POINT('',#10138);
#2776=VERTEX_POINT('',#10140);
#2777=VERTEX_POINT('',#10144);
#2778=VERTEX_POINT('',#10146);
#2779=VERTEX_POINT('',#10150);
#2780=VERTEX_POINT('',#10152);
#2781=VERTEX_POINT('',#10156);
#2782=VERTEX_POINT('',#10158);
#2783=VERTEX_POINT('',#10166);
#2784=VERTEX_POINT('',#10167);
#2785=VERTEX_POINT('',#10169);
#2786=VERTEX_POINT('',#10171);
#2787=VERTEX_POINT('',#10175);
#2788=VERTEX_POINT('',#10177);
#2789=VERTEX_POINT('',#10181);
#2790=VERTEX_POINT('',#10183);
#2791=VERTEX_POINT('',#10200);
#2792=VERTEX_POINT('',#10201);
#2793=VERTEX_POINT('',#10207);
#2794=VERTEX_POINT('',#10209);
#2795=VERTEX_POINT('',#10217);
#2796=VERTEX_POINT('',#10219);
#2797=VERTEX_POINT('',#10232);
#2798=VERTEX_POINT('',#10238);
#2799=VERTEX_POINT('',#10246);
#2800=VERTEX_POINT('',#10248);
#2801=VERTEX_POINT('',#10261);
#2802=VERTEX_POINT('',#10267);
#2803=VERTEX_POINT('',#10275);
#2804=VERTEX_POINT('',#10277);
#2805=VERTEX_POINT('',#10281);
#2806=VERTEX_POINT('',#10283);
#2807=VERTEX_POINT('',#10287);
#2808=VERTEX_POINT('',#10289);
#2809=VERTEX_POINT('',#10293);
#2810=VERTEX_POINT('',#10295);
#2811=VERTEX_POINT('',#10299);
#2812=VERTEX_POINT('',#10301);
#2813=VERTEX_POINT('',#10314);
#2814=VERTEX_POINT('',#10320);
#2815=VERTEX_POINT('',#10337);
#2816=VERTEX_POINT('',#10343);
#2817=VERTEX_POINT('',#10351);
#2818=VERTEX_POINT('',#10353);
#2819=VERTEX_POINT('',#10357);
#2820=VERTEX_POINT('',#10359);
#2821=VERTEX_POINT('',#10369);
#2822=VERTEX_POINT('',#10370);
#2823=VERTEX_POINT('',#10372);
#2824=VERTEX_POINT('',#10374);
#2825=VERTEX_POINT('',#10378);
#2826=VERTEX_POINT('',#10380);
#2827=VERTEX_POINT('',#10384);
#2828=VERTEX_POINT('',#10386);
#2829=VERTEX_POINT('',#10393);
#2830=VERTEX_POINT('',#10394);
#2831=VERTEX_POINT('',#10396);
#2832=VERTEX_POINT('',#10398);
#2833=VERTEX_POINT('',#10401);
#2834=VERTEX_POINT('',#10402);
#2835=VERTEX_POINT('',#10404);
#2836=VERTEX_POINT('',#10406);
#2837=VERTEX_POINT('',#10409);
#2838=VERTEX_POINT('',#10410);
#2839=VERTEX_POINT('',#10412);
#2840=VERTEX_POINT('',#10414);
#2841=VERTEX_POINT('',#10417);
#2842=VERTEX_POINT('',#10418);
#2843=VERTEX_POINT('',#10420);
#2844=VERTEX_POINT('',#10422);
#2845=VERTEX_POINT('',#10426);
#2846=VERTEX_POINT('',#10428);
#2847=VERTEX_POINT('',#10432);
#2848=VERTEX_POINT('',#10436);
#2849=VERTEX_POINT('',#10442);
#2850=VERTEX_POINT('',#10444);
#2851=VERTEX_POINT('',#10448);
#2852=VERTEX_POINT('',#10452);
#2853=VERTEX_POINT('',#10458);
#2854=VERTEX_POINT('',#10460);
#2855=VERTEX_POINT('',#10464);
#2856=VERTEX_POINT('',#10468);
#2857=VERTEX_POINT('',#10474);
#2858=VERTEX_POINT('',#10476);
#2859=VERTEX_POINT('',#10480);
#2860=VERTEX_POINT('',#10484);
#2861=VERTEX_POINT('',#10490);
#2862=VERTEX_POINT('',#10492);
#2863=VERTEX_POINT('',#10496);
#2864=VERTEX_POINT('',#10498);
#2865=VERTEX_POINT('',#10502);
#2866=VERTEX_POINT('',#10504);
#2867=VERTEX_POINT('',#10508);
#2868=VERTEX_POINT('',#10510);
#2869=VERTEX_POINT('',#10514);
#2870=VERTEX_POINT('',#10515);
#2871=VERTEX_POINT('',#10517);
#2872=VERTEX_POINT('',#10519);
#2873=VERTEX_POINT('',#10523);
#2874=VERTEX_POINT('',#10525);
#2875=VERTEX_POINT('',#10529);
#2876=VERTEX_POINT('',#10531);
#2877=VERTEX_POINT('',#10533);
#2878=VERTEX_POINT('',#10535);
#2879=VERTEX_POINT('',#10537);
#2880=VERTEX_POINT('',#10539);
#2881=VERTEX_POINT('',#10541);
#2882=VERTEX_POINT('',#10543);
#2883=VERTEX_POINT('',#10545);
#2884=VERTEX_POINT('',#10547);
#2885=VERTEX_POINT('',#10549);
#2886=VERTEX_POINT('',#10551);
#2887=VERTEX_POINT('',#10553);
#2888=VERTEX_POINT('',#10557);
#2889=VERTEX_POINT('',#10561);
#2890=VERTEX_POINT('',#10565);
#2891=VERTEX_POINT('',#10569);
#2892=VERTEX_POINT('',#10573);
#2893=VERTEX_POINT('',#10577);
#2894=VERTEX_POINT('',#10579);
#2895=VERTEX_POINT('',#10583);
#2896=VERTEX_POINT('',#10587);
#2897=VERTEX_POINT('',#10588);
#2898=VERTEX_POINT('',#10590);
#2899=VERTEX_POINT('',#10592);
#2900=VERTEX_POINT('',#10596);
#2901=VERTEX_POINT('',#10598);
#2902=VERTEX_POINT('',#10602);
#2903=VERTEX_POINT('',#10604);
#2904=VERTEX_POINT('',#10608);
#2905=VERTEX_POINT('',#10610);
#2906=VERTEX_POINT('',#10614);
#2907=VERTEX_POINT('',#10616);
#2908=VERTEX_POINT('',#10620);
#2909=VERTEX_POINT('',#10622);
#2910=VERTEX_POINT('',#10626);
#2911=VERTEX_POINT('',#10628);
#2912=VERTEX_POINT('',#10634);
#2913=VERTEX_POINT('',#10635);
#2914=VERTEX_POINT('',#10637);
#2915=VERTEX_POINT('',#10639);
#2916=VERTEX_POINT('',#10643);
#2917=VERTEX_POINT('',#10645);
#2918=VERTEX_POINT('',#10649);
#2919=VERTEX_POINT('',#10651);
#2920=VERTEX_POINT('',#10655);
#2921=VERTEX_POINT('',#10657);
#2922=VERTEX_POINT('',#10661);
#2923=VERTEX_POINT('',#10663);
#2924=VERTEX_POINT('',#10667);
#2925=VERTEX_POINT('',#10669);
#2926=VERTEX_POINT('',#10673);
#2927=VERTEX_POINT('',#10675);
#2928=VERTEX_POINT('',#10681);
#2929=VERTEX_POINT('',#10682);
#2930=VERTEX_POINT('',#10684);
#2931=VERTEX_POINT('',#10686);
#2932=VERTEX_POINT('',#10690);
#2933=VERTEX_POINT('',#10692);
#2934=VERTEX_POINT('',#10696);
#2935=VERTEX_POINT('',#10698);
#2936=VERTEX_POINT('',#10702);
#2937=VERTEX_POINT('',#10704);
#2938=VERTEX_POINT('',#10708);
#2939=VERTEX_POINT('',#10710);
#2940=VERTEX_POINT('',#10714);
#2941=VERTEX_POINT('',#10716);
#2942=VERTEX_POINT('',#10720);
#2943=VERTEX_POINT('',#10722);
#2944=VERTEX_POINT('',#10728);
#2945=VERTEX_POINT('',#10729);
#2946=VERTEX_POINT('',#10731);
#2947=VERTEX_POINT('',#10733);
#2948=VERTEX_POINT('',#10737);
#2949=VERTEX_POINT('',#10739);
#2950=VERTEX_POINT('',#10743);
#2951=VERTEX_POINT('',#10745);
#2952=VERTEX_POINT('',#10749);
#2953=VERTEX_POINT('',#10751);
#2954=VERTEX_POINT('',#10755);
#2955=VERTEX_POINT('',#10757);
#2956=VERTEX_POINT('',#10761);
#2957=VERTEX_POINT('',#10763);
#2958=VERTEX_POINT('',#10767);
#2959=VERTEX_POINT('',#10769);
#2960=VERTEX_POINT('',#10775);
#2961=VERTEX_POINT('',#10778);
#2962=VERTEX_POINT('',#10783);
#2963=VERTEX_POINT('',#10784);
#2964=VERTEX_POINT('',#10786);
#2965=VERTEX_POINT('',#10788);
#2966=VERTEX_POINT('',#10793);
#2967=VERTEX_POINT('',#10797);
#2968=VERTEX_POINT('',#10801);
#2969=VERTEX_POINT('',#10803);
#2970=VERTEX_POINT('',#10807);
#2971=VERTEX_POINT('',#10809);
#2972=VERTEX_POINT('',#10817);
#2973=VERTEX_POINT('',#10818);
#2974=VERTEX_POINT('',#10820);
#2975=VERTEX_POINT('',#10822);
#2976=VERTEX_POINT('',#10826);
#2977=VERTEX_POINT('',#10828);
#2978=VERTEX_POINT('',#10832);
#2979=VERTEX_POINT('',#10834);
#2980=VERTEX_POINT('',#10845);
#2981=EDGE_CURVE('',#2391,#2392,#989,.T.);
#2982=EDGE_CURVE('',#2391,#2393,#990,.T.);
#2983=EDGE_CURVE('',#2393,#2394,#991,.T.);
#2984=EDGE_CURVE('',#2392,#2394,#992,.T.);
#2985=EDGE_CURVE('',#2395,#2391,#993,.T.);
#2986=EDGE_CURVE('',#2395,#2396,#994,.T.);
#2987=EDGE_CURVE('',#2396,#2393,#995,.T.);
#2988=EDGE_CURVE('',#2397,#2395,#996,.T.);
#2989=EDGE_CURVE('',#2397,#2398,#997,.T.);
#2990=EDGE_CURVE('',#2398,#2396,#998,.T.);
#2991=EDGE_CURVE('',#2399,#2397,#999,.T.);
#2992=EDGE_CURVE('',#2399,#2400,#1000,.T.);
#2993=EDGE_CURVE('',#2400,#2398,#1001,.T.);
#2994=EDGE_CURVE('',#2401,#2399,#1002,.T.);
#2995=EDGE_CURVE('',#2401,#2402,#1003,.T.);
#2996=EDGE_CURVE('',#2402,#2400,#1004,.T.);
#2997=EDGE_CURVE('',#2403,#2401,#1005,.T.);
#2998=EDGE_CURVE('',#2403,#2404,#1006,.T.);
#2999=EDGE_CURVE('',#2404,#2402,#1007,.T.);
#3000=EDGE_CURVE('',#2405,#2403,#1008,.T.);
#3001=EDGE_CURVE('',#2405,#2406,#1009,.T.);
#3002=EDGE_CURVE('',#2406,#2404,#1010,.T.);
#3003=EDGE_CURVE('',#2407,#2405,#1011,.T.);
#3004=EDGE_CURVE('',#2407,#2408,#1012,.T.);
#3005=EDGE_CURVE('',#2408,#2406,#1013,.T.);
#3006=EDGE_CURVE('',#2409,#2407,#1014,.T.);
#3007=EDGE_CURVE('',#2409,#2410,#1015,.T.);
#3008=EDGE_CURVE('',#2410,#2408,#1016,.T.);
#3009=EDGE_CURVE('',#2392,#2409,#1017,.T.);
#3010=EDGE_CURVE('',#2394,#2410,#1018,.T.);
#3011=EDGE_CURVE('',#2411,#2412,#1019,.T.);
#3012=EDGE_CURVE('',#2411,#2413,#1020,.T.);
#3013=EDGE_CURVE('',#2413,#2414,#1021,.T.);
#3014=EDGE_CURVE('',#2412,#2414,#1022,.T.);
#3015=EDGE_CURVE('',#2415,#2411,#1023,.T.);
#3016=EDGE_CURVE('',#2415,#2416,#1024,.T.);
#3017=EDGE_CURVE('',#2416,#2413,#1025,.T.);
#3018=EDGE_CURVE('',#2417,#2415,#1026,.T.);
#3019=EDGE_CURVE('',#2417,#2418,#1027,.T.);
#3020=EDGE_CURVE('',#2418,#2416,#1028,.T.);
#3021=EDGE_CURVE('',#2419,#2417,#1029,.T.);
#3022=EDGE_CURVE('',#2419,#2420,#1030,.T.);
#3023=EDGE_CURVE('',#2420,#2418,#1031,.T.);
#3024=EDGE_CURVE('',#2421,#2419,#1032,.T.);
#3025=EDGE_CURVE('',#2421,#2422,#1033,.T.);
#3026=EDGE_CURVE('',#2422,#2420,#1034,.T.);
#3027=EDGE_CURVE('',#2423,#2421,#1035,.T.);
#3028=EDGE_CURVE('',#2423,#2424,#1036,.T.);
#3029=EDGE_CURVE('',#2424,#2422,#1037,.T.);
#3030=EDGE_CURVE('',#2425,#2423,#1038,.T.);
#3031=EDGE_CURVE('',#2425,#2426,#1039,.T.);
#3032=EDGE_CURVE('',#2426,#2424,#1040,.T.);
#3033=EDGE_CURVE('',#2427,#2425,#1041,.T.);
#3034=EDGE_CURVE('',#2427,#2428,#1042,.T.);
#3035=EDGE_CURVE('',#2428,#2426,#1043,.T.);
#3036=EDGE_CURVE('',#2429,#2427,#1044,.T.);
#3037=EDGE_CURVE('',#2429,#2430,#1045,.T.);
#3038=EDGE_CURVE('',#2430,#2428,#1046,.T.);
#3039=EDGE_CURVE('',#2431,#2429,#1047,.T.);
#3040=EDGE_CURVE('',#2431,#2432,#1048,.T.);
#3041=EDGE_CURVE('',#2432,#2430,#1049,.T.);
#3042=EDGE_CURVE('',#2412,#2431,#1050,.T.);
#3043=EDGE_CURVE('',#2414,#2432,#1051,.T.);
#3044=EDGE_CURVE('',#2433,#2434,#1052,.T.);
#3045=EDGE_CURVE('',#2433,#2435,#1053,.T.);
#3046=EDGE_CURVE('',#2435,#2436,#1054,.T.);
#3047=EDGE_CURVE('',#2434,#2436,#1055,.T.);
#3048=EDGE_CURVE('',#2437,#2433,#1056,.T.);
#3049=EDGE_CURVE('',#2437,#2438,#1057,.T.);
#3050=EDGE_CURVE('',#2438,#2435,#1058,.T.);
#3051=EDGE_CURVE('',#2439,#2437,#1059,.T.);
#3052=EDGE_CURVE('',#2439,#2440,#1060,.T.);
#3053=EDGE_CURVE('',#2440,#2438,#1061,.T.);
#3054=EDGE_CURVE('',#2441,#2439,#1062,.T.);
#3055=EDGE_CURVE('',#2441,#2442,#1063,.T.);
#3056=EDGE_CURVE('',#2442,#2440,#1064,.T.);
#3057=EDGE_CURVE('',#2443,#2441,#1065,.T.);
#3058=EDGE_CURVE('',#2443,#2444,#1066,.T.);
#3059=EDGE_CURVE('',#2444,#2442,#1067,.T.);
#3060=EDGE_CURVE('',#2445,#2443,#1068,.T.);
#3061=EDGE_CURVE('',#2445,#2446,#1069,.T.);
#3062=EDGE_CURVE('',#2446,#2444,#1070,.T.);
#3063=EDGE_CURVE('',#2447,#2445,#1071,.T.);
#3064=EDGE_CURVE('',#2447,#2448,#1072,.T.);
#3065=EDGE_CURVE('',#2448,#2446,#1073,.T.);
#3066=EDGE_CURVE('',#2449,#2447,#1074,.T.);
#3067=EDGE_CURVE('',#2449,#2450,#1075,.T.);
#3068=EDGE_CURVE('',#2450,#2448,#1076,.T.);
#3069=EDGE_CURVE('',#2451,#2449,#1077,.T.);
#3070=EDGE_CURVE('',#2451,#2452,#1078,.T.);
#3071=EDGE_CURVE('',#2452,#2450,#1079,.T.);
#3072=EDGE_CURVE('',#2453,#2451,#1080,.T.);
#3073=EDGE_CURVE('',#2453,#2454,#1081,.T.);
#3074=EDGE_CURVE('',#2454,#2452,#1082,.T.);
#3075=EDGE_CURVE('',#2455,#2453,#1083,.T.);
#3076=EDGE_CURVE('',#2455,#2456,#1084,.T.);
#3077=EDGE_CURVE('',#2456,#2454,#1085,.T.);
#3078=EDGE_CURVE('',#2434,#2455,#1086,.T.);
#3079=EDGE_CURVE('',#2436,#2456,#1087,.T.);
#3080=EDGE_CURVE('',#2457,#2458,#73,.T.);
#3081=EDGE_CURVE('',#2457,#2459,#1088,.T.);
#3082=EDGE_CURVE('',#2459,#2460,#74,.T.);
#3083=EDGE_CURVE('',#2458,#2460,#1089,.T.);
#3084=EDGE_CURVE('',#2461,#2457,#75,.T.);
#3085=EDGE_CURVE('',#2461,#2462,#1090,.T.);
#3086=EDGE_CURVE('',#2462,#2459,#76,.T.);
#3087=EDGE_CURVE('',#2458,#2461,#1091,.T.);
#3088=EDGE_CURVE('',#2460,#2462,#1092,.T.);
#3089=EDGE_CURVE('',#2463,#2464,#1093,.T.);
#3090=EDGE_CURVE('',#2463,#2465,#1094,.T.);
#3091=EDGE_CURVE('',#2465,#2466,#1095,.T.);
#3092=EDGE_CURVE('',#2464,#2466,#1096,.T.);
#3093=EDGE_CURVE('',#2467,#2463,#1097,.T.);
#3094=EDGE_CURVE('',#2467,#2468,#1098,.T.);
#3095=EDGE_CURVE('',#2468,#2465,#1099,.T.);
#3096=EDGE_CURVE('',#2469,#2467,#1100,.T.);
#3097=EDGE_CURVE('',#2469,#2470,#1101,.T.);
#3098=EDGE_CURVE('',#2470,#2468,#1102,.T.);
#3099=EDGE_CURVE('',#2471,#2469,#1103,.T.);
#3100=EDGE_CURVE('',#2471,#2472,#1104,.T.);
#3101=EDGE_CURVE('',#2472,#2470,#1105,.T.);
#3102=EDGE_CURVE('',#2473,#2471,#1106,.T.);
#3103=EDGE_CURVE('',#2473,#2474,#1107,.T.);
#3104=EDGE_CURVE('',#2474,#2472,#1108,.T.);
#3105=EDGE_CURVE('',#2475,#2473,#1109,.T.);
#3106=EDGE_CURVE('',#2475,#2476,#1110,.T.);
#3107=EDGE_CURVE('',#2476,#2474,#1111,.T.);
#3108=EDGE_CURVE('',#2477,#2475,#1112,.T.);
#3109=EDGE_CURVE('',#2477,#2478,#1113,.T.);
#3110=EDGE_CURVE('',#2478,#2476,#1114,.T.);
#3111=EDGE_CURVE('',#2464,#2477,#1115,.T.);
#3112=EDGE_CURVE('',#2466,#2478,#1116,.T.);
#3113=EDGE_CURVE('',#2479,#2480,#77,.T.);
#3114=EDGE_CURVE('',#2479,#2481,#1117,.T.);
#3115=EDGE_CURVE('',#2481,#2482,#78,.T.);
#3116=EDGE_CURVE('',#2480,#2482,#1118,.T.);
#3117=EDGE_CURVE('',#2483,#2479,#1119,.T.);
#3118=EDGE_CURVE('',#2483,#2484,#1120,.T.);
#3119=EDGE_CURVE('',#2484,#2481,#1121,.T.);
#3120=EDGE_CURVE('',#2485,#2483,#79,.T.);
#3121=EDGE_CURVE('',#2485,#2486,#1122,.T.);
#3122=EDGE_CURVE('',#2486,#2484,#80,.T.);
#3123=EDGE_CURVE('',#2487,#2485,#81,.T.);
#3124=EDGE_CURVE('',#2487,#2488,#1123,.T.);
#3125=EDGE_CURVE('',#2488,#2486,#82,.T.);
#3126=EDGE_CURVE('',#2489,#2487,#83,.T.);
#3127=EDGE_CURVE('',#2489,#2490,#1124,.T.);
#3128=EDGE_CURVE('',#2490,#2488,#84,.T.);
#3129=EDGE_CURVE('',#2491,#2489,#1125,.T.);
#3130=EDGE_CURVE('',#2491,#2492,#1126,.T.);
#3131=EDGE_CURVE('',#2492,#2490,#1127,.T.);
#3132=EDGE_CURVE('',#2480,#2491,#85,.T.);
#3133=EDGE_CURVE('',#2482,#2492,#86,.T.);
#3134=EDGE_CURVE('',#2493,#2494,#1128,.T.);
#3135=EDGE_CURVE('',#2493,#2495,#1129,.T.);
#3136=EDGE_CURVE('',#2495,#2496,#1130,.T.);
#3137=EDGE_CURVE('',#2494,#2496,#1131,.T.);
#3138=EDGE_CURVE('',#2497,#2493,#1132,.T.);
#3139=EDGE_CURVE('',#2497,#2498,#1133,.T.);
#3140=EDGE_CURVE('',#2498,#2495,#1134,.T.);
#3141=EDGE_CURVE('',#2499,#2497,#1135,.T.);
#3142=EDGE_CURVE('',#2499,#2500,#1136,.T.);
#3143=EDGE_CURVE('',#2500,#2498,#1137,.T.);
#3144=EDGE_CURVE('',#2501,#2499,#87,.T.);
#3145=EDGE_CURVE('',#2501,#2502,#1138,.T.);
#3146=EDGE_CURVE('',#2502,#2500,#88,.T.);
#3147=EDGE_CURVE('',#2503,#2501,#89,.T.);
#3148=EDGE_CURVE('',#2503,#2504,#1139,.T.);
#3149=EDGE_CURVE('',#2504,#2502,#90,.T.);
#3150=EDGE_CURVE('',#2505,#2503,#91,.T.);
#3151=EDGE_CURVE('',#2505,#2506,#1140,.T.);
#3152=EDGE_CURVE('',#2506,#2504,#92,.T.);
#3153=EDGE_CURVE('',#2507,#2505,#1141,.T.);
#3154=EDGE_CURVE('',#2507,#2508,#1142,.T.);
#3155=EDGE_CURVE('',#2508,#2506,#1143,.T.);
#3156=EDGE_CURVE('',#2509,#2507,#93,.T.);
#3157=EDGE_CURVE('',#2509,#2510,#1144,.T.);
#3158=EDGE_CURVE('',#2510,#2508,#94,.T.);
#3159=EDGE_CURVE('',#2511,#2509,#95,.T.);
#3160=EDGE_CURVE('',#2511,#2512,#1145,.T.);
#3161=EDGE_CURVE('',#2512,#2510,#96,.T.);
#3162=EDGE_CURVE('',#2513,#2511,#97,.T.);
#3163=EDGE_CURVE('',#2513,#2514,#1146,.T.);
#3164=EDGE_CURVE('',#2514,#2512,#98,.T.);
#3165=EDGE_CURVE('',#2515,#2513,#99,.T.);
#3166=EDGE_CURVE('',#2515,#2516,#1147,.T.);
#3167=EDGE_CURVE('',#2516,#2514,#100,.T.);
#3168=EDGE_CURVE('',#2517,#2515,#1148,.T.);
#3169=EDGE_CURVE('',#2517,#2518,#1149,.T.);
#3170=EDGE_CURVE('',#2518,#2516,#1150,.T.);
#3171=EDGE_CURVE('',#2494,#2517,#1151,.T.);
#3172=EDGE_CURVE('',#2496,#2518,#1152,.T.);
#3173=EDGE_CURVE('',#2519,#2520,#1153,.T.);
#3174=EDGE_CURVE('',#2519,#2521,#1154,.T.);
#3175=EDGE_CURVE('',#2521,#2522,#1155,.T.);
#3176=EDGE_CURVE('',#2520,#2522,#1156,.T.);
#3177=EDGE_CURVE('',#2523,#2519,#101,.T.);
#3178=EDGE_CURVE('',#2523,#2524,#1157,.T.);
#3179=EDGE_CURVE('',#2524,#2521,#102,.T.);
#3180=EDGE_CURVE('',#2525,#2523,#103,.T.);
#3181=EDGE_CURVE('',#2525,#2526,#1158,.T.);
#3182=EDGE_CURVE('',#2526,#2524,#104,.T.);
#3183=EDGE_CURVE('',#2527,#2525,#105,.T.);
#3184=EDGE_CURVE('',#2527,#2528,#1159,.T.);
#3185=EDGE_CURVE('',#2528,#2526,#106,.T.);
#3186=EDGE_CURVE('',#2529,#2527,#107,.T.);
#3187=EDGE_CURVE('',#2529,#2530,#1160,.T.);
#3188=EDGE_CURVE('',#2530,#2528,#108,.T.);
#3189=EDGE_CURVE('',#2531,#2529,#1161,.T.);
#3190=EDGE_CURVE('',#2531,#2532,#1162,.T.);
#3191=EDGE_CURVE('',#2532,#2530,#1163,.T.);
#3192=EDGE_CURVE('',#2533,#2531,#1164,.T.);
#3193=EDGE_CURVE('',#2533,#2534,#1165,.T.);
#3194=EDGE_CURVE('',#2534,#2532,#1166,.T.);
#3195=EDGE_CURVE('',#2535,#2533,#1167,.T.);
#3196=EDGE_CURVE('',#2535,#2536,#1168,.T.);
#3197=EDGE_CURVE('',#2536,#2534,#1169,.T.);
#3198=EDGE_CURVE('',#2537,#2535,#109,.T.);
#3199=EDGE_CURVE('',#2537,#2538,#1170,.T.);
#3200=EDGE_CURVE('',#2538,#2536,#110,.T.);
#3201=EDGE_CURVE('',#2539,#2537,#111,.T.);
#3202=EDGE_CURVE('',#2539,#2540,#1171,.T.);
#3203=EDGE_CURVE('',#2540,#2538,#112,.T.);
#3204=EDGE_CURVE('',#2541,#2539,#113,.T.);
#3205=EDGE_CURVE('',#2541,#2542,#1172,.T.);
#3206=EDGE_CURVE('',#2542,#2540,#114,.T.);
#3207=EDGE_CURVE('',#2543,#2541,#115,.T.);
#3208=EDGE_CURVE('',#2543,#2544,#1173,.T.);
#3209=EDGE_CURVE('',#2544,#2542,#116,.T.);
#3210=EDGE_CURVE('',#2545,#2543,#117,.T.);
#3211=EDGE_CURVE('',#2545,#2546,#1174,.T.);
#3212=EDGE_CURVE('',#2546,#2544,#118,.T.);
#3213=EDGE_CURVE('',#2547,#2545,#119,.T.);
#3214=EDGE_CURVE('',#2547,#2548,#1175,.T.);
#3215=EDGE_CURVE('',#2548,#2546,#120,.T.);
#3216=EDGE_CURVE('',#2549,#2547,#121,.T.);
#3217=EDGE_CURVE('',#2549,#2550,#1176,.T.);
#3218=EDGE_CURVE('',#2550,#2548,#122,.T.);
#3219=EDGE_CURVE('',#2551,#2549,#123,.T.);
#3220=EDGE_CURVE('',#2551,#2552,#1177,.T.);
#3221=EDGE_CURVE('',#2552,#2550,#124,.T.);
#3222=EDGE_CURVE('',#2553,#2551,#1178,.T.);
#3223=EDGE_CURVE('',#2553,#2554,#1179,.T.);
#3224=EDGE_CURVE('',#2554,#2552,#1180,.T.);
#3225=EDGE_CURVE('',#2520,#2553,#1181,.T.);
#3226=EDGE_CURVE('',#2522,#2554,#1182,.T.);
#3227=EDGE_CURVE('',#2555,#2556,#1183,.T.);
#3228=EDGE_CURVE('',#2555,#2557,#1184,.T.);
#3229=EDGE_CURVE('',#2557,#2558,#1185,.T.);
#3230=EDGE_CURVE('',#2556,#2558,#1186,.T.);
#3231=EDGE_CURVE('',#2559,#2555,#1187,.T.);
#3232=EDGE_CURVE('',#2559,#2560,#1188,.T.);
#3233=EDGE_CURVE('',#2560,#2557,#1189,.T.);
#3234=EDGE_CURVE('',#2561,#2559,#125,.T.);
#3235=EDGE_CURVE('',#2561,#2562,#1190,.T.);
#3236=EDGE_CURVE('',#2562,#2560,#126,.T.);
#3237=EDGE_CURVE('',#2563,#2561,#1191,.T.);
#3238=EDGE_CURVE('',#2563,#2564,#1192,.T.);
#3239=EDGE_CURVE('',#2564,#2562,#1193,.T.);
#3240=EDGE_CURVE('',#2565,#2563,#1194,.T.);
#3241=EDGE_CURVE('',#2565,#2566,#1195,.T.);
#3242=EDGE_CURVE('',#2566,#2564,#1196,.T.);
#3243=EDGE_CURVE('',#2567,#2565,#1197,.T.);
#3244=EDGE_CURVE('',#2567,#2568,#1198,.T.);
#3245=EDGE_CURVE('',#2568,#2566,#1199,.T.);
#3246=EDGE_CURVE('',#2569,#2567,#1200,.T.);
#3247=EDGE_CURVE('',#2569,#2570,#1201,.T.);
#3248=EDGE_CURVE('',#2570,#2568,#1202,.T.);
#3249=EDGE_CURVE('',#2571,#2569,#1203,.T.);
#3250=EDGE_CURVE('',#2571,#2572,#1204,.T.);
#3251=EDGE_CURVE('',#2572,#2570,#1205,.T.);
#3252=EDGE_CURVE('',#2573,#2571,#1206,.T.);
#3253=EDGE_CURVE('',#2573,#2574,#1207,.T.);
#3254=EDGE_CURVE('',#2574,#2572,#1208,.T.);
#3255=EDGE_CURVE('',#2575,#2573,#1209,.T.);
#3256=EDGE_CURVE('',#2575,#2576,#1210,.T.);
#3257=EDGE_CURVE('',#2576,#2574,#1211,.T.);
#3258=EDGE_CURVE('',#2577,#2575,#1212,.T.);
#3259=EDGE_CURVE('',#2577,#2578,#1213,.T.);
#3260=EDGE_CURVE('',#2578,#2576,#1214,.T.);
#3261=EDGE_CURVE('',#2579,#2577,#1215,.T.);
#3262=EDGE_CURVE('',#2579,#2580,#1216,.T.);
#3263=EDGE_CURVE('',#2580,#2578,#1217,.T.);
#3264=EDGE_CURVE('',#2581,#2579,#1218,.T.);
#3265=EDGE_CURVE('',#2581,#2582,#1219,.T.);
#3266=EDGE_CURVE('',#2582,#2580,#1220,.T.);
#3267=EDGE_CURVE('',#2556,#2581,#1221,.T.);
#3268=EDGE_CURVE('',#2558,#2582,#1222,.T.);
#3269=EDGE_CURVE('',#2583,#2584,#1223,.T.);
#3270=EDGE_CURVE('',#2583,#2585,#1224,.T.);
#3271=EDGE_CURVE('',#2585,#2586,#1225,.T.);
#3272=EDGE_CURVE('',#2584,#2586,#1226,.T.);
#3273=EDGE_CURVE('',#2587,#2583,#1227,.T.);
#3274=EDGE_CURVE('',#2587,#2588,#1228,.T.);
#3275=EDGE_CURVE('',#2588,#2585,#1229,.T.);
#3276=EDGE_CURVE('',#2589,#2587,#1230,.T.);
#3277=EDGE_CURVE('',#2589,#2590,#1231,.T.);
#3278=EDGE_CURVE('',#2590,#2588,#1232,.T.);
#3279=EDGE_CURVE('',#2591,#2589,#1233,.T.);
#3280=EDGE_CURVE('',#2591,#2592,#1234,.T.);
#3281=EDGE_CURVE('',#2592,#2590,#1235,.T.);
#3282=EDGE_CURVE('',#2593,#2591,#1236,.T.);
#3283=EDGE_CURVE('',#2593,#2594,#1237,.T.);
#3284=EDGE_CURVE('',#2594,#2592,#1238,.T.);
#3285=EDGE_CURVE('',#2584,#2593,#1239,.T.);
#3286=EDGE_CURVE('',#2586,#2594,#1240,.T.);
#3287=EDGE_CURVE('',#2595,#2596,#1241,.T.);
#3288=EDGE_CURVE('',#2595,#2597,#1242,.T.);
#3289=EDGE_CURVE('',#2597,#2598,#1243,.T.);
#3290=EDGE_CURVE('',#2596,#2598,#1244,.T.);
#3291=EDGE_CURVE('',#2599,#2595,#1245,.T.);
#3292=EDGE_CURVE('',#2599,#2600,#1246,.T.);
#3293=EDGE_CURVE('',#2600,#2597,#1247,.T.);
#3294=EDGE_CURVE('',#2601,#2599,#1248,.T.);
#3295=EDGE_CURVE('',#2601,#2602,#1249,.T.);
#3296=EDGE_CURVE('',#2602,#2600,#1250,.T.);
#3297=EDGE_CURVE('',#2603,#2601,#1251,.T.);
#3298=EDGE_CURVE('',#2603,#2604,#1252,.T.);
#3299=EDGE_CURVE('',#2604,#2602,#1253,.T.);
#3300=EDGE_CURVE('',#2605,#2603,#1254,.T.);
#3301=EDGE_CURVE('',#2605,#2606,#1255,.T.);
#3302=EDGE_CURVE('',#2606,#2604,#1256,.T.);
#3303=EDGE_CURVE('',#2607,#2605,#1257,.T.);
#3304=EDGE_CURVE('',#2607,#2608,#1258,.T.);
#3305=EDGE_CURVE('',#2608,#2606,#1259,.T.);
#3306=EDGE_CURVE('',#2609,#2607,#1260,.T.);
#3307=EDGE_CURVE('',#2609,#2610,#1261,.T.);
#3308=EDGE_CURVE('',#2610,#2608,#1262,.T.);
#3309=EDGE_CURVE('',#2611,#2609,#1263,.T.);
#3310=EDGE_CURVE('',#2611,#2612,#1264,.T.);
#3311=EDGE_CURVE('',#2612,#2610,#1265,.T.);
#3312=EDGE_CURVE('',#2613,#2611,#1266,.T.);
#3313=EDGE_CURVE('',#2613,#2614,#1267,.T.);
#3314=EDGE_CURVE('',#2614,#2612,#1268,.T.);
#3315=EDGE_CURVE('',#2615,#2613,#1269,.T.);
#3316=EDGE_CURVE('',#2615,#2616,#1270,.T.);
#3317=EDGE_CURVE('',#2616,#2614,#1271,.T.);
#3318=EDGE_CURVE('',#2596,#2615,#1272,.T.);
#3319=EDGE_CURVE('',#2598,#2616,#1273,.T.);
#3320=EDGE_CURVE('',#2617,#2618,#1274,.T.);
#3321=EDGE_CURVE('',#2617,#2619,#1275,.T.);
#3322=EDGE_CURVE('',#2619,#2620,#1276,.T.);
#3323=EDGE_CURVE('',#2618,#2620,#1277,.T.);
#3324=EDGE_CURVE('',#2621,#2617,#1278,.T.);
#3325=EDGE_CURVE('',#2621,#2622,#1279,.T.);
#3326=EDGE_CURVE('',#2622,#2619,#1280,.T.);
#3327=EDGE_CURVE('',#2623,#2621,#1281,.T.);
#3328=EDGE_CURVE('',#2623,#2624,#1282,.T.);
#3329=EDGE_CURVE('',#2624,#2622,#1283,.T.);
#3330=EDGE_CURVE('',#2625,#2623,#1284,.T.);
#3331=EDGE_CURVE('',#2625,#2626,#1285,.T.);
#3332=EDGE_CURVE('',#2626,#2624,#1286,.T.);
#3333=EDGE_CURVE('',#2627,#2625,#1287,.T.);
#3334=EDGE_CURVE('',#2627,#2628,#1288,.T.);
#3335=EDGE_CURVE('',#2628,#2626,#1289,.T.);
#3336=EDGE_CURVE('',#2629,#2627,#1290,.T.);
#3337=EDGE_CURVE('',#2629,#2630,#1291,.T.);
#3338=EDGE_CURVE('',#2630,#2628,#1292,.T.);
#3339=EDGE_CURVE('',#2631,#2629,#1293,.T.);
#3340=EDGE_CURVE('',#2631,#2632,#1294,.T.);
#3341=EDGE_CURVE('',#2632,#2630,#1295,.T.);
#3342=EDGE_CURVE('',#2633,#2631,#1296,.T.);
#3343=EDGE_CURVE('',#2633,#2634,#1297,.T.);
#3344=EDGE_CURVE('',#2634,#2632,#1298,.T.);
#3345=EDGE_CURVE('',#2635,#2633,#1299,.T.);
#3346=EDGE_CURVE('',#2635,#2636,#1300,.T.);
#3347=EDGE_CURVE('',#2636,#2634,#1301,.T.);
#3348=EDGE_CURVE('',#2618,#2635,#1302,.T.);
#3349=EDGE_CURVE('',#2620,#2636,#1303,.T.);
#3350=EDGE_CURVE('',#2637,#2638,#127,.T.);
#3351=EDGE_CURVE('',#2637,#2639,#1304,.T.);
#3352=EDGE_CURVE('',#2639,#2640,#128,.T.);
#3353=EDGE_CURVE('',#2638,#2640,#1305,.T.);
#3354=EDGE_CURVE('',#2641,#2637,#129,.T.);
#3355=EDGE_CURVE('',#2641,#2642,#1306,.T.);
#3356=EDGE_CURVE('',#2642,#2639,#130,.T.);
#3357=EDGE_CURVE('',#2643,#2641,#131,.T.);
#3358=EDGE_CURVE('',#2643,#2644,#1307,.T.);
#3359=EDGE_CURVE('',#2644,#2642,#132,.T.);
#3360=EDGE_CURVE('',#2645,#2643,#133,.T.);
#3361=EDGE_CURVE('',#2645,#2646,#1308,.T.);
#3362=EDGE_CURVE('',#2646,#2644,#134,.T.);
#3363=EDGE_CURVE('',#2647,#2645,#135,.T.);
#3364=EDGE_CURVE('',#2647,#2648,#1309,.T.);
#3365=EDGE_CURVE('',#2648,#2646,#136,.T.);
#3366=EDGE_CURVE('',#2649,#2647,#137,.T.);
#3367=EDGE_CURVE('',#2649,#2650,#1310,.T.);
#3368=EDGE_CURVE('',#2650,#2648,#138,.T.);
#3369=EDGE_CURVE('',#2651,#2649,#139,.T.);
#3370=EDGE_CURVE('',#2651,#2652,#1311,.T.);
#3371=EDGE_CURVE('',#2652,#2650,#140,.T.);
#3372=EDGE_CURVE('',#2653,#2651,#141,.T.);
#3373=EDGE_CURVE('',#2653,#2654,#1312,.T.);
#3374=EDGE_CURVE('',#2654,#2652,#142,.T.);
#3375=EDGE_CURVE('',#2655,#2653,#143,.T.);
#3376=EDGE_CURVE('',#2655,#2656,#1313,.T.);
#3377=EDGE_CURVE('',#2656,#2654,#144,.T.);
#3378=EDGE_CURVE('',#2657,#2655,#145,.T.);
#3379=EDGE_CURVE('',#2657,#2658,#1314,.T.);
#3380=EDGE_CURVE('',#2658,#2656,#146,.T.);
#3381=EDGE_CURVE('',#2659,#2657,#147,.T.);
#3382=EDGE_CURVE('',#2659,#2660,#1315,.T.);
#3383=EDGE_CURVE('',#2660,#2658,#148,.T.);
#3384=EDGE_CURVE('',#2661,#2659,#149,.T.);
#3385=EDGE_CURVE('',#2661,#2662,#1316,.T.);
#3386=EDGE_CURVE('',#2662,#2660,#150,.T.);
#3387=EDGE_CURVE('',#2663,#2661,#151,.T.);
#3388=EDGE_CURVE('',#2663,#2664,#1317,.T.);
#3389=EDGE_CURVE('',#2664,#2662,#152,.T.);
#3390=EDGE_CURVE('',#2665,#2663,#153,.T.);
#3391=EDGE_CURVE('',#2665,#2666,#1318,.T.);
#3392=EDGE_CURVE('',#2666,#2664,#154,.T.);
#3393=EDGE_CURVE('',#2667,#2665,#155,.T.);
#3394=EDGE_CURVE('',#2667,#2668,#1319,.T.);
#3395=EDGE_CURVE('',#2668,#2666,#156,.T.);
#3396=EDGE_CURVE('',#2669,#2667,#1320,.T.);
#3397=EDGE_CURVE('',#2669,#2670,#1321,.T.);
#3398=EDGE_CURVE('',#2670,#2668,#1322,.T.);
#3399=EDGE_CURVE('',#2671,#2669,#1323,.T.);
#3400=EDGE_CURVE('',#2671,#2672,#1324,.T.);
#3401=EDGE_CURVE('',#2672,#2670,#1325,.T.);
#3402=EDGE_CURVE('',#2673,#2671,#1326,.T.);
#3403=EDGE_CURVE('',#2673,#2674,#1327,.T.);
#3404=EDGE_CURVE('',#2674,#2672,#1328,.T.);
#3405=EDGE_CURVE('',#2675,#2673,#157,.T.);
#3406=EDGE_CURVE('',#2675,#2676,#1329,.T.);
#3407=EDGE_CURVE('',#2676,#2674,#158,.T.);
#3408=EDGE_CURVE('',#2677,#2675,#159,.T.);
#3409=EDGE_CURVE('',#2677,#2678,#1330,.T.);
#3410=EDGE_CURVE('',#2678,#2676,#160,.T.);
#3411=EDGE_CURVE('',#2679,#2677,#161,.T.);
#3412=EDGE_CURVE('',#2679,#2680,#1331,.T.);
#3413=EDGE_CURVE('',#2680,#2678,#162,.T.);
#3414=EDGE_CURVE('',#2681,#2679,#163,.T.);
#3415=EDGE_CURVE('',#2681,#2682,#1332,.T.);
#3416=EDGE_CURVE('',#2682,#2680,#164,.T.);
#3417=EDGE_CURVE('',#2683,#2681,#165,.T.);
#3418=EDGE_CURVE('',#2683,#2684,#1333,.T.);
#3419=EDGE_CURVE('',#2684,#2682,#166,.T.);
#3420=EDGE_CURVE('',#2685,#2683,#167,.T.);
#3421=EDGE_CURVE('',#2685,#2686,#1334,.T.);
#3422=EDGE_CURVE('',#2686,#2684,#168,.T.);
#3423=EDGE_CURVE('',#2687,#2685,#169,.T.);
#3424=EDGE_CURVE('',#2687,#2688,#1335,.T.);
#3425=EDGE_CURVE('',#2688,#2686,#170,.T.);
#3426=EDGE_CURVE('',#2689,#2687,#171,.T.);
#3427=EDGE_CURVE('',#2689,#2690,#1336,.T.);
#3428=EDGE_CURVE('',#2690,#2688,#172,.T.);
#3429=EDGE_CURVE('',#2691,#2689,#173,.T.);
#3430=EDGE_CURVE('',#2691,#2692,#1337,.T.);
#3431=EDGE_CURVE('',#2692,#2690,#174,.T.);
#3432=EDGE_CURVE('',#2693,#2691,#175,.T.);
#3433=EDGE_CURVE('',#2693,#2694,#1338,.T.);
#3434=EDGE_CURVE('',#2694,#2692,#176,.T.);
#3435=EDGE_CURVE('',#2695,#2693,#177,.T.);
#3436=EDGE_CURVE('',#2695,#2696,#1339,.T.);
#3437=EDGE_CURVE('',#2696,#2694,#178,.T.);
#3438=EDGE_CURVE('',#2697,#2695,#179,.T.);
#3439=EDGE_CURVE('',#2697,#2698,#1340,.T.);
#3440=EDGE_CURVE('',#2698,#2696,#180,.T.);
#3441=EDGE_CURVE('',#2699,#2697,#181,.T.);
#3442=EDGE_CURVE('',#2699,#2700,#1341,.T.);
#3443=EDGE_CURVE('',#2700,#2698,#182,.T.);
#3444=EDGE_CURVE('',#2701,#2699,#183,.T.);
#3445=EDGE_CURVE('',#2701,#2702,#1342,.T.);
#3446=EDGE_CURVE('',#2702,#2700,#184,.T.);
#3447=EDGE_CURVE('',#2703,#2701,#1343,.T.);
#3448=EDGE_CURVE('',#2703,#2704,#1344,.T.);
#3449=EDGE_CURVE('',#2704,#2702,#1345,.T.);
#3450=EDGE_CURVE('',#2705,#2703,#1346,.T.);
#3451=EDGE_CURVE('',#2705,#2706,#1347,.T.);
#3452=EDGE_CURVE('',#2706,#2704,#1348,.T.);
#3453=EDGE_CURVE('',#2638,#2705,#1349,.T.);
#3454=EDGE_CURVE('',#2640,#2706,#1350,.T.);
#3455=EDGE_CURVE('',#2707,#2708,#185,.T.);
#3456=EDGE_CURVE('',#2707,#2709,#1351,.T.);
#3457=EDGE_CURVE('',#2709,#2710,#186,.T.);
#3458=EDGE_CURVE('',#2708,#2710,#1352,.T.);
#3459=EDGE_CURVE('',#2711,#2707,#187,.T.);
#3460=EDGE_CURVE('',#2711,#2712,#1353,.T.);
#3461=EDGE_CURVE('',#2712,#2709,#188,.T.);
#3462=EDGE_CURVE('',#2713,#2711,#189,.T.);
#3463=EDGE_CURVE('',#2713,#2714,#1354,.T.);
#3464=EDGE_CURVE('',#2714,#2712,#190,.T.);
#3465=EDGE_CURVE('',#2715,#2713,#191,.T.);
#3466=EDGE_CURVE('',#2715,#2716,#1355,.T.);
#3467=EDGE_CURVE('',#2716,#2714,#192,.T.);
#3468=EDGE_CURVE('',#2717,#2715,#193,.T.);
#3469=EDGE_CURVE('',#2717,#2718,#1356,.T.);
#3470=EDGE_CURVE('',#2718,#2716,#194,.T.);
#3471=EDGE_CURVE('',#2719,#2717,#195,.T.);
#3472=EDGE_CURVE('',#2719,#2720,#1357,.T.);
#3473=EDGE_CURVE('',#2720,#2718,#196,.T.);
#3474=EDGE_CURVE('',#2721,#2719,#197,.T.);
#3475=EDGE_CURVE('',#2721,#2722,#1358,.T.);
#3476=EDGE_CURVE('',#2722,#2720,#198,.T.);
#3477=EDGE_CURVE('',#2723,#2721,#1359,.T.);
#3478=EDGE_CURVE('',#2723,#2724,#1360,.T.);
#3479=EDGE_CURVE('',#2724,#2722,#1361,.T.);
#3480=EDGE_CURVE('',#2725,#2723,#199,.T.);
#3481=EDGE_CURVE('',#2725,#2726,#1362,.T.);
#3482=EDGE_CURVE('',#2726,#2724,#200,.T.);
#3483=EDGE_CURVE('',#2727,#2725,#201,.T.);
#3484=EDGE_CURVE('',#2727,#2728,#1363,.T.);
#3485=EDGE_CURVE('',#2728,#2726,#202,.T.);
#3486=EDGE_CURVE('',#2729,#2727,#203,.T.);
#3487=EDGE_CURVE('',#2729,#2730,#1364,.T.);
#3488=EDGE_CURVE('',#2730,#2728,#204,.T.);
#3489=EDGE_CURVE('',#2731,#2729,#205,.T.);
#3490=EDGE_CURVE('',#2731,#2732,#1365,.T.);
#3491=EDGE_CURVE('',#2732,#2730,#206,.T.);
#3492=EDGE_CURVE('',#2733,#2731,#207,.T.);
#3493=EDGE_CURVE('',#2733,#2734,#1366,.T.);
#3494=EDGE_CURVE('',#2734,#2732,#208,.T.);
#3495=EDGE_CURVE('',#2735,#2733,#209,.T.);
#3496=EDGE_CURVE('',#2735,#2736,#1367,.T.);
#3497=EDGE_CURVE('',#2736,#2734,#210,.T.);
#3498=EDGE_CURVE('',#2737,#2735,#1368,.T.);
#3499=EDGE_CURVE('',#2737,#2738,#1369,.T.);
#3500=EDGE_CURVE('',#2738,#2736,#1370,.T.);
#3501=EDGE_CURVE('',#2739,#2737,#1371,.T.);
#3502=EDGE_CURVE('',#2739,#2740,#1372,.T.);
#3503=EDGE_CURVE('',#2740,#2738,#1373,.T.);
#3504=EDGE_CURVE('',#2741,#2739,#1374,.T.);
#3505=EDGE_CURVE('',#2741,#2742,#1375,.T.);
#3506=EDGE_CURVE('',#2742,#2740,#1376,.T.);
#3507=EDGE_CURVE('',#2743,#2741,#211,.T.);
#3508=EDGE_CURVE('',#2743,#2744,#1377,.T.);
#3509=EDGE_CURVE('',#2744,#2742,#212,.T.);
#3510=EDGE_CURVE('',#2745,#2743,#213,.T.);
#3511=EDGE_CURVE('',#2745,#2746,#1378,.T.);
#3512=EDGE_CURVE('',#2746,#2744,#214,.T.);
#3513=EDGE_CURVE('',#2747,#2745,#215,.T.);
#3514=EDGE_CURVE('',#2747,#2748,#1379,.T.);
#3515=EDGE_CURVE('',#2748,#2746,#216,.T.);
#3516=EDGE_CURVE('',#2749,#2747,#217,.T.);
#3517=EDGE_CURVE('',#2749,#2750,#1380,.T.);
#3518=EDGE_CURVE('',#2750,#2748,#218,.T.);
#3519=EDGE_CURVE('',#2751,#2749,#1381,.T.);
#3520=EDGE_CURVE('',#2751,#2752,#1382,.T.);
#3521=EDGE_CURVE('',#2752,#2750,#1383,.T.);
#3522=EDGE_CURVE('',#2753,#2751,#219,.T.);
#3523=EDGE_CURVE('',#2753,#2754,#1384,.T.);
#3524=EDGE_CURVE('',#2754,#2752,#220,.T.);
#3525=EDGE_CURVE('',#2755,#2753,#221,.T.);
#3526=EDGE_CURVE('',#2755,#2756,#1385,.T.);
#3527=EDGE_CURVE('',#2756,#2754,#222,.T.);
#3528=EDGE_CURVE('',#2757,#2755,#223,.T.);
#3529=EDGE_CURVE('',#2757,#2758,#1386,.T.);
#3530=EDGE_CURVE('',#2758,#2756,#224,.T.);
#3531=EDGE_CURVE('',#2759,#2757,#225,.T.);
#3532=EDGE_CURVE('',#2759,#2760,#1387,.T.);
#3533=EDGE_CURVE('',#2760,#2758,#226,.T.);
#3534=EDGE_CURVE('',#2761,#2759,#1388,.T.);
#3535=EDGE_CURVE('',#2761,#2762,#1389,.T.);
#3536=EDGE_CURVE('',#2762,#2760,#1390,.T.);
#3537=EDGE_CURVE('',#2763,#2761,#1391,.T.);
#3538=EDGE_CURVE('',#2763,#2764,#1392,.T.);
#3539=EDGE_CURVE('',#2764,#2762,#1393,.T.);
#3540=EDGE_CURVE('',#2708,#2763,#1394,.T.);
#3541=EDGE_CURVE('',#2710,#2764,#1395,.T.);
#3542=EDGE_CURVE('',#2765,#2766,#227,.T.);
#3543=EDGE_CURVE('',#2765,#2767,#1396,.T.);
#3544=EDGE_CURVE('',#2767,#2768,#228,.T.);
#3545=EDGE_CURVE('',#2766,#2768,#1397,.T.);
#3546=EDGE_CURVE('',#2769,#2765,#229,.T.);
#3547=EDGE_CURVE('',#2769,#2770,#1398,.T.);
#3548=EDGE_CURVE('',#2770,#2767,#230,.T.);
#3549=EDGE_CURVE('',#2771,#2769,#1399,.T.);
#3550=EDGE_CURVE('',#2771,#2772,#1400,.T.);
#3551=EDGE_CURVE('',#2772,#2770,#1401,.T.);
#3552=EDGE_CURVE('',#2773,#2771,#1402,.T.);
#3553=EDGE_CURVE('',#2773,#2774,#1403,.T.);
#3554=EDGE_CURVE('',#2774,#2772,#1404,.T.);
#3555=EDGE_CURVE('',#2775,#2773,#1405,.T.);
#3556=EDGE_CURVE('',#2775,#2776,#1406,.T.);
#3557=EDGE_CURVE('',#2776,#2774,#1407,.T.);
#3558=EDGE_CURVE('',#2777,#2775,#1408,.T.);
#3559=EDGE_CURVE('',#2777,#2778,#1409,.T.);
#3560=EDGE_CURVE('',#2778,#2776,#1410,.T.);
#3561=EDGE_CURVE('',#2779,#2777,#1411,.T.);
#3562=EDGE_CURVE('',#2779,#2780,#1412,.T.);
#3563=EDGE_CURVE('',#2780,#2778,#1413,.T.);
#3564=EDGE_CURVE('',#2781,#2779,#1414,.T.);
#3565=EDGE_CURVE('',#2781,#2782,#1415,.T.);
#3566=EDGE_CURVE('',#2782,#2780,#1416,.T.);
#3567=EDGE_CURVE('',#2766,#2781,#1417,.T.);
#3568=EDGE_CURVE('',#2768,#2782,#1418,.T.);
#3569=EDGE_CURVE('',#2783,#2784,#1419,.T.);
#3570=EDGE_CURVE('',#2783,#2785,#1420,.T.);
#3571=EDGE_CURVE('',#2785,#2786,#1421,.T.);
#3572=EDGE_CURVE('',#2784,#2786,#1422,.T.);
#3573=EDGE_CURVE('',#2787,#2783,#1423,.T.);
#3574=EDGE_CURVE('',#2787,#2788,#1424,.T.);
#3575=EDGE_CURVE('',#2788,#2785,#1425,.T.);
#3576=EDGE_CURVE('',#2789,#2787,#1426,.T.);
#3577=EDGE_CURVE('',#2789,#2790,#1427,.T.);
#3578=EDGE_CURVE('',#2790,#2788,#1428,.T.);
#3579=EDGE_CURVE('',#2784,#2789,#1429,.T.);
#3580=EDGE_CURVE('',#2786,#2790,#1430,.T.);
#3581=EDGE_CURVE('',#2791,#2792,#231,.T.);
#3582=EDGE_CURVE('',#2791,#2793,#1431,.T.);
#3583=EDGE_CURVE('',#2793,#2794,#232,.T.);
#3584=EDGE_CURVE('',#2792,#2794,#1432,.T.);
#3585=EDGE_CURVE('',#2795,#2791,#1433,.T.);
#3586=EDGE_CURVE('',#2795,#2796,#1434,.T.);
#3587=EDGE_CURVE('',#2796,#2793,#1435,.T.);
#3588=EDGE_CURVE('',#2797,#2795,#233,.T.);
#3589=EDGE_CURVE('',#2797,#2798,#1436,.T.);
#3590=EDGE_CURVE('',#2798,#2796,#234,.T.);
#3591=EDGE_CURVE('',#2799,#2797,#1437,.T.);
#3592=EDGE_CURVE('',#2799,#2800,#1438,.T.);
#3593=EDGE_CURVE('',#2800,#2798,#1439,.T.);
#3594=EDGE_CURVE('',#2801,#2799,#235,.T.);
#3595=EDGE_CURVE('',#2801,#2802,#1440,.T.);
#3596=EDGE_CURVE('',#2802,#2800,#236,.T.);
#3597=EDGE_CURVE('',#2803,#2801,#1441,.T.);
#3598=EDGE_CURVE('',#2803,#2804,#1442,.T.);
#3599=EDGE_CURVE('',#2804,#2802,#1443,.T.);
#3600=EDGE_CURVE('',#2805,#2803,#1444,.T.);
#3601=EDGE_CURVE('',#2805,#2806,#1445,.T.);
#3602=EDGE_CURVE('',#2806,#2804,#1446,.T.);
#3603=EDGE_CURVE('',#2807,#2805,#1447,.T.);
#3604=EDGE_CURVE('',#2807,#2808,#1448,.T.);
#3605=EDGE_CURVE('',#2808,#2806,#1449,.T.);
#3606=EDGE_CURVE('',#2809,#2807,#1450,.T.);
#3607=EDGE_CURVE('',#2809,#2810,#1451,.T.);
#3608=EDGE_CURVE('',#2810,#2808,#1452,.T.);
#3609=EDGE_CURVE('',#2811,#2809,#1453,.T.);
#3610=EDGE_CURVE('',#2811,#2812,#1454,.T.);
#3611=EDGE_CURVE('',#2812,#2810,#1455,.T.);
#3612=EDGE_CURVE('',#2813,#2811,#237,.T.);
#3613=EDGE_CURVE('',#2813,#2814,#1456,.T.);
#3614=EDGE_CURVE('',#2814,#2812,#238,.T.);
#3615=EDGE_CURVE('',#2815,#2813,#239,.T.);
#3616=EDGE_CURVE('',#2815,#2816,#1457,.T.);
#3617=EDGE_CURVE('',#2816,#2814,#240,.T.);
#3618=EDGE_CURVE('',#2817,#2815,#1458,.T.);
#3619=EDGE_CURVE('',#2817,#2818,#1459,.T.);
#3620=EDGE_CURVE('',#2818,#2816,#1460,.T.);
#3621=EDGE_CURVE('',#2819,#2817,#1461,.T.);
#3622=EDGE_CURVE('',#2819,#2820,#1462,.T.);
#3623=EDGE_CURVE('',#2820,#2818,#1463,.T.);
#3624=EDGE_CURVE('',#2792,#2819,#1464,.T.);
#3625=EDGE_CURVE('',#2794,#2820,#1465,.T.);
#3626=EDGE_CURVE('',#2821,#2822,#1466,.T.);
#3627=EDGE_CURVE('',#2821,#2823,#1467,.T.);
#3628=EDGE_CURVE('',#2824,#2823,#1468,.T.);
#3629=EDGE_CURVE('',#2822,#2824,#1469,.T.);
#3630=EDGE_CURVE('',#2822,#2825,#1470,.T.);
#3631=EDGE_CURVE('',#2826,#2824,#1471,.T.);
#3632=EDGE_CURVE('',#2825,#2826,#1472,.T.);
#3633=EDGE_CURVE('',#2825,#2827,#1473,.T.);
#3634=EDGE_CURVE('',#2828,#2826,#1474,.T.);
#3635=EDGE_CURVE('',#2827,#2828,#1475,.T.);
#3636=EDGE_CURVE('',#2827,#2821,#1476,.T.);
#3637=EDGE_CURVE('',#2823,#2828,#1477,.T.);
#3638=EDGE_CURVE('',#2829,#2830,#1478,.T.);
#3639=EDGE_CURVE('',#2830,#2831,#1479,.T.);
#3640=EDGE_CURVE('',#2831,#2832,#1480,.T.);
#3641=EDGE_CURVE('',#2832,#2829,#1481,.T.);
#3642=EDGE_CURVE('',#2833,#2834,#1482,.T.);
#3643=EDGE_CURVE('',#2834,#2835,#1483,.T.);
#3644=EDGE_CURVE('',#2835,#2836,#1484,.T.);
#3645=EDGE_CURVE('',#2836,#2833,#1485,.T.);
#3646=EDGE_CURVE('',#2837,#2838,#1486,.T.);
#3647=EDGE_CURVE('',#2838,#2839,#1487,.T.);
#3648=EDGE_CURVE('',#2839,#2840,#1488,.T.);
#3649=EDGE_CURVE('',#2840,#2837,#1489,.T.);
#3650=EDGE_CURVE('',#2841,#2842,#1490,.T.);
#3651=EDGE_CURVE('',#2842,#2843,#1491,.T.);
#3652=EDGE_CURVE('',#2843,#2844,#1492,.T.);
#3653=EDGE_CURVE('',#2844,#2841,#1493,.T.);
#3654=EDGE_CURVE('',#2835,#2845,#1494,.T.);
#3655=EDGE_CURVE('',#2846,#2845,#1495,.T.);
#3656=EDGE_CURVE('',#2846,#2836,#1496,.T.);
#3657=EDGE_CURVE('',#2834,#2847,#1497,.T.);
#3658=EDGE_CURVE('',#2845,#2847,#1498,.T.);
#3659=EDGE_CURVE('',#2833,#2848,#1499,.T.);
#3660=EDGE_CURVE('',#2847,#2848,#1500,.T.);
#3661=EDGE_CURVE('',#2848,#2846,#1501,.T.);
#3662=EDGE_CURVE('',#2839,#2849,#1502,.T.);
#3663=EDGE_CURVE('',#2850,#2849,#1503,.T.);
#3664=EDGE_CURVE('',#2850,#2840,#1504,.T.);
#3665=EDGE_CURVE('',#2838,#2851,#1505,.T.);
#3666=EDGE_CURVE('',#2849,#2851,#1506,.T.);
#3667=EDGE_CURVE('',#2837,#2852,#1507,.T.);
#3668=EDGE_CURVE('',#2851,#2852,#1508,.T.);
#3669=EDGE_CURVE('',#2852,#2850,#1509,.T.);
#3670=EDGE_CURVE('',#2843,#2853,#1510,.T.);
#3671=EDGE_CURVE('',#2854,#2853,#1511,.T.);
#3672=EDGE_CURVE('',#2854,#2844,#1512,.T.);
#3673=EDGE_CURVE('',#2842,#2855,#1513,.T.);
#3674=EDGE_CURVE('',#2853,#2855,#1514,.T.);
#3675=EDGE_CURVE('',#2841,#2856,#1515,.T.);
#3676=EDGE_CURVE('',#2855,#2856,#1516,.T.);
#3677=EDGE_CURVE('',#2856,#2854,#1517,.T.);
#3678=EDGE_CURVE('',#2831,#2857,#1518,.T.);
#3679=EDGE_CURVE('',#2858,#2857,#1519,.T.);
#3680=EDGE_CURVE('',#2858,#2832,#1520,.T.);
#3681=EDGE_CURVE('',#2830,#2859,#1521,.T.);
#3682=EDGE_CURVE('',#2857,#2859,#1522,.T.);
#3683=EDGE_CURVE('',#2829,#2860,#1523,.T.);
#3684=EDGE_CURVE('',#2859,#2860,#1524,.T.);
#3685=EDGE_CURVE('',#2860,#2858,#1525,.T.);
#3686=EDGE_CURVE('',#2861,#2861,#15,.T.);
#3687=EDGE_CURVE('',#2861,#2862,#1526,.T.);
#3688=EDGE_CURVE('',#2862,#2862,#16,.T.);
#3689=EDGE_CURVE('',#2863,#2863,#17,.T.);
#3690=EDGE_CURVE('',#2863,#2864,#1527,.T.);
#3691=EDGE_CURVE('',#2864,#2864,#18,.T.);
#3692=EDGE_CURVE('',#2865,#2865,#19,.T.);
#3693=EDGE_CURVE('',#2865,#2866,#1528,.T.);
#3694=EDGE_CURVE('',#2866,#2866,#20,.T.);
#3695=EDGE_CURVE('',#2867,#2867,#21,.T.);
#3696=EDGE_CURVE('',#2867,#2868,#1529,.T.);
#3697=EDGE_CURVE('',#2868,#2868,#22,.T.);
#3698=EDGE_CURVE('',#2869,#2870,#23,.T.);
#3699=EDGE_CURVE('',#2870,#2871,#1530,.T.);
#3700=EDGE_CURVE('',#2871,#2872,#24,.T.);
#3701=EDGE_CURVE('',#2872,#2869,#1531,.T.);
#3702=EDGE_CURVE('',#2873,#2870,#1532,.T.);
#3703=EDGE_CURVE('',#2874,#2873,#1533,.T.);
#3704=EDGE_CURVE('',#2874,#2871,#1534,.T.);
#3705=EDGE_CURVE('',#2869,#2875,#1535,.T.);
#3706=EDGE_CURVE('',#2875,#2876,#1536,.T.);
#3707=EDGE_CURVE('',#2876,#2877,#1537,.T.);
#3708=EDGE_CURVE('',#2877,#2878,#1538,.T.);
#3709=EDGE_CURVE('',#2878,#2879,#1539,.T.);
#3710=EDGE_CURVE('',#2879,#2880,#1540,.T.);
#3711=EDGE_CURVE('',#2880,#2881,#1541,.T.);
#3712=EDGE_CURVE('',#2881,#2882,#1542,.T.);
#3713=EDGE_CURVE('',#2882,#2883,#1543,.T.);
#3714=EDGE_CURVE('',#2884,#2883,#25,.T.);
#3715=EDGE_CURVE('',#2884,#2885,#1544,.T.);
#3716=EDGE_CURVE('',#2886,#2885,#26,.T.);
#3717=EDGE_CURVE('',#2886,#2887,#1545,.T.);
#3718=EDGE_CURVE('',#2873,#2887,#27,.T.);
#3719=EDGE_CURVE('',#2887,#2888,#1546,.T.);
#3720=EDGE_CURVE('',#2888,#2874,#28,.T.);
#3721=EDGE_CURVE('',#2889,#2886,#1547,.T.);
#3722=EDGE_CURVE('',#2889,#2888,#1548,.T.);
#3723=EDGE_CURVE('',#2885,#2890,#1549,.T.);
#3724=EDGE_CURVE('',#2890,#2889,#29,.T.);
#3725=EDGE_CURVE('',#2891,#2884,#1550,.T.);
#3726=EDGE_CURVE('',#2891,#2890,#1551,.T.);
#3727=EDGE_CURVE('',#2883,#2892,#1552,.T.);
#3728=EDGE_CURVE('',#2892,#2891,#30,.T.);
#3729=EDGE_CURVE('',#2893,#2881,#1553,.T.);
#3730=EDGE_CURVE('',#2894,#2880,#1554,.T.);
#3731=EDGE_CURVE('',#2894,#2893,#1555,.T.);
#3732=EDGE_CURVE('',#2882,#2895,#1556,.T.);
#3733=EDGE_CURVE('',#2895,#2892,#1557,.T.);
#3734=EDGE_CURVE('',#2896,#2897,#1558,.T.);
#3735=EDGE_CURVE('',#2896,#2898,#1559,.T.);
#3736=EDGE_CURVE('',#2898,#2899,#1560,.T.);
#3737=EDGE_CURVE('',#2897,#2899,#1561,.T.);
#3738=EDGE_CURVE('',#2900,#2896,#1562,.T.);
#3739=EDGE_CURVE('',#2900,#2901,#1563,.T.);
#3740=EDGE_CURVE('',#2901,#2898,#1564,.T.);
#3741=EDGE_CURVE('',#2902,#2900,#1565,.T.);
#3742=EDGE_CURVE('',#2902,#2903,#1566,.T.);
#3743=EDGE_CURVE('',#2903,#2901,#1567,.T.);
#3744=EDGE_CURVE('',#2904,#2902,#1568,.T.);
#3745=EDGE_CURVE('',#2904,#2905,#1569,.T.);
#3746=EDGE_CURVE('',#2905,#2903,#1570,.T.);
#3747=EDGE_CURVE('',#2906,#2904,#1571,.T.);
#3748=EDGE_CURVE('',#2906,#2907,#1572,.T.);
#3749=EDGE_CURVE('',#2907,#2905,#1573,.T.);
#3750=EDGE_CURVE('',#2908,#2906,#1574,.T.);
#3751=EDGE_CURVE('',#2908,#2909,#1575,.T.);
#3752=EDGE_CURVE('',#2909,#2907,#1576,.T.);
#3753=EDGE_CURVE('',#2910,#2908,#1577,.T.);
#3754=EDGE_CURVE('',#2911,#2910,#1578,.T.);
#3755=EDGE_CURVE('',#2911,#2909,#1579,.T.);
#3756=EDGE_CURVE('',#2899,#2911,#1580,.T.);
#3757=EDGE_CURVE('',#2912,#2913,#1581,.T.);
#3758=EDGE_CURVE('',#2912,#2914,#1582,.T.);
#3759=EDGE_CURVE('',#2914,#2915,#1583,.T.);
#3760=EDGE_CURVE('',#2913,#2915,#1584,.T.);
#3761=EDGE_CURVE('',#2916,#2912,#1585,.T.);
#3762=EDGE_CURVE('',#2916,#2917,#1586,.T.);
#3763=EDGE_CURVE('',#2917,#2914,#1587,.T.);
#3764=EDGE_CURVE('',#2918,#2916,#1588,.T.);
#3765=EDGE_CURVE('',#2918,#2919,#1589,.T.);
#3766=EDGE_CURVE('',#2919,#2917,#1590,.T.);
#3767=EDGE_CURVE('',#2920,#2918,#1591,.T.);
#3768=EDGE_CURVE('',#2920,#2921,#1592,.T.);
#3769=EDGE_CURVE('',#2921,#2919,#1593,.T.);
#3770=EDGE_CURVE('',#2922,#2920,#1594,.T.);
#3771=EDGE_CURVE('',#2922,#2923,#1595,.T.);
#3772=EDGE_CURVE('',#2923,#2921,#1596,.T.);
#3773=EDGE_CURVE('',#2924,#2922,#1597,.T.);
#3774=EDGE_CURVE('',#2924,#2925,#1598,.T.);
#3775=EDGE_CURVE('',#2925,#2923,#1599,.T.);
#3776=EDGE_CURVE('',#2926,#2924,#1600,.T.);
#3777=EDGE_CURVE('',#2927,#2926,#1601,.T.);
#3778=EDGE_CURVE('',#2927,#2925,#1602,.T.);
#3779=EDGE_CURVE('',#2915,#2927,#1603,.T.);
#3780=EDGE_CURVE('',#2928,#2929,#1604,.T.);
#3781=EDGE_CURVE('',#2928,#2930,#1605,.T.);
#3782=EDGE_CURVE('',#2930,#2931,#1606,.T.);
#3783=EDGE_CURVE('',#2929,#2931,#1607,.T.);
#3784=EDGE_CURVE('',#2932,#2928,#1608,.T.);
#3785=EDGE_CURVE('',#2932,#2933,#1609,.T.);
#3786=EDGE_CURVE('',#2933,#2930,#1610,.T.);
#3787=EDGE_CURVE('',#2934,#2932,#1611,.T.);
#3788=EDGE_CURVE('',#2934,#2935,#1612,.T.);
#3789=EDGE_CURVE('',#2935,#2933,#1613,.T.);
#3790=EDGE_CURVE('',#2936,#2934,#1614,.T.);
#3791=EDGE_CURVE('',#2936,#2937,#1615,.T.);
#3792=EDGE_CURVE('',#2937,#2935,#1616,.T.);
#3793=EDGE_CURVE('',#2938,#2936,#1617,.T.);
#3794=EDGE_CURVE('',#2938,#2939,#1618,.T.);
#3795=EDGE_CURVE('',#2939,#2937,#1619,.T.);
#3796=EDGE_CURVE('',#2940,#2938,#1620,.T.);
#3797=EDGE_CURVE('',#2940,#2941,#1621,.T.);
#3798=EDGE_CURVE('',#2941,#2939,#1622,.T.);
#3799=EDGE_CURVE('',#2942,#2940,#1623,.T.);
#3800=EDGE_CURVE('',#2943,#2942,#1624,.T.);
#3801=EDGE_CURVE('',#2943,#2941,#1625,.T.);
#3802=EDGE_CURVE('',#2931,#2943,#1626,.T.);
#3803=EDGE_CURVE('',#2944,#2945,#1627,.T.);
#3804=EDGE_CURVE('',#2944,#2946,#1628,.T.);
#3805=EDGE_CURVE('',#2946,#2947,#1629,.T.);
#3806=EDGE_CURVE('',#2945,#2947,#1630,.T.);
#3807=EDGE_CURVE('',#2948,#2944,#1631,.T.);
#3808=EDGE_CURVE('',#2948,#2949,#1632,.T.);
#3809=EDGE_CURVE('',#2949,#2946,#1633,.T.);
#3810=EDGE_CURVE('',#2950,#2948,#1634,.T.);
#3811=EDGE_CURVE('',#2950,#2951,#1635,.T.);
#3812=EDGE_CURVE('',#2951,#2949,#1636,.T.);
#3813=EDGE_CURVE('',#2952,#2950,#1637,.T.);
#3814=EDGE_CURVE('',#2952,#2953,#1638,.T.);
#3815=EDGE_CURVE('',#2953,#2951,#1639,.T.);
#3816=EDGE_CURVE('',#2954,#2952,#1640,.T.);
#3817=EDGE_CURVE('',#2954,#2955,#1641,.T.);
#3818=EDGE_CURVE('',#2955,#2953,#1642,.T.);
#3819=EDGE_CURVE('',#2956,#2954,#1643,.T.);
#3820=EDGE_CURVE('',#2956,#2957,#1644,.T.);
#3821=EDGE_CURVE('',#2957,#2955,#1645,.T.);
#3822=EDGE_CURVE('',#2958,#2956,#1646,.T.);
#3823=EDGE_CURVE('',#2959,#2958,#1647,.T.);
#3824=EDGE_CURVE('',#2959,#2957,#1648,.T.);
#3825=EDGE_CURVE('',#2947,#2959,#1649,.T.);
#3826=EDGE_CURVE('',#2910,#2960,#1650,.T.);
#3827=EDGE_CURVE('',#2960,#2878,#1651,.T.);
#3828=EDGE_CURVE('',#2961,#2877,#1652,.T.);
#3829=EDGE_CURVE('',#2961,#2929,#1653,.T.);
#3830=EDGE_CURVE('',#2942,#2897,#1654,.T.);
#3831=EDGE_CURVE('',#2962,#2963,#1655,.T.);
#3832=EDGE_CURVE('',#2964,#2963,#1656,.T.);
#3833=EDGE_CURVE('',#2965,#2964,#1657,.T.);
#3834=EDGE_CURVE('',#2895,#2965,#1658,.T.);
#3835=EDGE_CURVE('',#2962,#2893,#1659,.T.);
#3836=EDGE_CURVE('',#2876,#2966,#1660,.T.);
#3837=EDGE_CURVE('',#2966,#2961,#1661,.T.);
#3838=EDGE_CURVE('',#2872,#2967,#1662,.T.);
#3839=EDGE_CURVE('',#2967,#2875,#1663,.T.);
#3840=EDGE_CURVE('',#2965,#2968,#1664,.T.);
#3841=EDGE_CURVE('',#2969,#2964,#1665,.T.);
#3842=EDGE_CURVE('',#2968,#2969,#1666,.T.);
#3843=EDGE_CURVE('',#2968,#2970,#1667,.T.);
#3844=EDGE_CURVE('',#2971,#2969,#1668,.T.);
#3845=EDGE_CURVE('',#2970,#2971,#1669,.T.);
#3846=EDGE_CURVE('',#2970,#2962,#1670,.T.);
#3847=EDGE_CURVE('',#2963,#2971,#1671,.T.);
#3848=EDGE_CURVE('',#2972,#2973,#1672,.T.);
#3849=EDGE_CURVE('',#2972,#2974,#1673,.T.);
#3850=EDGE_CURVE('',#2975,#2974,#1674,.T.);
#3851=EDGE_CURVE('',#2973,#2975,#1675,.T.);
#3852=EDGE_CURVE('',#2973,#2976,#1676,.T.);
#3853=EDGE_CURVE('',#2977,#2975,#1677,.T.);
#3854=EDGE_CURVE('',#2976,#2977,#1678,.T.);
#3855=EDGE_CURVE('',#2976,#2978,#1679,.T.);
#3856=EDGE_CURVE('',#2979,#2977,#1680,.T.);
#3857=EDGE_CURVE('',#2978,#2979,#1681,.T.);
#3858=EDGE_CURVE('',#2974,#2979,#1682,.T.);
#3859=EDGE_CURVE('',#2966,#2972,#1683,.T.);
#3860=EDGE_CURVE('',#2978,#2967,#1684,.T.);
#3861=EDGE_CURVE('',#2926,#2945,#1685,.T.);
#3862=EDGE_CURVE('',#2958,#2894,#1686,.T.);
#3863=EDGE_CURVE('',#2980,#2879,#1687,.T.);
#3864=EDGE_CURVE('',#2980,#2913,#1688,.T.);
#3865=EDGE_CURVE('',#2960,#2980,#1689,.T.);
#3866=ORIENTED_EDGE('',*,*,#2981,.F.);
#3867=ORIENTED_EDGE('',*,*,#2982,.T.);
#3868=ORIENTED_EDGE('',*,*,#2983,.T.);
#3869=ORIENTED_EDGE('',*,*,#2984,.F.);
#3870=ORIENTED_EDGE('',*,*,#2985,.F.);
#3871=ORIENTED_EDGE('',*,*,#2986,.T.);
#3872=ORIENTED_EDGE('',*,*,#2987,.T.);
#3873=ORIENTED_EDGE('',*,*,#2982,.F.);
#3874=ORIENTED_EDGE('',*,*,#2988,.F.);
#3875=ORIENTED_EDGE('',*,*,#2989,.T.);
#3876=ORIENTED_EDGE('',*,*,#2990,.T.);
#3877=ORIENTED_EDGE('',*,*,#2986,.F.);
#3878=ORIENTED_EDGE('',*,*,#2991,.F.);
#3879=ORIENTED_EDGE('',*,*,#2992,.T.);
#3880=ORIENTED_EDGE('',*,*,#2993,.T.);
#3881=ORIENTED_EDGE('',*,*,#2989,.F.);
#3882=ORIENTED_EDGE('',*,*,#2994,.F.);
#3883=ORIENTED_EDGE('',*,*,#2995,.T.);
#3884=ORIENTED_EDGE('',*,*,#2996,.T.);
#3885=ORIENTED_EDGE('',*,*,#2992,.F.);
#3886=ORIENTED_EDGE('',*,*,#2997,.F.);
#3887=ORIENTED_EDGE('',*,*,#2998,.T.);
#3888=ORIENTED_EDGE('',*,*,#2999,.T.);
#3889=ORIENTED_EDGE('',*,*,#2995,.F.);
#3890=ORIENTED_EDGE('',*,*,#3000,.F.);
#3891=ORIENTED_EDGE('',*,*,#3001,.T.);
#3892=ORIENTED_EDGE('',*,*,#3002,.T.);
#3893=ORIENTED_EDGE('',*,*,#2998,.F.);
#3894=ORIENTED_EDGE('',*,*,#3003,.F.);
#3895=ORIENTED_EDGE('',*,*,#3004,.T.);
#3896=ORIENTED_EDGE('',*,*,#3005,.T.);
#3897=ORIENTED_EDGE('',*,*,#3001,.F.);
#3898=ORIENTED_EDGE('',*,*,#3006,.F.);
#3899=ORIENTED_EDGE('',*,*,#3007,.T.);
#3900=ORIENTED_EDGE('',*,*,#3008,.T.);
#3901=ORIENTED_EDGE('',*,*,#3004,.F.);
#3902=ORIENTED_EDGE('',*,*,#3009,.F.);
#3903=ORIENTED_EDGE('',*,*,#2984,.T.);
#3904=ORIENTED_EDGE('',*,*,#3010,.T.);
#3905=ORIENTED_EDGE('',*,*,#3007,.F.);
#3906=ORIENTED_EDGE('',*,*,#3010,.F.);
#3907=ORIENTED_EDGE('',*,*,#2983,.F.);
#3908=ORIENTED_EDGE('',*,*,#2987,.F.);
#3909=ORIENTED_EDGE('',*,*,#2990,.F.);
#3910=ORIENTED_EDGE('',*,*,#2993,.F.);
#3911=ORIENTED_EDGE('',*,*,#2996,.F.);
#3912=ORIENTED_EDGE('',*,*,#2999,.F.);
#3913=ORIENTED_EDGE('',*,*,#3002,.F.);
#3914=ORIENTED_EDGE('',*,*,#3005,.F.);
#3915=ORIENTED_EDGE('',*,*,#3008,.F.);
#3916=ORIENTED_EDGE('',*,*,#3011,.F.);
#3917=ORIENTED_EDGE('',*,*,#3012,.T.);
#3918=ORIENTED_EDGE('',*,*,#3013,.T.);
#3919=ORIENTED_EDGE('',*,*,#3014,.F.);
#3920=ORIENTED_EDGE('',*,*,#3015,.F.);
#3921=ORIENTED_EDGE('',*,*,#3016,.T.);
#3922=ORIENTED_EDGE('',*,*,#3017,.T.);
#3923=ORIENTED_EDGE('',*,*,#3012,.F.);
#3924=ORIENTED_EDGE('',*,*,#3018,.F.);
#3925=ORIENTED_EDGE('',*,*,#3019,.T.);
#3926=ORIENTED_EDGE('',*,*,#3020,.T.);
#3927=ORIENTED_EDGE('',*,*,#3016,.F.);
#3928=ORIENTED_EDGE('',*,*,#3021,.F.);
#3929=ORIENTED_EDGE('',*,*,#3022,.T.);
#3930=ORIENTED_EDGE('',*,*,#3023,.T.);
#3931=ORIENTED_EDGE('',*,*,#3019,.F.);
#3932=ORIENTED_EDGE('',*,*,#3024,.F.);
#3933=ORIENTED_EDGE('',*,*,#3025,.T.);
#3934=ORIENTED_EDGE('',*,*,#3026,.T.);
#3935=ORIENTED_EDGE('',*,*,#3022,.F.);
#3936=ORIENTED_EDGE('',*,*,#3027,.F.);
#3937=ORIENTED_EDGE('',*,*,#3028,.T.);
#3938=ORIENTED_EDGE('',*,*,#3029,.T.);
#3939=ORIENTED_EDGE('',*,*,#3025,.F.);
#3940=ORIENTED_EDGE('',*,*,#3030,.F.);
#3941=ORIENTED_EDGE('',*,*,#3031,.T.);
#3942=ORIENTED_EDGE('',*,*,#3032,.T.);
#3943=ORIENTED_EDGE('',*,*,#3028,.F.);
#3944=ORIENTED_EDGE('',*,*,#3033,.F.);
#3945=ORIENTED_EDGE('',*,*,#3034,.T.);
#3946=ORIENTED_EDGE('',*,*,#3035,.T.);
#3947=ORIENTED_EDGE('',*,*,#3031,.F.);
#3948=ORIENTED_EDGE('',*,*,#3036,.F.);
#3949=ORIENTED_EDGE('',*,*,#3037,.T.);
#3950=ORIENTED_EDGE('',*,*,#3038,.T.);
#3951=ORIENTED_EDGE('',*,*,#3034,.F.);
#3952=ORIENTED_EDGE('',*,*,#3039,.F.);
#3953=ORIENTED_EDGE('',*,*,#3040,.T.);
#3954=ORIENTED_EDGE('',*,*,#3041,.T.);
#3955=ORIENTED_EDGE('',*,*,#3037,.F.);
#3956=ORIENTED_EDGE('',*,*,#3042,.F.);
#3957=ORIENTED_EDGE('',*,*,#3014,.T.);
#3958=ORIENTED_EDGE('',*,*,#3043,.T.);
#3959=ORIENTED_EDGE('',*,*,#3040,.F.);
#3960=ORIENTED_EDGE('',*,*,#3043,.F.);
#3961=ORIENTED_EDGE('',*,*,#3013,.F.);
#3962=ORIENTED_EDGE('',*,*,#3017,.F.);
#3963=ORIENTED_EDGE('',*,*,#3020,.F.);
#3964=ORIENTED_EDGE('',*,*,#3023,.F.);
#3965=ORIENTED_EDGE('',*,*,#3026,.F.);
#3966=ORIENTED_EDGE('',*,*,#3029,.F.);
#3967=ORIENTED_EDGE('',*,*,#3032,.F.);
#3968=ORIENTED_EDGE('',*,*,#3035,.F.);
#3969=ORIENTED_EDGE('',*,*,#3038,.F.);
#3970=ORIENTED_EDGE('',*,*,#3041,.F.);
#3971=ORIENTED_EDGE('',*,*,#3044,.F.);
#3972=ORIENTED_EDGE('',*,*,#3045,.T.);
#3973=ORIENTED_EDGE('',*,*,#3046,.T.);
#3974=ORIENTED_EDGE('',*,*,#3047,.F.);
#3975=ORIENTED_EDGE('',*,*,#3048,.F.);
#3976=ORIENTED_EDGE('',*,*,#3049,.T.);
#3977=ORIENTED_EDGE('',*,*,#3050,.T.);
#3978=ORIENTED_EDGE('',*,*,#3045,.F.);
#3979=ORIENTED_EDGE('',*,*,#3051,.F.);
#3980=ORIENTED_EDGE('',*,*,#3052,.T.);
#3981=ORIENTED_EDGE('',*,*,#3053,.T.);
#3982=ORIENTED_EDGE('',*,*,#3049,.F.);
#3983=ORIENTED_EDGE('',*,*,#3054,.F.);
#3984=ORIENTED_EDGE('',*,*,#3055,.T.);
#3985=ORIENTED_EDGE('',*,*,#3056,.T.);
#3986=ORIENTED_EDGE('',*,*,#3052,.F.);
#3987=ORIENTED_EDGE('',*,*,#3057,.F.);
#3988=ORIENTED_EDGE('',*,*,#3058,.T.);
#3989=ORIENTED_EDGE('',*,*,#3059,.T.);
#3990=ORIENTED_EDGE('',*,*,#3055,.F.);
#3991=ORIENTED_EDGE('',*,*,#3060,.F.);
#3992=ORIENTED_EDGE('',*,*,#3061,.T.);
#3993=ORIENTED_EDGE('',*,*,#3062,.T.);
#3994=ORIENTED_EDGE('',*,*,#3058,.F.);
#3995=ORIENTED_EDGE('',*,*,#3063,.F.);
#3996=ORIENTED_EDGE('',*,*,#3064,.T.);
#3997=ORIENTED_EDGE('',*,*,#3065,.T.);
#3998=ORIENTED_EDGE('',*,*,#3061,.F.);
#3999=ORIENTED_EDGE('',*,*,#3066,.F.);
#4000=ORIENTED_EDGE('',*,*,#3067,.T.);
#4001=ORIENTED_EDGE('',*,*,#3068,.T.);
#4002=ORIENTED_EDGE('',*,*,#3064,.F.);
#4003=ORIENTED_EDGE('',*,*,#3069,.F.);
#4004=ORIENTED_EDGE('',*,*,#3070,.T.);
#4005=ORIENTED_EDGE('',*,*,#3071,.T.);
#4006=ORIENTED_EDGE('',*,*,#3067,.F.);
#4007=ORIENTED_EDGE('',*,*,#3072,.F.);
#4008=ORIENTED_EDGE('',*,*,#3073,.T.);
#4009=ORIENTED_EDGE('',*,*,#3074,.T.);
#4010=ORIENTED_EDGE('',*,*,#3070,.F.);
#4011=ORIENTED_EDGE('',*,*,#3075,.F.);
#4012=ORIENTED_EDGE('',*,*,#3076,.T.);
#4013=ORIENTED_EDGE('',*,*,#3077,.T.);
#4014=ORIENTED_EDGE('',*,*,#3073,.F.);
#4015=ORIENTED_EDGE('',*,*,#3078,.F.);
#4016=ORIENTED_EDGE('',*,*,#3047,.T.);
#4017=ORIENTED_EDGE('',*,*,#3079,.T.);
#4018=ORIENTED_EDGE('',*,*,#3076,.F.);
#4019=ORIENTED_EDGE('',*,*,#3079,.F.);
#4020=ORIENTED_EDGE('',*,*,#3046,.F.);
#4021=ORIENTED_EDGE('',*,*,#3050,.F.);
#4022=ORIENTED_EDGE('',*,*,#3053,.F.);
#4023=ORIENTED_EDGE('',*,*,#3056,.F.);
#4024=ORIENTED_EDGE('',*,*,#3059,.F.);
#4025=ORIENTED_EDGE('',*,*,#3062,.F.);
#4026=ORIENTED_EDGE('',*,*,#3065,.F.);
#4027=ORIENTED_EDGE('',*,*,#3068,.F.);
#4028=ORIENTED_EDGE('',*,*,#3071,.F.);
#4029=ORIENTED_EDGE('',*,*,#3074,.F.);
#4030=ORIENTED_EDGE('',*,*,#3077,.F.);
#4031=ORIENTED_EDGE('',*,*,#3080,.F.);
#4032=ORIENTED_EDGE('',*,*,#3081,.T.);
#4033=ORIENTED_EDGE('',*,*,#3082,.T.);
#4034=ORIENTED_EDGE('',*,*,#3083,.F.);
#4035=ORIENTED_EDGE('',*,*,#3084,.F.);
#4036=ORIENTED_EDGE('',*,*,#3085,.T.);
#4037=ORIENTED_EDGE('',*,*,#3086,.T.);
#4038=ORIENTED_EDGE('',*,*,#3081,.F.);
#4039=ORIENTED_EDGE('',*,*,#3087,.F.);
#4040=ORIENTED_EDGE('',*,*,#3083,.T.);
#4041=ORIENTED_EDGE('',*,*,#3088,.T.);
#4042=ORIENTED_EDGE('',*,*,#3085,.F.);
#4043=ORIENTED_EDGE('',*,*,#3089,.F.);
#4044=ORIENTED_EDGE('',*,*,#3090,.T.);
#4045=ORIENTED_EDGE('',*,*,#3091,.T.);
#4046=ORIENTED_EDGE('',*,*,#3092,.F.);
#4047=ORIENTED_EDGE('',*,*,#3093,.F.);
#4048=ORIENTED_EDGE('',*,*,#3094,.T.);
#4049=ORIENTED_EDGE('',*,*,#3095,.T.);
#4050=ORIENTED_EDGE('',*,*,#3090,.F.);
#4051=ORIENTED_EDGE('',*,*,#3096,.F.);
#4052=ORIENTED_EDGE('',*,*,#3097,.T.);
#4053=ORIENTED_EDGE('',*,*,#3098,.T.);
#4054=ORIENTED_EDGE('',*,*,#3094,.F.);
#4055=ORIENTED_EDGE('',*,*,#3099,.F.);
#4056=ORIENTED_EDGE('',*,*,#3100,.T.);
#4057=ORIENTED_EDGE('',*,*,#3101,.T.);
#4058=ORIENTED_EDGE('',*,*,#3097,.F.);
#4059=ORIENTED_EDGE('',*,*,#3102,.F.);
#4060=ORIENTED_EDGE('',*,*,#3103,.T.);
#4061=ORIENTED_EDGE('',*,*,#3104,.T.);
#4062=ORIENTED_EDGE('',*,*,#3100,.F.);
#4063=ORIENTED_EDGE('',*,*,#3105,.F.);
#4064=ORIENTED_EDGE('',*,*,#3106,.T.);
#4065=ORIENTED_EDGE('',*,*,#3107,.T.);
#4066=ORIENTED_EDGE('',*,*,#3103,.F.);
#4067=ORIENTED_EDGE('',*,*,#3108,.F.);
#4068=ORIENTED_EDGE('',*,*,#3109,.T.);
#4069=ORIENTED_EDGE('',*,*,#3110,.T.);
#4070=ORIENTED_EDGE('',*,*,#3106,.F.);
#4071=ORIENTED_EDGE('',*,*,#3111,.F.);
#4072=ORIENTED_EDGE('',*,*,#3092,.T.);
#4073=ORIENTED_EDGE('',*,*,#3112,.T.);
#4074=ORIENTED_EDGE('',*,*,#3109,.F.);
#4075=ORIENTED_EDGE('',*,*,#3112,.F.);
#4076=ORIENTED_EDGE('',*,*,#3091,.F.);
#4077=ORIENTED_EDGE('',*,*,#3095,.F.);
#4078=ORIENTED_EDGE('',*,*,#3098,.F.);
#4079=ORIENTED_EDGE('',*,*,#3101,.F.);
#4080=ORIENTED_EDGE('',*,*,#3104,.F.);
#4081=ORIENTED_EDGE('',*,*,#3107,.F.);
#4082=ORIENTED_EDGE('',*,*,#3110,.F.);
#4083=ORIENTED_EDGE('',*,*,#3088,.F.);
#4084=ORIENTED_EDGE('',*,*,#3082,.F.);
#4085=ORIENTED_EDGE('',*,*,#3086,.F.);
#4086=ORIENTED_EDGE('',*,*,#3113,.F.);
#4087=ORIENTED_EDGE('',*,*,#3114,.T.);
#4088=ORIENTED_EDGE('',*,*,#3115,.T.);
#4089=ORIENTED_EDGE('',*,*,#3116,.F.);
#4090=ORIENTED_EDGE('',*,*,#3117,.F.);
#4091=ORIENTED_EDGE('',*,*,#3118,.T.);
#4092=ORIENTED_EDGE('',*,*,#3119,.T.);
#4093=ORIENTED_EDGE('',*,*,#3114,.F.);
#4094=ORIENTED_EDGE('',*,*,#3120,.F.);
#4095=ORIENTED_EDGE('',*,*,#3121,.T.);
#4096=ORIENTED_EDGE('',*,*,#3122,.T.);
#4097=ORIENTED_EDGE('',*,*,#3118,.F.);
#4098=ORIENTED_EDGE('',*,*,#3123,.F.);
#4099=ORIENTED_EDGE('',*,*,#3124,.T.);
#4100=ORIENTED_EDGE('',*,*,#3125,.T.);
#4101=ORIENTED_EDGE('',*,*,#3121,.F.);
#4102=ORIENTED_EDGE('',*,*,#3126,.F.);
#4103=ORIENTED_EDGE('',*,*,#3127,.T.);
#4104=ORIENTED_EDGE('',*,*,#3128,.T.);
#4105=ORIENTED_EDGE('',*,*,#3124,.F.);
#4106=ORIENTED_EDGE('',*,*,#3129,.F.);
#4107=ORIENTED_EDGE('',*,*,#3130,.T.);
#4108=ORIENTED_EDGE('',*,*,#3131,.T.);
#4109=ORIENTED_EDGE('',*,*,#3127,.F.);
#4110=ORIENTED_EDGE('',*,*,#3132,.F.);
#4111=ORIENTED_EDGE('',*,*,#3116,.T.);
#4112=ORIENTED_EDGE('',*,*,#3133,.T.);
#4113=ORIENTED_EDGE('',*,*,#3130,.F.);
#4114=ORIENTED_EDGE('',*,*,#3134,.F.);
#4115=ORIENTED_EDGE('',*,*,#3135,.T.);
#4116=ORIENTED_EDGE('',*,*,#3136,.T.);
#4117=ORIENTED_EDGE('',*,*,#3137,.F.);
#4118=ORIENTED_EDGE('',*,*,#3138,.F.);
#4119=ORIENTED_EDGE('',*,*,#3139,.T.);
#4120=ORIENTED_EDGE('',*,*,#3140,.T.);
#4121=ORIENTED_EDGE('',*,*,#3135,.F.);
#4122=ORIENTED_EDGE('',*,*,#3141,.F.);
#4123=ORIENTED_EDGE('',*,*,#3142,.T.);
#4124=ORIENTED_EDGE('',*,*,#3143,.T.);
#4125=ORIENTED_EDGE('',*,*,#3139,.F.);
#4126=ORIENTED_EDGE('',*,*,#3144,.F.);
#4127=ORIENTED_EDGE('',*,*,#3145,.T.);
#4128=ORIENTED_EDGE('',*,*,#3146,.T.);
#4129=ORIENTED_EDGE('',*,*,#3142,.F.);
#4130=ORIENTED_EDGE('',*,*,#3147,.F.);
#4131=ORIENTED_EDGE('',*,*,#3148,.T.);
#4132=ORIENTED_EDGE('',*,*,#3149,.T.);
#4133=ORIENTED_EDGE('',*,*,#3145,.F.);
#4134=ORIENTED_EDGE('',*,*,#3150,.F.);
#4135=ORIENTED_EDGE('',*,*,#3151,.T.);
#4136=ORIENTED_EDGE('',*,*,#3152,.T.);
#4137=ORIENTED_EDGE('',*,*,#3148,.F.);
#4138=ORIENTED_EDGE('',*,*,#3153,.F.);
#4139=ORIENTED_EDGE('',*,*,#3154,.T.);
#4140=ORIENTED_EDGE('',*,*,#3155,.T.);
#4141=ORIENTED_EDGE('',*,*,#3151,.F.);
#4142=ORIENTED_EDGE('',*,*,#3156,.F.);
#4143=ORIENTED_EDGE('',*,*,#3157,.T.);
#4144=ORIENTED_EDGE('',*,*,#3158,.T.);
#4145=ORIENTED_EDGE('',*,*,#3154,.F.);
#4146=ORIENTED_EDGE('',*,*,#3159,.F.);
#4147=ORIENTED_EDGE('',*,*,#3160,.T.);
#4148=ORIENTED_EDGE('',*,*,#3161,.T.);
#4149=ORIENTED_EDGE('',*,*,#3157,.F.);
#4150=ORIENTED_EDGE('',*,*,#3162,.F.);
#4151=ORIENTED_EDGE('',*,*,#3163,.T.);
#4152=ORIENTED_EDGE('',*,*,#3164,.T.);
#4153=ORIENTED_EDGE('',*,*,#3160,.F.);
#4154=ORIENTED_EDGE('',*,*,#3165,.F.);
#4155=ORIENTED_EDGE('',*,*,#3166,.T.);
#4156=ORIENTED_EDGE('',*,*,#3167,.T.);
#4157=ORIENTED_EDGE('',*,*,#3163,.F.);
#4158=ORIENTED_EDGE('',*,*,#3168,.F.);
#4159=ORIENTED_EDGE('',*,*,#3169,.T.);
#4160=ORIENTED_EDGE('',*,*,#3170,.T.);
#4161=ORIENTED_EDGE('',*,*,#3166,.F.);
#4162=ORIENTED_EDGE('',*,*,#3171,.F.);
#4163=ORIENTED_EDGE('',*,*,#3137,.T.);
#4164=ORIENTED_EDGE('',*,*,#3172,.T.);
#4165=ORIENTED_EDGE('',*,*,#3169,.F.);
#4166=ORIENTED_EDGE('',*,*,#3172,.F.);
#4167=ORIENTED_EDGE('',*,*,#3136,.F.);
#4168=ORIENTED_EDGE('',*,*,#3140,.F.);
#4169=ORIENTED_EDGE('',*,*,#3143,.F.);
#4170=ORIENTED_EDGE('',*,*,#3146,.F.);
#4171=ORIENTED_EDGE('',*,*,#3149,.F.);
#4172=ORIENTED_EDGE('',*,*,#3152,.F.);
#4173=ORIENTED_EDGE('',*,*,#3155,.F.);
#4174=ORIENTED_EDGE('',*,*,#3158,.F.);
#4175=ORIENTED_EDGE('',*,*,#3161,.F.);
#4176=ORIENTED_EDGE('',*,*,#3164,.F.);
#4177=ORIENTED_EDGE('',*,*,#3167,.F.);
#4178=ORIENTED_EDGE('',*,*,#3170,.F.);
#4179=ORIENTED_EDGE('',*,*,#3133,.F.);
#4180=ORIENTED_EDGE('',*,*,#3115,.F.);
#4181=ORIENTED_EDGE('',*,*,#3119,.F.);
#4182=ORIENTED_EDGE('',*,*,#3122,.F.);
#4183=ORIENTED_EDGE('',*,*,#3125,.F.);
#4184=ORIENTED_EDGE('',*,*,#3128,.F.);
#4185=ORIENTED_EDGE('',*,*,#3131,.F.);
#4186=ORIENTED_EDGE('',*,*,#3173,.F.);
#4187=ORIENTED_EDGE('',*,*,#3174,.T.);
#4188=ORIENTED_EDGE('',*,*,#3175,.T.);
#4189=ORIENTED_EDGE('',*,*,#3176,.F.);
#4190=ORIENTED_EDGE('',*,*,#3177,.F.);
#4191=ORIENTED_EDGE('',*,*,#3178,.T.);
#4192=ORIENTED_EDGE('',*,*,#3179,.T.);
#4193=ORIENTED_EDGE('',*,*,#3174,.F.);
#4194=ORIENTED_EDGE('',*,*,#3180,.F.);
#4195=ORIENTED_EDGE('',*,*,#3181,.T.);
#4196=ORIENTED_EDGE('',*,*,#3182,.T.);
#4197=ORIENTED_EDGE('',*,*,#3178,.F.);
#4198=ORIENTED_EDGE('',*,*,#3183,.F.);
#4199=ORIENTED_EDGE('',*,*,#3184,.T.);
#4200=ORIENTED_EDGE('',*,*,#3185,.T.);
#4201=ORIENTED_EDGE('',*,*,#3181,.F.);
#4202=ORIENTED_EDGE('',*,*,#3186,.F.);
#4203=ORIENTED_EDGE('',*,*,#3187,.T.);
#4204=ORIENTED_EDGE('',*,*,#3188,.T.);
#4205=ORIENTED_EDGE('',*,*,#3184,.F.);
#4206=ORIENTED_EDGE('',*,*,#3189,.F.);
#4207=ORIENTED_EDGE('',*,*,#3190,.T.);
#4208=ORIENTED_EDGE('',*,*,#3191,.T.);
#4209=ORIENTED_EDGE('',*,*,#3187,.F.);
#4210=ORIENTED_EDGE('',*,*,#3192,.F.);
#4211=ORIENTED_EDGE('',*,*,#3193,.T.);
#4212=ORIENTED_EDGE('',*,*,#3194,.T.);
#4213=ORIENTED_EDGE('',*,*,#3190,.F.);
#4214=ORIENTED_EDGE('',*,*,#3195,.F.);
#4215=ORIENTED_EDGE('',*,*,#3196,.T.);
#4216=ORIENTED_EDGE('',*,*,#3197,.T.);
#4217=ORIENTED_EDGE('',*,*,#3193,.F.);
#4218=ORIENTED_EDGE('',*,*,#3198,.F.);
#4219=ORIENTED_EDGE('',*,*,#3199,.T.);
#4220=ORIENTED_EDGE('',*,*,#3200,.T.);
#4221=ORIENTED_EDGE('',*,*,#3196,.F.);
#4222=ORIENTED_EDGE('',*,*,#3201,.F.);
#4223=ORIENTED_EDGE('',*,*,#3202,.T.);
#4224=ORIENTED_EDGE('',*,*,#3203,.T.);
#4225=ORIENTED_EDGE('',*,*,#3199,.F.);
#4226=ORIENTED_EDGE('',*,*,#3204,.F.);
#4227=ORIENTED_EDGE('',*,*,#3205,.T.);
#4228=ORIENTED_EDGE('',*,*,#3206,.T.);
#4229=ORIENTED_EDGE('',*,*,#3202,.F.);
#4230=ORIENTED_EDGE('',*,*,#3207,.F.);
#4231=ORIENTED_EDGE('',*,*,#3208,.T.);
#4232=ORIENTED_EDGE('',*,*,#3209,.T.);
#4233=ORIENTED_EDGE('',*,*,#3205,.F.);
#4234=ORIENTED_EDGE('',*,*,#3210,.F.);
#4235=ORIENTED_EDGE('',*,*,#3211,.T.);
#4236=ORIENTED_EDGE('',*,*,#3212,.T.);
#4237=ORIENTED_EDGE('',*,*,#3208,.F.);
#4238=ORIENTED_EDGE('',*,*,#3213,.F.);
#4239=ORIENTED_EDGE('',*,*,#3214,.T.);
#4240=ORIENTED_EDGE('',*,*,#3215,.T.);
#4241=ORIENTED_EDGE('',*,*,#3211,.F.);
#4242=ORIENTED_EDGE('',*,*,#3216,.F.);
#4243=ORIENTED_EDGE('',*,*,#3217,.T.);
#4244=ORIENTED_EDGE('',*,*,#3218,.T.);
#4245=ORIENTED_EDGE('',*,*,#3214,.F.);
#4246=ORIENTED_EDGE('',*,*,#3219,.F.);
#4247=ORIENTED_EDGE('',*,*,#3220,.T.);
#4248=ORIENTED_EDGE('',*,*,#3221,.T.);
#4249=ORIENTED_EDGE('',*,*,#3217,.F.);
#4250=ORIENTED_EDGE('',*,*,#3222,.F.);
#4251=ORIENTED_EDGE('',*,*,#3223,.T.);
#4252=ORIENTED_EDGE('',*,*,#3224,.T.);
#4253=ORIENTED_EDGE('',*,*,#3220,.F.);
#4254=ORIENTED_EDGE('',*,*,#3225,.F.);
#4255=ORIENTED_EDGE('',*,*,#3176,.T.);
#4256=ORIENTED_EDGE('',*,*,#3226,.T.);
#4257=ORIENTED_EDGE('',*,*,#3223,.F.);
#4258=ORIENTED_EDGE('',*,*,#3226,.F.);
#4259=ORIENTED_EDGE('',*,*,#3175,.F.);
#4260=ORIENTED_EDGE('',*,*,#3179,.F.);
#4261=ORIENTED_EDGE('',*,*,#3182,.F.);
#4262=ORIENTED_EDGE('',*,*,#3185,.F.);
#4263=ORIENTED_EDGE('',*,*,#3188,.F.);
#4264=ORIENTED_EDGE('',*,*,#3191,.F.);
#4265=ORIENTED_EDGE('',*,*,#3194,.F.);
#4266=ORIENTED_EDGE('',*,*,#3197,.F.);
#4267=ORIENTED_EDGE('',*,*,#3200,.F.);
#4268=ORIENTED_EDGE('',*,*,#3203,.F.);
#4269=ORIENTED_EDGE('',*,*,#3206,.F.);
#4270=ORIENTED_EDGE('',*,*,#3209,.F.);
#4271=ORIENTED_EDGE('',*,*,#3212,.F.);
#4272=ORIENTED_EDGE('',*,*,#3215,.F.);
#4273=ORIENTED_EDGE('',*,*,#3218,.F.);
#4274=ORIENTED_EDGE('',*,*,#3221,.F.);
#4275=ORIENTED_EDGE('',*,*,#3224,.F.);
#4276=ORIENTED_EDGE('',*,*,#3227,.F.);
#4277=ORIENTED_EDGE('',*,*,#3228,.T.);
#4278=ORIENTED_EDGE('',*,*,#3229,.T.);
#4279=ORIENTED_EDGE('',*,*,#3230,.F.);
#4280=ORIENTED_EDGE('',*,*,#3231,.F.);
#4281=ORIENTED_EDGE('',*,*,#3232,.T.);
#4282=ORIENTED_EDGE('',*,*,#3233,.T.);
#4283=ORIENTED_EDGE('',*,*,#3228,.F.);
#4284=ORIENTED_EDGE('',*,*,#3234,.F.);
#4285=ORIENTED_EDGE('',*,*,#3235,.T.);
#4286=ORIENTED_EDGE('',*,*,#3236,.T.);
#4287=ORIENTED_EDGE('',*,*,#3232,.F.);
#4288=ORIENTED_EDGE('',*,*,#3237,.F.);
#4289=ORIENTED_EDGE('',*,*,#3238,.T.);
#4290=ORIENTED_EDGE('',*,*,#3239,.T.);
#4291=ORIENTED_EDGE('',*,*,#3235,.F.);
#4292=ORIENTED_EDGE('',*,*,#3240,.F.);
#4293=ORIENTED_EDGE('',*,*,#3241,.T.);
#4294=ORIENTED_EDGE('',*,*,#3242,.T.);
#4295=ORIENTED_EDGE('',*,*,#3238,.F.);
#4296=ORIENTED_EDGE('',*,*,#3243,.F.);
#4297=ORIENTED_EDGE('',*,*,#3244,.T.);
#4298=ORIENTED_EDGE('',*,*,#3245,.T.);
#4299=ORIENTED_EDGE('',*,*,#3241,.F.);
#4300=ORIENTED_EDGE('',*,*,#3246,.F.);
#4301=ORIENTED_EDGE('',*,*,#3247,.T.);
#4302=ORIENTED_EDGE('',*,*,#3248,.T.);
#4303=ORIENTED_EDGE('',*,*,#3244,.F.);
#4304=ORIENTED_EDGE('',*,*,#3249,.F.);
#4305=ORIENTED_EDGE('',*,*,#3250,.T.);
#4306=ORIENTED_EDGE('',*,*,#3251,.T.);
#4307=ORIENTED_EDGE('',*,*,#3247,.F.);
#4308=ORIENTED_EDGE('',*,*,#3252,.F.);
#4309=ORIENTED_EDGE('',*,*,#3253,.T.);
#4310=ORIENTED_EDGE('',*,*,#3254,.T.);
#4311=ORIENTED_EDGE('',*,*,#3250,.F.);
#4312=ORIENTED_EDGE('',*,*,#3255,.F.);
#4313=ORIENTED_EDGE('',*,*,#3256,.T.);
#4314=ORIENTED_EDGE('',*,*,#3257,.T.);
#4315=ORIENTED_EDGE('',*,*,#3253,.F.);
#4316=ORIENTED_EDGE('',*,*,#3258,.F.);
#4317=ORIENTED_EDGE('',*,*,#3259,.T.);
#4318=ORIENTED_EDGE('',*,*,#3260,.T.);
#4319=ORIENTED_EDGE('',*,*,#3256,.F.);
#4320=ORIENTED_EDGE('',*,*,#3261,.F.);
#4321=ORIENTED_EDGE('',*,*,#3262,.T.);
#4322=ORIENTED_EDGE('',*,*,#3263,.T.);
#4323=ORIENTED_EDGE('',*,*,#3259,.F.);
#4324=ORIENTED_EDGE('',*,*,#3264,.F.);
#4325=ORIENTED_EDGE('',*,*,#3265,.T.);
#4326=ORIENTED_EDGE('',*,*,#3266,.T.);
#4327=ORIENTED_EDGE('',*,*,#3262,.F.);
#4328=ORIENTED_EDGE('',*,*,#3267,.F.);
#4329=ORIENTED_EDGE('',*,*,#3230,.T.);
#4330=ORIENTED_EDGE('',*,*,#3268,.T.);
#4331=ORIENTED_EDGE('',*,*,#3265,.F.);
#4332=ORIENTED_EDGE('',*,*,#3268,.F.);
#4333=ORIENTED_EDGE('',*,*,#3229,.F.);
#4334=ORIENTED_EDGE('',*,*,#3233,.F.);
#4335=ORIENTED_EDGE('',*,*,#3236,.F.);
#4336=ORIENTED_EDGE('',*,*,#3239,.F.);
#4337=ORIENTED_EDGE('',*,*,#3242,.F.);
#4338=ORIENTED_EDGE('',*,*,#3245,.F.);
#4339=ORIENTED_EDGE('',*,*,#3248,.F.);
#4340=ORIENTED_EDGE('',*,*,#3251,.F.);
#4341=ORIENTED_EDGE('',*,*,#3254,.F.);
#4342=ORIENTED_EDGE('',*,*,#3257,.F.);
#4343=ORIENTED_EDGE('',*,*,#3260,.F.);
#4344=ORIENTED_EDGE('',*,*,#3263,.F.);
#4345=ORIENTED_EDGE('',*,*,#3266,.F.);
#4346=ORIENTED_EDGE('',*,*,#3269,.F.);
#4347=ORIENTED_EDGE('',*,*,#3270,.T.);
#4348=ORIENTED_EDGE('',*,*,#3271,.T.);
#4349=ORIENTED_EDGE('',*,*,#3272,.F.);
#4350=ORIENTED_EDGE('',*,*,#3273,.F.);
#4351=ORIENTED_EDGE('',*,*,#3274,.T.);
#4352=ORIENTED_EDGE('',*,*,#3275,.T.);
#4353=ORIENTED_EDGE('',*,*,#3270,.F.);
#4354=ORIENTED_EDGE('',*,*,#3276,.F.);
#4355=ORIENTED_EDGE('',*,*,#3277,.T.);
#4356=ORIENTED_EDGE('',*,*,#3278,.T.);
#4357=ORIENTED_EDGE('',*,*,#3274,.F.);
#4358=ORIENTED_EDGE('',*,*,#3279,.F.);
#4359=ORIENTED_EDGE('',*,*,#3280,.T.);
#4360=ORIENTED_EDGE('',*,*,#3281,.T.);
#4361=ORIENTED_EDGE('',*,*,#3277,.F.);
#4362=ORIENTED_EDGE('',*,*,#3282,.F.);
#4363=ORIENTED_EDGE('',*,*,#3283,.T.);
#4364=ORIENTED_EDGE('',*,*,#3284,.T.);
#4365=ORIENTED_EDGE('',*,*,#3280,.F.);
#4366=ORIENTED_EDGE('',*,*,#3285,.F.);
#4367=ORIENTED_EDGE('',*,*,#3272,.T.);
#4368=ORIENTED_EDGE('',*,*,#3286,.T.);
#4369=ORIENTED_EDGE('',*,*,#3283,.F.);
#4370=ORIENTED_EDGE('',*,*,#3286,.F.);
#4371=ORIENTED_EDGE('',*,*,#3271,.F.);
#4372=ORIENTED_EDGE('',*,*,#3275,.F.);
#4373=ORIENTED_EDGE('',*,*,#3278,.F.);
#4374=ORIENTED_EDGE('',*,*,#3281,.F.);
#4375=ORIENTED_EDGE('',*,*,#3284,.F.);
#4376=ORIENTED_EDGE('',*,*,#3287,.F.);
#4377=ORIENTED_EDGE('',*,*,#3288,.T.);
#4378=ORIENTED_EDGE('',*,*,#3289,.T.);
#4379=ORIENTED_EDGE('',*,*,#3290,.F.);
#4380=ORIENTED_EDGE('',*,*,#3291,.F.);
#4381=ORIENTED_EDGE('',*,*,#3292,.T.);
#4382=ORIENTED_EDGE('',*,*,#3293,.T.);
#4383=ORIENTED_EDGE('',*,*,#3288,.F.);
#4384=ORIENTED_EDGE('',*,*,#3294,.F.);
#4385=ORIENTED_EDGE('',*,*,#3295,.T.);
#4386=ORIENTED_EDGE('',*,*,#3296,.T.);
#4387=ORIENTED_EDGE('',*,*,#3292,.F.);
#4388=ORIENTED_EDGE('',*,*,#3297,.F.);
#4389=ORIENTED_EDGE('',*,*,#3298,.T.);
#4390=ORIENTED_EDGE('',*,*,#3299,.T.);
#4391=ORIENTED_EDGE('',*,*,#3295,.F.);
#4392=ORIENTED_EDGE('',*,*,#3300,.F.);
#4393=ORIENTED_EDGE('',*,*,#3301,.T.);
#4394=ORIENTED_EDGE('',*,*,#3302,.T.);
#4395=ORIENTED_EDGE('',*,*,#3298,.F.);
#4396=ORIENTED_EDGE('',*,*,#3303,.F.);
#4397=ORIENTED_EDGE('',*,*,#3304,.T.);
#4398=ORIENTED_EDGE('',*,*,#3305,.T.);
#4399=ORIENTED_EDGE('',*,*,#3301,.F.);
#4400=ORIENTED_EDGE('',*,*,#3306,.F.);
#4401=ORIENTED_EDGE('',*,*,#3307,.T.);
#4402=ORIENTED_EDGE('',*,*,#3308,.T.);
#4403=ORIENTED_EDGE('',*,*,#3304,.F.);
#4404=ORIENTED_EDGE('',*,*,#3309,.F.);
#4405=ORIENTED_EDGE('',*,*,#3310,.T.);
#4406=ORIENTED_EDGE('',*,*,#3311,.T.);
#4407=ORIENTED_EDGE('',*,*,#3307,.F.);
#4408=ORIENTED_EDGE('',*,*,#3312,.F.);
#4409=ORIENTED_EDGE('',*,*,#3313,.T.);
#4410=ORIENTED_EDGE('',*,*,#3314,.T.);
#4411=ORIENTED_EDGE('',*,*,#3310,.F.);
#4412=ORIENTED_EDGE('',*,*,#3315,.F.);
#4413=ORIENTED_EDGE('',*,*,#3316,.T.);
#4414=ORIENTED_EDGE('',*,*,#3317,.T.);
#4415=ORIENTED_EDGE('',*,*,#3313,.F.);
#4416=ORIENTED_EDGE('',*,*,#3318,.F.);
#4417=ORIENTED_EDGE('',*,*,#3290,.T.);
#4418=ORIENTED_EDGE('',*,*,#3319,.T.);
#4419=ORIENTED_EDGE('',*,*,#3316,.F.);
#4420=ORIENTED_EDGE('',*,*,#3319,.F.);
#4421=ORIENTED_EDGE('',*,*,#3289,.F.);
#4422=ORIENTED_EDGE('',*,*,#3293,.F.);
#4423=ORIENTED_EDGE('',*,*,#3296,.F.);
#4424=ORIENTED_EDGE('',*,*,#3299,.F.);
#4425=ORIENTED_EDGE('',*,*,#3302,.F.);
#4426=ORIENTED_EDGE('',*,*,#3305,.F.);
#4427=ORIENTED_EDGE('',*,*,#3308,.F.);
#4428=ORIENTED_EDGE('',*,*,#3311,.F.);
#4429=ORIENTED_EDGE('',*,*,#3314,.F.);
#4430=ORIENTED_EDGE('',*,*,#3317,.F.);
#4431=ORIENTED_EDGE('',*,*,#3320,.F.);
#4432=ORIENTED_EDGE('',*,*,#3321,.T.);
#4433=ORIENTED_EDGE('',*,*,#3322,.T.);
#4434=ORIENTED_EDGE('',*,*,#3323,.F.);
#4435=ORIENTED_EDGE('',*,*,#3324,.F.);
#4436=ORIENTED_EDGE('',*,*,#3325,.T.);
#4437=ORIENTED_EDGE('',*,*,#3326,.T.);
#4438=ORIENTED_EDGE('',*,*,#3321,.F.);
#4439=ORIENTED_EDGE('',*,*,#3327,.F.);
#4440=ORIENTED_EDGE('',*,*,#3328,.T.);
#4441=ORIENTED_EDGE('',*,*,#3329,.T.);
#4442=ORIENTED_EDGE('',*,*,#3325,.F.);
#4443=ORIENTED_EDGE('',*,*,#3330,.F.);
#4444=ORIENTED_EDGE('',*,*,#3331,.T.);
#4445=ORIENTED_EDGE('',*,*,#3332,.T.);
#4446=ORIENTED_EDGE('',*,*,#3328,.F.);
#4447=ORIENTED_EDGE('',*,*,#3333,.F.);
#4448=ORIENTED_EDGE('',*,*,#3334,.T.);
#4449=ORIENTED_EDGE('',*,*,#3335,.T.);
#4450=ORIENTED_EDGE('',*,*,#3331,.F.);
#4451=ORIENTED_EDGE('',*,*,#3336,.F.);
#4452=ORIENTED_EDGE('',*,*,#3337,.T.);
#4453=ORIENTED_EDGE('',*,*,#3338,.T.);
#4454=ORIENTED_EDGE('',*,*,#3334,.F.);
#4455=ORIENTED_EDGE('',*,*,#3339,.F.);
#4456=ORIENTED_EDGE('',*,*,#3340,.T.);
#4457=ORIENTED_EDGE('',*,*,#3341,.T.);
#4458=ORIENTED_EDGE('',*,*,#3337,.F.);
#4459=ORIENTED_EDGE('',*,*,#3342,.F.);
#4460=ORIENTED_EDGE('',*,*,#3343,.T.);
#4461=ORIENTED_EDGE('',*,*,#3344,.T.);
#4462=ORIENTED_EDGE('',*,*,#3340,.F.);
#4463=ORIENTED_EDGE('',*,*,#3345,.F.);
#4464=ORIENTED_EDGE('',*,*,#3346,.T.);
#4465=ORIENTED_EDGE('',*,*,#3347,.T.);
#4466=ORIENTED_EDGE('',*,*,#3343,.F.);
#4467=ORIENTED_EDGE('',*,*,#3348,.F.);
#4468=ORIENTED_EDGE('',*,*,#3323,.T.);
#4469=ORIENTED_EDGE('',*,*,#3349,.T.);
#4470=ORIENTED_EDGE('',*,*,#3346,.F.);
#4471=ORIENTED_EDGE('',*,*,#3349,.F.);
#4472=ORIENTED_EDGE('',*,*,#3322,.F.);
#4473=ORIENTED_EDGE('',*,*,#3326,.F.);
#4474=ORIENTED_EDGE('',*,*,#3329,.F.);
#4475=ORIENTED_EDGE('',*,*,#3332,.F.);
#4476=ORIENTED_EDGE('',*,*,#3335,.F.);
#4477=ORIENTED_EDGE('',*,*,#3338,.F.);
#4478=ORIENTED_EDGE('',*,*,#3341,.F.);
#4479=ORIENTED_EDGE('',*,*,#3344,.F.);
#4480=ORIENTED_EDGE('',*,*,#3347,.F.);
#4481=ORIENTED_EDGE('',*,*,#3350,.F.);
#4482=ORIENTED_EDGE('',*,*,#3351,.T.);
#4483=ORIENTED_EDGE('',*,*,#3352,.T.);
#4484=ORIENTED_EDGE('',*,*,#3353,.F.);
#4485=ORIENTED_EDGE('',*,*,#3354,.F.);
#4486=ORIENTED_EDGE('',*,*,#3355,.T.);
#4487=ORIENTED_EDGE('',*,*,#3356,.T.);
#4488=ORIENTED_EDGE('',*,*,#3351,.F.);
#4489=ORIENTED_EDGE('',*,*,#3357,.F.);
#4490=ORIENTED_EDGE('',*,*,#3358,.T.);
#4491=ORIENTED_EDGE('',*,*,#3359,.T.);
#4492=ORIENTED_EDGE('',*,*,#3355,.F.);
#4493=ORIENTED_EDGE('',*,*,#3360,.F.);
#4494=ORIENTED_EDGE('',*,*,#3361,.T.);
#4495=ORIENTED_EDGE('',*,*,#3362,.T.);
#4496=ORIENTED_EDGE('',*,*,#3358,.F.);
#4497=ORIENTED_EDGE('',*,*,#3363,.F.);
#4498=ORIENTED_EDGE('',*,*,#3364,.T.);
#4499=ORIENTED_EDGE('',*,*,#3365,.T.);
#4500=ORIENTED_EDGE('',*,*,#3361,.F.);
#4501=ORIENTED_EDGE('',*,*,#3366,.F.);
#4502=ORIENTED_EDGE('',*,*,#3367,.T.);
#4503=ORIENTED_EDGE('',*,*,#3368,.T.);
#4504=ORIENTED_EDGE('',*,*,#3364,.F.);
#4505=ORIENTED_EDGE('',*,*,#3369,.F.);
#4506=ORIENTED_EDGE('',*,*,#3370,.T.);
#4507=ORIENTED_EDGE('',*,*,#3371,.T.);
#4508=ORIENTED_EDGE('',*,*,#3367,.F.);
#4509=ORIENTED_EDGE('',*,*,#3372,.F.);
#4510=ORIENTED_EDGE('',*,*,#3373,.T.);
#4511=ORIENTED_EDGE('',*,*,#3374,.T.);
#4512=ORIENTED_EDGE('',*,*,#3370,.F.);
#4513=ORIENTED_EDGE('',*,*,#3375,.F.);
#4514=ORIENTED_EDGE('',*,*,#3376,.T.);
#4515=ORIENTED_EDGE('',*,*,#3377,.T.);
#4516=ORIENTED_EDGE('',*,*,#3373,.F.);
#4517=ORIENTED_EDGE('',*,*,#3378,.F.);
#4518=ORIENTED_EDGE('',*,*,#3379,.T.);
#4519=ORIENTED_EDGE('',*,*,#3380,.T.);
#4520=ORIENTED_EDGE('',*,*,#3376,.F.);
#4521=ORIENTED_EDGE('',*,*,#3381,.F.);
#4522=ORIENTED_EDGE('',*,*,#3382,.T.);
#4523=ORIENTED_EDGE('',*,*,#3383,.T.);
#4524=ORIENTED_EDGE('',*,*,#3379,.F.);
#4525=ORIENTED_EDGE('',*,*,#3384,.F.);
#4526=ORIENTED_EDGE('',*,*,#3385,.T.);
#4527=ORIENTED_EDGE('',*,*,#3386,.T.);
#4528=ORIENTED_EDGE('',*,*,#3382,.F.);
#4529=ORIENTED_EDGE('',*,*,#3387,.F.);
#4530=ORIENTED_EDGE('',*,*,#3388,.T.);
#4531=ORIENTED_EDGE('',*,*,#3389,.T.);
#4532=ORIENTED_EDGE('',*,*,#3385,.F.);
#4533=ORIENTED_EDGE('',*,*,#3390,.F.);
#4534=ORIENTED_EDGE('',*,*,#3391,.T.);
#4535=ORIENTED_EDGE('',*,*,#3392,.T.);
#4536=ORIENTED_EDGE('',*,*,#3388,.F.);
#4537=ORIENTED_EDGE('',*,*,#3393,.F.);
#4538=ORIENTED_EDGE('',*,*,#3394,.T.);
#4539=ORIENTED_EDGE('',*,*,#3395,.T.);
#4540=ORIENTED_EDGE('',*,*,#3391,.F.);
#4541=ORIENTED_EDGE('',*,*,#3396,.F.);
#4542=ORIENTED_EDGE('',*,*,#3397,.T.);
#4543=ORIENTED_EDGE('',*,*,#3398,.T.);
#4544=ORIENTED_EDGE('',*,*,#3394,.F.);
#4545=ORIENTED_EDGE('',*,*,#3399,.F.);
#4546=ORIENTED_EDGE('',*,*,#3400,.T.);
#4547=ORIENTED_EDGE('',*,*,#3401,.T.);
#4548=ORIENTED_EDGE('',*,*,#3397,.F.);
#4549=ORIENTED_EDGE('',*,*,#3402,.F.);
#4550=ORIENTED_EDGE('',*,*,#3403,.T.);
#4551=ORIENTED_EDGE('',*,*,#3404,.T.);
#4552=ORIENTED_EDGE('',*,*,#3400,.F.);
#4553=ORIENTED_EDGE('',*,*,#3405,.F.);
#4554=ORIENTED_EDGE('',*,*,#3406,.T.);
#4555=ORIENTED_EDGE('',*,*,#3407,.T.);
#4556=ORIENTED_EDGE('',*,*,#3403,.F.);
#4557=ORIENTED_EDGE('',*,*,#3408,.F.);
#4558=ORIENTED_EDGE('',*,*,#3409,.T.);
#4559=ORIENTED_EDGE('',*,*,#3410,.T.);
#4560=ORIENTED_EDGE('',*,*,#3406,.F.);
#4561=ORIENTED_EDGE('',*,*,#3411,.F.);
#4562=ORIENTED_EDGE('',*,*,#3412,.T.);
#4563=ORIENTED_EDGE('',*,*,#3413,.T.);
#4564=ORIENTED_EDGE('',*,*,#3409,.F.);
#4565=ORIENTED_EDGE('',*,*,#3414,.F.);
#4566=ORIENTED_EDGE('',*,*,#3415,.T.);
#4567=ORIENTED_EDGE('',*,*,#3416,.T.);
#4568=ORIENTED_EDGE('',*,*,#3412,.F.);
#4569=ORIENTED_EDGE('',*,*,#3417,.F.);
#4570=ORIENTED_EDGE('',*,*,#3418,.T.);
#4571=ORIENTED_EDGE('',*,*,#3419,.T.);
#4572=ORIENTED_EDGE('',*,*,#3415,.F.);
#4573=ORIENTED_EDGE('',*,*,#3420,.F.);
#4574=ORIENTED_EDGE('',*,*,#3421,.T.);
#4575=ORIENTED_EDGE('',*,*,#3422,.T.);
#4576=ORIENTED_EDGE('',*,*,#3418,.F.);
#4577=ORIENTED_EDGE('',*,*,#3423,.F.);
#4578=ORIENTED_EDGE('',*,*,#3424,.T.);
#4579=ORIENTED_EDGE('',*,*,#3425,.T.);
#4580=ORIENTED_EDGE('',*,*,#3421,.F.);
#4581=ORIENTED_EDGE('',*,*,#3426,.F.);
#4582=ORIENTED_EDGE('',*,*,#3427,.T.);
#4583=ORIENTED_EDGE('',*,*,#3428,.T.);
#4584=ORIENTED_EDGE('',*,*,#3424,.F.);
#4585=ORIENTED_EDGE('',*,*,#3429,.F.);
#4586=ORIENTED_EDGE('',*,*,#3430,.T.);
#4587=ORIENTED_EDGE('',*,*,#3431,.T.);
#4588=ORIENTED_EDGE('',*,*,#3427,.F.);
#4589=ORIENTED_EDGE('',*,*,#3432,.F.);
#4590=ORIENTED_EDGE('',*,*,#3433,.T.);
#4591=ORIENTED_EDGE('',*,*,#3434,.T.);
#4592=ORIENTED_EDGE('',*,*,#3430,.F.);
#4593=ORIENTED_EDGE('',*,*,#3435,.F.);
#4594=ORIENTED_EDGE('',*,*,#3436,.T.);
#4595=ORIENTED_EDGE('',*,*,#3437,.T.);
#4596=ORIENTED_EDGE('',*,*,#3433,.F.);
#4597=ORIENTED_EDGE('',*,*,#3438,.F.);
#4598=ORIENTED_EDGE('',*,*,#3439,.T.);
#4599=ORIENTED_EDGE('',*,*,#3440,.T.);
#4600=ORIENTED_EDGE('',*,*,#3436,.F.);
#4601=ORIENTED_EDGE('',*,*,#3441,.F.);
#4602=ORIENTED_EDGE('',*,*,#3442,.T.);
#4603=ORIENTED_EDGE('',*,*,#3443,.T.);
#4604=ORIENTED_EDGE('',*,*,#3439,.F.);
#4605=ORIENTED_EDGE('',*,*,#3444,.F.);
#4606=ORIENTED_EDGE('',*,*,#3445,.T.);
#4607=ORIENTED_EDGE('',*,*,#3446,.T.);
#4608=ORIENTED_EDGE('',*,*,#3442,.F.);
#4609=ORIENTED_EDGE('',*,*,#3447,.F.);
#4610=ORIENTED_EDGE('',*,*,#3448,.T.);
#4611=ORIENTED_EDGE('',*,*,#3449,.T.);
#4612=ORIENTED_EDGE('',*,*,#3445,.F.);
#4613=ORIENTED_EDGE('',*,*,#3450,.F.);
#4614=ORIENTED_EDGE('',*,*,#3451,.T.);
#4615=ORIENTED_EDGE('',*,*,#3452,.T.);
#4616=ORIENTED_EDGE('',*,*,#3448,.F.);
#4617=ORIENTED_EDGE('',*,*,#3453,.F.);
#4618=ORIENTED_EDGE('',*,*,#3353,.T.);
#4619=ORIENTED_EDGE('',*,*,#3454,.T.);
#4620=ORIENTED_EDGE('',*,*,#3451,.F.);
#4621=ORIENTED_EDGE('',*,*,#3454,.F.);
#4622=ORIENTED_EDGE('',*,*,#3352,.F.);
#4623=ORIENTED_EDGE('',*,*,#3356,.F.);
#4624=ORIENTED_EDGE('',*,*,#3359,.F.);
#4625=ORIENTED_EDGE('',*,*,#3362,.F.);
#4626=ORIENTED_EDGE('',*,*,#3365,.F.);
#4627=ORIENTED_EDGE('',*,*,#3368,.F.);
#4628=ORIENTED_EDGE('',*,*,#3371,.F.);
#4629=ORIENTED_EDGE('',*,*,#3374,.F.);
#4630=ORIENTED_EDGE('',*,*,#3377,.F.);
#4631=ORIENTED_EDGE('',*,*,#3380,.F.);
#4632=ORIENTED_EDGE('',*,*,#3383,.F.);
#4633=ORIENTED_EDGE('',*,*,#3386,.F.);
#4634=ORIENTED_EDGE('',*,*,#3389,.F.);
#4635=ORIENTED_EDGE('',*,*,#3392,.F.);
#4636=ORIENTED_EDGE('',*,*,#3395,.F.);
#4637=ORIENTED_EDGE('',*,*,#3398,.F.);
#4638=ORIENTED_EDGE('',*,*,#3401,.F.);
#4639=ORIENTED_EDGE('',*,*,#3404,.F.);
#4640=ORIENTED_EDGE('',*,*,#3407,.F.);
#4641=ORIENTED_EDGE('',*,*,#3410,.F.);
#4642=ORIENTED_EDGE('',*,*,#3413,.F.);
#4643=ORIENTED_EDGE('',*,*,#3416,.F.);
#4644=ORIENTED_EDGE('',*,*,#3419,.F.);
#4645=ORIENTED_EDGE('',*,*,#3422,.F.);
#4646=ORIENTED_EDGE('',*,*,#3425,.F.);
#4647=ORIENTED_EDGE('',*,*,#3428,.F.);
#4648=ORIENTED_EDGE('',*,*,#3431,.F.);
#4649=ORIENTED_EDGE('',*,*,#3434,.F.);
#4650=ORIENTED_EDGE('',*,*,#3437,.F.);
#4651=ORIENTED_EDGE('',*,*,#3440,.F.);
#4652=ORIENTED_EDGE('',*,*,#3443,.F.);
#4653=ORIENTED_EDGE('',*,*,#3446,.F.);
#4654=ORIENTED_EDGE('',*,*,#3449,.F.);
#4655=ORIENTED_EDGE('',*,*,#3452,.F.);
#4656=ORIENTED_EDGE('',*,*,#3455,.F.);
#4657=ORIENTED_EDGE('',*,*,#3456,.T.);
#4658=ORIENTED_EDGE('',*,*,#3457,.T.);
#4659=ORIENTED_EDGE('',*,*,#3458,.F.);
#4660=ORIENTED_EDGE('',*,*,#3459,.F.);
#4661=ORIENTED_EDGE('',*,*,#3460,.T.);
#4662=ORIENTED_EDGE('',*,*,#3461,.T.);
#4663=ORIENTED_EDGE('',*,*,#3456,.F.);
#4664=ORIENTED_EDGE('',*,*,#3462,.F.);
#4665=ORIENTED_EDGE('',*,*,#3463,.T.);
#4666=ORIENTED_EDGE('',*,*,#3464,.T.);
#4667=ORIENTED_EDGE('',*,*,#3460,.F.);
#4668=ORIENTED_EDGE('',*,*,#3465,.F.);
#4669=ORIENTED_EDGE('',*,*,#3466,.T.);
#4670=ORIENTED_EDGE('',*,*,#3467,.T.);
#4671=ORIENTED_EDGE('',*,*,#3463,.F.);
#4672=ORIENTED_EDGE('',*,*,#3468,.F.);
#4673=ORIENTED_EDGE('',*,*,#3469,.T.);
#4674=ORIENTED_EDGE('',*,*,#3470,.T.);
#4675=ORIENTED_EDGE('',*,*,#3466,.F.);
#4676=ORIENTED_EDGE('',*,*,#3471,.F.);
#4677=ORIENTED_EDGE('',*,*,#3472,.T.);
#4678=ORIENTED_EDGE('',*,*,#3473,.T.);
#4679=ORIENTED_EDGE('',*,*,#3469,.F.);
#4680=ORIENTED_EDGE('',*,*,#3474,.F.);
#4681=ORIENTED_EDGE('',*,*,#3475,.T.);
#4682=ORIENTED_EDGE('',*,*,#3476,.T.);
#4683=ORIENTED_EDGE('',*,*,#3472,.F.);
#4684=ORIENTED_EDGE('',*,*,#3477,.F.);
#4685=ORIENTED_EDGE('',*,*,#3478,.T.);
#4686=ORIENTED_EDGE('',*,*,#3479,.T.);
#4687=ORIENTED_EDGE('',*,*,#3475,.F.);
#4688=ORIENTED_EDGE('',*,*,#3480,.F.);
#4689=ORIENTED_EDGE('',*,*,#3481,.T.);
#4690=ORIENTED_EDGE('',*,*,#3482,.T.);
#4691=ORIENTED_EDGE('',*,*,#3478,.F.);
#4692=ORIENTED_EDGE('',*,*,#3483,.F.);
#4693=ORIENTED_EDGE('',*,*,#3484,.T.);
#4694=ORIENTED_EDGE('',*,*,#3485,.T.);
#4695=ORIENTED_EDGE('',*,*,#3481,.F.);
#4696=ORIENTED_EDGE('',*,*,#3486,.F.);
#4697=ORIENTED_EDGE('',*,*,#3487,.T.);
#4698=ORIENTED_EDGE('',*,*,#3488,.T.);
#4699=ORIENTED_EDGE('',*,*,#3484,.F.);
#4700=ORIENTED_EDGE('',*,*,#3489,.F.);
#4701=ORIENTED_EDGE('',*,*,#3490,.T.);
#4702=ORIENTED_EDGE('',*,*,#3491,.T.);
#4703=ORIENTED_EDGE('',*,*,#3487,.F.);
#4704=ORIENTED_EDGE('',*,*,#3492,.F.);
#4705=ORIENTED_EDGE('',*,*,#3493,.T.);
#4706=ORIENTED_EDGE('',*,*,#3494,.T.);
#4707=ORIENTED_EDGE('',*,*,#3490,.F.);
#4708=ORIENTED_EDGE('',*,*,#3495,.F.);
#4709=ORIENTED_EDGE('',*,*,#3496,.T.);
#4710=ORIENTED_EDGE('',*,*,#3497,.T.);
#4711=ORIENTED_EDGE('',*,*,#3493,.F.);
#4712=ORIENTED_EDGE('',*,*,#3498,.F.);
#4713=ORIENTED_EDGE('',*,*,#3499,.T.);
#4714=ORIENTED_EDGE('',*,*,#3500,.T.);
#4715=ORIENTED_EDGE('',*,*,#3496,.F.);
#4716=ORIENTED_EDGE('',*,*,#3501,.F.);
#4717=ORIENTED_EDGE('',*,*,#3502,.T.);
#4718=ORIENTED_EDGE('',*,*,#3503,.T.);
#4719=ORIENTED_EDGE('',*,*,#3499,.F.);
#4720=ORIENTED_EDGE('',*,*,#3504,.F.);
#4721=ORIENTED_EDGE('',*,*,#3505,.T.);
#4722=ORIENTED_EDGE('',*,*,#3506,.T.);
#4723=ORIENTED_EDGE('',*,*,#3502,.F.);
#4724=ORIENTED_EDGE('',*,*,#3507,.F.);
#4725=ORIENTED_EDGE('',*,*,#3508,.T.);
#4726=ORIENTED_EDGE('',*,*,#3509,.T.);
#4727=ORIENTED_EDGE('',*,*,#3505,.F.);
#4728=ORIENTED_EDGE('',*,*,#3510,.F.);
#4729=ORIENTED_EDGE('',*,*,#3511,.T.);
#4730=ORIENTED_EDGE('',*,*,#3512,.T.);
#4731=ORIENTED_EDGE('',*,*,#3508,.F.);
#4732=ORIENTED_EDGE('',*,*,#3513,.F.);
#4733=ORIENTED_EDGE('',*,*,#3514,.T.);
#4734=ORIENTED_EDGE('',*,*,#3515,.T.);
#4735=ORIENTED_EDGE('',*,*,#3511,.F.);
#4736=ORIENTED_EDGE('',*,*,#3516,.F.);
#4737=ORIENTED_EDGE('',*,*,#3517,.T.);
#4738=ORIENTED_EDGE('',*,*,#3518,.T.);
#4739=ORIENTED_EDGE('',*,*,#3514,.F.);
#4740=ORIENTED_EDGE('',*,*,#3519,.F.);
#4741=ORIENTED_EDGE('',*,*,#3520,.T.);
#4742=ORIENTED_EDGE('',*,*,#3521,.T.);
#4743=ORIENTED_EDGE('',*,*,#3517,.F.);
#4744=ORIENTED_EDGE('',*,*,#3522,.F.);
#4745=ORIENTED_EDGE('',*,*,#3523,.T.);
#4746=ORIENTED_EDGE('',*,*,#3524,.T.);
#4747=ORIENTED_EDGE('',*,*,#3520,.F.);
#4748=ORIENTED_EDGE('',*,*,#3525,.F.);
#4749=ORIENTED_EDGE('',*,*,#3526,.T.);
#4750=ORIENTED_EDGE('',*,*,#3527,.T.);
#4751=ORIENTED_EDGE('',*,*,#3523,.F.);
#4752=ORIENTED_EDGE('',*,*,#3528,.F.);
#4753=ORIENTED_EDGE('',*,*,#3529,.T.);
#4754=ORIENTED_EDGE('',*,*,#3530,.T.);
#4755=ORIENTED_EDGE('',*,*,#3526,.F.);
#4756=ORIENTED_EDGE('',*,*,#3531,.F.);
#4757=ORIENTED_EDGE('',*,*,#3532,.T.);
#4758=ORIENTED_EDGE('',*,*,#3533,.T.);
#4759=ORIENTED_EDGE('',*,*,#3529,.F.);
#4760=ORIENTED_EDGE('',*,*,#3534,.F.);
#4761=ORIENTED_EDGE('',*,*,#3535,.T.);
#4762=ORIENTED_EDGE('',*,*,#3536,.T.);
#4763=ORIENTED_EDGE('',*,*,#3532,.F.);
#4764=ORIENTED_EDGE('',*,*,#3537,.F.);
#4765=ORIENTED_EDGE('',*,*,#3538,.T.);
#4766=ORIENTED_EDGE('',*,*,#3539,.T.);
#4767=ORIENTED_EDGE('',*,*,#3535,.F.);
#4768=ORIENTED_EDGE('',*,*,#3540,.F.);
#4769=ORIENTED_EDGE('',*,*,#3458,.T.);
#4770=ORIENTED_EDGE('',*,*,#3541,.T.);
#4771=ORIENTED_EDGE('',*,*,#3538,.F.);
#4772=ORIENTED_EDGE('',*,*,#3541,.F.);
#4773=ORIENTED_EDGE('',*,*,#3457,.F.);
#4774=ORIENTED_EDGE('',*,*,#3461,.F.);
#4775=ORIENTED_EDGE('',*,*,#3464,.F.);
#4776=ORIENTED_EDGE('',*,*,#3467,.F.);
#4777=ORIENTED_EDGE('',*,*,#3470,.F.);
#4778=ORIENTED_EDGE('',*,*,#3473,.F.);
#4779=ORIENTED_EDGE('',*,*,#3476,.F.);
#4780=ORIENTED_EDGE('',*,*,#3479,.F.);
#4781=ORIENTED_EDGE('',*,*,#3482,.F.);
#4782=ORIENTED_EDGE('',*,*,#3485,.F.);
#4783=ORIENTED_EDGE('',*,*,#3488,.F.);
#4784=ORIENTED_EDGE('',*,*,#3491,.F.);
#4785=ORIENTED_EDGE('',*,*,#3494,.F.);
#4786=ORIENTED_EDGE('',*,*,#3497,.F.);
#4787=ORIENTED_EDGE('',*,*,#3500,.F.);
#4788=ORIENTED_EDGE('',*,*,#3503,.F.);
#4789=ORIENTED_EDGE('',*,*,#3506,.F.);
#4790=ORIENTED_EDGE('',*,*,#3509,.F.);
#4791=ORIENTED_EDGE('',*,*,#3512,.F.);
#4792=ORIENTED_EDGE('',*,*,#3515,.F.);
#4793=ORIENTED_EDGE('',*,*,#3518,.F.);
#4794=ORIENTED_EDGE('',*,*,#3521,.F.);
#4795=ORIENTED_EDGE('',*,*,#3524,.F.);
#4796=ORIENTED_EDGE('',*,*,#3527,.F.);
#4797=ORIENTED_EDGE('',*,*,#3530,.F.);
#4798=ORIENTED_EDGE('',*,*,#3533,.F.);
#4799=ORIENTED_EDGE('',*,*,#3536,.F.);
#4800=ORIENTED_EDGE('',*,*,#3539,.F.);
#4801=ORIENTED_EDGE('',*,*,#3542,.F.);
#4802=ORIENTED_EDGE('',*,*,#3543,.T.);
#4803=ORIENTED_EDGE('',*,*,#3544,.T.);
#4804=ORIENTED_EDGE('',*,*,#3545,.F.);
#4805=ORIENTED_EDGE('',*,*,#3546,.F.);
#4806=ORIENTED_EDGE('',*,*,#3547,.T.);
#4807=ORIENTED_EDGE('',*,*,#3548,.T.);
#4808=ORIENTED_EDGE('',*,*,#3543,.F.);
#4809=ORIENTED_EDGE('',*,*,#3549,.F.);
#4810=ORIENTED_EDGE('',*,*,#3550,.T.);
#4811=ORIENTED_EDGE('',*,*,#3551,.T.);
#4812=ORIENTED_EDGE('',*,*,#3547,.F.);
#4813=ORIENTED_EDGE('',*,*,#3552,.F.);
#4814=ORIENTED_EDGE('',*,*,#3553,.T.);
#4815=ORIENTED_EDGE('',*,*,#3554,.T.);
#4816=ORIENTED_EDGE('',*,*,#3550,.F.);
#4817=ORIENTED_EDGE('',*,*,#3555,.F.);
#4818=ORIENTED_EDGE('',*,*,#3556,.T.);
#4819=ORIENTED_EDGE('',*,*,#3557,.T.);
#4820=ORIENTED_EDGE('',*,*,#3553,.F.);
#4821=ORIENTED_EDGE('',*,*,#3558,.F.);
#4822=ORIENTED_EDGE('',*,*,#3559,.T.);
#4823=ORIENTED_EDGE('',*,*,#3560,.T.);
#4824=ORIENTED_EDGE('',*,*,#3556,.F.);
#4825=ORIENTED_EDGE('',*,*,#3561,.F.);
#4826=ORIENTED_EDGE('',*,*,#3562,.T.);
#4827=ORIENTED_EDGE('',*,*,#3563,.T.);
#4828=ORIENTED_EDGE('',*,*,#3559,.F.);
#4829=ORIENTED_EDGE('',*,*,#3564,.F.);
#4830=ORIENTED_EDGE('',*,*,#3565,.T.);
#4831=ORIENTED_EDGE('',*,*,#3566,.T.);
#4832=ORIENTED_EDGE('',*,*,#3562,.F.);
#4833=ORIENTED_EDGE('',*,*,#3567,.F.);
#4834=ORIENTED_EDGE('',*,*,#3545,.T.);
#4835=ORIENTED_EDGE('',*,*,#3568,.T.);
#4836=ORIENTED_EDGE('',*,*,#3565,.F.);
#4837=ORIENTED_EDGE('',*,*,#3568,.F.);
#4838=ORIENTED_EDGE('',*,*,#3544,.F.);
#4839=ORIENTED_EDGE('',*,*,#3548,.F.);
#4840=ORIENTED_EDGE('',*,*,#3551,.F.);
#4841=ORIENTED_EDGE('',*,*,#3554,.F.);
#4842=ORIENTED_EDGE('',*,*,#3557,.F.);
#4843=ORIENTED_EDGE('',*,*,#3560,.F.);
#4844=ORIENTED_EDGE('',*,*,#3563,.F.);
#4845=ORIENTED_EDGE('',*,*,#3566,.F.);
#4846=ORIENTED_EDGE('',*,*,#3569,.F.);
#4847=ORIENTED_EDGE('',*,*,#3570,.T.);
#4848=ORIENTED_EDGE('',*,*,#3571,.T.);
#4849=ORIENTED_EDGE('',*,*,#3572,.F.);
#4850=ORIENTED_EDGE('',*,*,#3573,.F.);
#4851=ORIENTED_EDGE('',*,*,#3574,.T.);
#4852=ORIENTED_EDGE('',*,*,#3575,.T.);
#4853=ORIENTED_EDGE('',*,*,#3570,.F.);
#4854=ORIENTED_EDGE('',*,*,#3576,.F.);
#4855=ORIENTED_EDGE('',*,*,#3577,.T.);
#4856=ORIENTED_EDGE('',*,*,#3578,.T.);
#4857=ORIENTED_EDGE('',*,*,#3574,.F.);
#4858=ORIENTED_EDGE('',*,*,#3579,.F.);
#4859=ORIENTED_EDGE('',*,*,#3572,.T.);
#4860=ORIENTED_EDGE('',*,*,#3580,.T.);
#4861=ORIENTED_EDGE('',*,*,#3577,.F.);
#4862=ORIENTED_EDGE('',*,*,#3580,.F.);
#4863=ORIENTED_EDGE('',*,*,#3571,.F.);
#4864=ORIENTED_EDGE('',*,*,#3575,.F.);
#4865=ORIENTED_EDGE('',*,*,#3578,.F.);
#4866=ORIENTED_EDGE('',*,*,#3581,.F.);
#4867=ORIENTED_EDGE('',*,*,#3582,.T.);
#4868=ORIENTED_EDGE('',*,*,#3583,.T.);
#4869=ORIENTED_EDGE('',*,*,#3584,.F.);
#4870=ORIENTED_EDGE('',*,*,#3585,.F.);
#4871=ORIENTED_EDGE('',*,*,#3586,.T.);
#4872=ORIENTED_EDGE('',*,*,#3587,.T.);
#4873=ORIENTED_EDGE('',*,*,#3582,.F.);
#4874=ORIENTED_EDGE('',*,*,#3588,.F.);
#4875=ORIENTED_EDGE('',*,*,#3589,.T.);
#4876=ORIENTED_EDGE('',*,*,#3590,.T.);
#4877=ORIENTED_EDGE('',*,*,#3586,.F.);
#4878=ORIENTED_EDGE('',*,*,#3591,.F.);
#4879=ORIENTED_EDGE('',*,*,#3592,.T.);
#4880=ORIENTED_EDGE('',*,*,#3593,.T.);
#4881=ORIENTED_EDGE('',*,*,#3589,.F.);
#4882=ORIENTED_EDGE('',*,*,#3594,.F.);
#4883=ORIENTED_EDGE('',*,*,#3595,.T.);
#4884=ORIENTED_EDGE('',*,*,#3596,.T.);
#4885=ORIENTED_EDGE('',*,*,#3592,.F.);
#4886=ORIENTED_EDGE('',*,*,#3597,.F.);
#4887=ORIENTED_EDGE('',*,*,#3598,.T.);
#4888=ORIENTED_EDGE('',*,*,#3599,.T.);
#4889=ORIENTED_EDGE('',*,*,#3595,.F.);
#4890=ORIENTED_EDGE('',*,*,#3600,.F.);
#4891=ORIENTED_EDGE('',*,*,#3601,.T.);
#4892=ORIENTED_EDGE('',*,*,#3602,.T.);
#4893=ORIENTED_EDGE('',*,*,#3598,.F.);
#4894=ORIENTED_EDGE('',*,*,#3603,.F.);
#4895=ORIENTED_EDGE('',*,*,#3604,.T.);
#4896=ORIENTED_EDGE('',*,*,#3605,.T.);
#4897=ORIENTED_EDGE('',*,*,#3601,.F.);
#4898=ORIENTED_EDGE('',*,*,#3606,.F.);
#4899=ORIENTED_EDGE('',*,*,#3607,.T.);
#4900=ORIENTED_EDGE('',*,*,#3608,.T.);
#4901=ORIENTED_EDGE('',*,*,#3604,.F.);
#4902=ORIENTED_EDGE('',*,*,#3609,.F.);
#4903=ORIENTED_EDGE('',*,*,#3610,.T.);
#4904=ORIENTED_EDGE('',*,*,#3611,.T.);
#4905=ORIENTED_EDGE('',*,*,#3607,.F.);
#4906=ORIENTED_EDGE('',*,*,#3612,.F.);
#4907=ORIENTED_EDGE('',*,*,#3613,.T.);
#4908=ORIENTED_EDGE('',*,*,#3614,.T.);
#4909=ORIENTED_EDGE('',*,*,#3610,.F.);
#4910=ORIENTED_EDGE('',*,*,#3615,.F.);
#4911=ORIENTED_EDGE('',*,*,#3616,.T.);
#4912=ORIENTED_EDGE('',*,*,#3617,.T.);
#4913=ORIENTED_EDGE('',*,*,#3613,.F.);
#4914=ORIENTED_EDGE('',*,*,#3618,.F.);
#4915=ORIENTED_EDGE('',*,*,#3619,.T.);
#4916=ORIENTED_EDGE('',*,*,#3620,.T.);
#4917=ORIENTED_EDGE('',*,*,#3616,.F.);
#4918=ORIENTED_EDGE('',*,*,#3621,.F.);
#4919=ORIENTED_EDGE('',*,*,#3622,.T.);
#4920=ORIENTED_EDGE('',*,*,#3623,.T.);
#4921=ORIENTED_EDGE('',*,*,#3619,.F.);
#4922=ORIENTED_EDGE('',*,*,#3624,.F.);
#4923=ORIENTED_EDGE('',*,*,#3584,.T.);
#4924=ORIENTED_EDGE('',*,*,#3625,.T.);
#4925=ORIENTED_EDGE('',*,*,#3622,.F.);
#4926=ORIENTED_EDGE('',*,*,#3625,.F.);
#4927=ORIENTED_EDGE('',*,*,#3583,.F.);
#4928=ORIENTED_EDGE('',*,*,#3587,.F.);
#4929=ORIENTED_EDGE('',*,*,#3590,.F.);
#4930=ORIENTED_EDGE('',*,*,#3593,.F.);
#4931=ORIENTED_EDGE('',*,*,#3596,.F.);
#4932=ORIENTED_EDGE('',*,*,#3599,.F.);
#4933=ORIENTED_EDGE('',*,*,#3602,.F.);
#4934=ORIENTED_EDGE('',*,*,#3605,.F.);
#4935=ORIENTED_EDGE('',*,*,#3608,.F.);
#4936=ORIENTED_EDGE('',*,*,#3611,.F.);
#4937=ORIENTED_EDGE('',*,*,#3614,.F.);
#4938=ORIENTED_EDGE('',*,*,#3617,.F.);
#4939=ORIENTED_EDGE('',*,*,#3620,.F.);
#4940=ORIENTED_EDGE('',*,*,#3623,.F.);
#4941=ORIENTED_EDGE('',*,*,#3113,.T.);
#4942=ORIENTED_EDGE('',*,*,#3132,.T.);
#4943=ORIENTED_EDGE('',*,*,#3129,.T.);
#4944=ORIENTED_EDGE('',*,*,#3126,.T.);
#4945=ORIENTED_EDGE('',*,*,#3123,.T.);
#4946=ORIENTED_EDGE('',*,*,#3120,.T.);
#4947=ORIENTED_EDGE('',*,*,#3117,.T.);
#4948=ORIENTED_EDGE('',*,*,#3080,.T.);
#4949=ORIENTED_EDGE('',*,*,#3087,.T.);
#4950=ORIENTED_EDGE('',*,*,#3084,.T.);
#4951=ORIENTED_EDGE('',*,*,#3626,.F.);
#4952=ORIENTED_EDGE('',*,*,#3627,.T.);
#4953=ORIENTED_EDGE('',*,*,#3628,.F.);
#4954=ORIENTED_EDGE('',*,*,#3629,.F.);
#4955=ORIENTED_EDGE('',*,*,#3630,.F.);
#4956=ORIENTED_EDGE('',*,*,#3629,.T.);
#4957=ORIENTED_EDGE('',*,*,#3631,.F.);
#4958=ORIENTED_EDGE('',*,*,#3632,.F.);
#4959=ORIENTED_EDGE('',*,*,#3633,.F.);
#4960=ORIENTED_EDGE('',*,*,#3632,.T.);
#4961=ORIENTED_EDGE('',*,*,#3634,.F.);
#4962=ORIENTED_EDGE('',*,*,#3635,.F.);
#4963=ORIENTED_EDGE('',*,*,#3636,.F.);
#4964=ORIENTED_EDGE('',*,*,#3635,.T.);
#4965=ORIENTED_EDGE('',*,*,#3637,.F.);
#4966=ORIENTED_EDGE('',*,*,#3627,.F.);
#4967=ORIENTED_EDGE('',*,*,#3637,.T.);
#4968=ORIENTED_EDGE('',*,*,#3634,.T.);
#4969=ORIENTED_EDGE('',*,*,#3631,.T.);
#4970=ORIENTED_EDGE('',*,*,#3628,.T.);
#4971=ORIENTED_EDGE('',*,*,#3638,.T.);
#4972=ORIENTED_EDGE('',*,*,#3639,.T.);
#4973=ORIENTED_EDGE('',*,*,#3640,.T.);
#4974=ORIENTED_EDGE('',*,*,#3641,.T.);
#4975=ORIENTED_EDGE('',*,*,#3642,.T.);
#4976=ORIENTED_EDGE('',*,*,#3643,.T.);
#4977=ORIENTED_EDGE('',*,*,#3644,.T.);
#4978=ORIENTED_EDGE('',*,*,#3645,.T.);
#4979=ORIENTED_EDGE('',*,*,#3646,.T.);
#4980=ORIENTED_EDGE('',*,*,#3647,.T.);
#4981=ORIENTED_EDGE('',*,*,#3648,.T.);
#4982=ORIENTED_EDGE('',*,*,#3649,.T.);
#4983=ORIENTED_EDGE('',*,*,#3650,.T.);
#4984=ORIENTED_EDGE('',*,*,#3651,.T.);
#4985=ORIENTED_EDGE('',*,*,#3652,.T.);
#4986=ORIENTED_EDGE('',*,*,#3653,.T.);
#4987=ORIENTED_EDGE('',*,*,#3654,.T.);
#4988=ORIENTED_EDGE('',*,*,#3655,.F.);
#4989=ORIENTED_EDGE('',*,*,#3656,.T.);
#4990=ORIENTED_EDGE('',*,*,#3644,.F.);
#4991=ORIENTED_EDGE('',*,*,#3657,.T.);
#4992=ORIENTED_EDGE('',*,*,#3658,.F.);
#4993=ORIENTED_EDGE('',*,*,#3654,.F.);
#4994=ORIENTED_EDGE('',*,*,#3643,.F.);
#4995=ORIENTED_EDGE('',*,*,#3659,.T.);
#4996=ORIENTED_EDGE('',*,*,#3660,.F.);
#4997=ORIENTED_EDGE('',*,*,#3657,.F.);
#4998=ORIENTED_EDGE('',*,*,#3642,.F.);
#4999=ORIENTED_EDGE('',*,*,#3656,.F.);
#5000=ORIENTED_EDGE('',*,*,#3661,.F.);
#5001=ORIENTED_EDGE('',*,*,#3659,.F.);
#5002=ORIENTED_EDGE('',*,*,#3645,.F.);
#5003=ORIENTED_EDGE('',*,*,#3662,.T.);
#5004=ORIENTED_EDGE('',*,*,#3663,.F.);
#5005=ORIENTED_EDGE('',*,*,#3664,.T.);
#5006=ORIENTED_EDGE('',*,*,#3648,.F.);
#5007=ORIENTED_EDGE('',*,*,#3665,.T.);
#5008=ORIENTED_EDGE('',*,*,#3666,.F.);
#5009=ORIENTED_EDGE('',*,*,#3662,.F.);
#5010=ORIENTED_EDGE('',*,*,#3647,.F.);
#5011=ORIENTED_EDGE('',*,*,#3667,.T.);
#5012=ORIENTED_EDGE('',*,*,#3668,.F.);
#5013=ORIENTED_EDGE('',*,*,#3665,.F.);
#5014=ORIENTED_EDGE('',*,*,#3646,.F.);
#5015=ORIENTED_EDGE('',*,*,#3664,.F.);
#5016=ORIENTED_EDGE('',*,*,#3669,.F.);
#5017=ORIENTED_EDGE('',*,*,#3667,.F.);
#5018=ORIENTED_EDGE('',*,*,#3649,.F.);
#5019=ORIENTED_EDGE('',*,*,#3670,.T.);
#5020=ORIENTED_EDGE('',*,*,#3671,.F.);
#5021=ORIENTED_EDGE('',*,*,#3672,.T.);
#5022=ORIENTED_EDGE('',*,*,#3652,.F.);
#5023=ORIENTED_EDGE('',*,*,#3673,.T.);
#5024=ORIENTED_EDGE('',*,*,#3674,.F.);
#5025=ORIENTED_EDGE('',*,*,#3670,.F.);
#5026=ORIENTED_EDGE('',*,*,#3651,.F.);
#5027=ORIENTED_EDGE('',*,*,#3675,.T.);
#5028=ORIENTED_EDGE('',*,*,#3676,.F.);
#5029=ORIENTED_EDGE('',*,*,#3673,.F.);
#5030=ORIENTED_EDGE('',*,*,#3650,.F.);
#5031=ORIENTED_EDGE('',*,*,#3672,.F.);
#5032=ORIENTED_EDGE('',*,*,#3677,.F.);
#5033=ORIENTED_EDGE('',*,*,#3675,.F.);
#5034=ORIENTED_EDGE('',*,*,#3653,.F.);
#5035=ORIENTED_EDGE('',*,*,#3678,.T.);
#5036=ORIENTED_EDGE('',*,*,#3679,.F.);
#5037=ORIENTED_EDGE('',*,*,#3680,.T.);
#5038=ORIENTED_EDGE('',*,*,#3640,.F.);
#5039=ORIENTED_EDGE('',*,*,#3681,.T.);
#5040=ORIENTED_EDGE('',*,*,#3682,.F.);
#5041=ORIENTED_EDGE('',*,*,#3678,.F.);
#5042=ORIENTED_EDGE('',*,*,#3639,.F.);
#5043=ORIENTED_EDGE('',*,*,#3683,.T.);
#5044=ORIENTED_EDGE('',*,*,#3684,.F.);
#5045=ORIENTED_EDGE('',*,*,#3681,.F.);
#5046=ORIENTED_EDGE('',*,*,#3638,.F.);
#5047=ORIENTED_EDGE('',*,*,#3680,.F.);
#5048=ORIENTED_EDGE('',*,*,#3685,.F.);
#5049=ORIENTED_EDGE('',*,*,#3683,.F.);
#5050=ORIENTED_EDGE('',*,*,#3641,.F.);
#5051=ORIENTED_EDGE('',*,*,#3686,.F.);
#5052=ORIENTED_EDGE('',*,*,#3687,.T.);
#5053=ORIENTED_EDGE('',*,*,#3688,.F.);
#5054=ORIENTED_EDGE('',*,*,#3687,.F.);
#5055=ORIENTED_EDGE('',*,*,#3689,.F.);
#5056=ORIENTED_EDGE('',*,*,#3690,.T.);
#5057=ORIENTED_EDGE('',*,*,#3691,.F.);
#5058=ORIENTED_EDGE('',*,*,#3690,.F.);
#5059=ORIENTED_EDGE('',*,*,#3692,.F.);
#5060=ORIENTED_EDGE('',*,*,#3693,.T.);
#5061=ORIENTED_EDGE('',*,*,#3694,.F.);
#5062=ORIENTED_EDGE('',*,*,#3693,.F.);
#5063=ORIENTED_EDGE('',*,*,#3695,.F.);
#5064=ORIENTED_EDGE('',*,*,#3696,.T.);
#5065=ORIENTED_EDGE('',*,*,#3697,.F.);
#5066=ORIENTED_EDGE('',*,*,#3696,.F.);
#5067=ORIENTED_EDGE('',*,*,#3698,.T.);
#5068=ORIENTED_EDGE('',*,*,#3699,.T.);
#5069=ORIENTED_EDGE('',*,*,#3700,.T.);
#5070=ORIENTED_EDGE('',*,*,#3701,.T.);
#5071=ORIENTED_EDGE('',*,*,#3699,.F.);
#5072=ORIENTED_EDGE('',*,*,#3702,.F.);
#5073=ORIENTED_EDGE('',*,*,#3703,.F.);
#5074=ORIENTED_EDGE('',*,*,#3704,.T.);
#5075=ORIENTED_EDGE('',*,*,#3698,.F.);
#5076=ORIENTED_EDGE('',*,*,#3705,.T.);
#5077=ORIENTED_EDGE('',*,*,#3706,.T.);
#5078=ORIENTED_EDGE('',*,*,#3707,.T.);
#5079=ORIENTED_EDGE('',*,*,#3708,.T.);
#5080=ORIENTED_EDGE('',*,*,#3709,.T.);
#5081=ORIENTED_EDGE('',*,*,#3710,.T.);
#5082=ORIENTED_EDGE('',*,*,#3711,.T.);
#5083=ORIENTED_EDGE('',*,*,#3712,.T.);
#5084=ORIENTED_EDGE('',*,*,#3713,.T.);
#5085=ORIENTED_EDGE('',*,*,#3714,.F.);
#5086=ORIENTED_EDGE('',*,*,#3715,.T.);
#5087=ORIENTED_EDGE('',*,*,#3716,.F.);
#5088=ORIENTED_EDGE('',*,*,#3717,.T.);
#5089=ORIENTED_EDGE('',*,*,#3718,.F.);
#5090=ORIENTED_EDGE('',*,*,#3702,.T.);
#5091=ORIENTED_EDGE('',*,*,#3655,.T.);
#5092=ORIENTED_EDGE('',*,*,#3658,.T.);
#5093=ORIENTED_EDGE('',*,*,#3660,.T.);
#5094=ORIENTED_EDGE('',*,*,#3661,.T.);
#5095=ORIENTED_EDGE('',*,*,#3663,.T.);
#5096=ORIENTED_EDGE('',*,*,#3666,.T.);
#5097=ORIENTED_EDGE('',*,*,#3668,.T.);
#5098=ORIENTED_EDGE('',*,*,#3669,.T.);
#5099=ORIENTED_EDGE('',*,*,#3671,.T.);
#5100=ORIENTED_EDGE('',*,*,#3674,.T.);
#5101=ORIENTED_EDGE('',*,*,#3676,.T.);
#5102=ORIENTED_EDGE('',*,*,#3677,.T.);
#5103=ORIENTED_EDGE('',*,*,#3679,.T.);
#5104=ORIENTED_EDGE('',*,*,#3682,.T.);
#5105=ORIENTED_EDGE('',*,*,#3684,.T.);
#5106=ORIENTED_EDGE('',*,*,#3685,.T.);
#5107=ORIENTED_EDGE('',*,*,#3686,.T.);
#5108=ORIENTED_EDGE('',*,*,#3689,.T.);
#5109=ORIENTED_EDGE('',*,*,#3692,.T.);
#5110=ORIENTED_EDGE('',*,*,#3695,.T.);
#5111=ORIENTED_EDGE('',*,*,#3581,.T.);
#5112=ORIENTED_EDGE('',*,*,#3624,.T.);
#5113=ORIENTED_EDGE('',*,*,#3621,.T.);
#5114=ORIENTED_EDGE('',*,*,#3618,.T.);
#5115=ORIENTED_EDGE('',*,*,#3615,.T.);
#5116=ORIENTED_EDGE('',*,*,#3612,.T.);
#5117=ORIENTED_EDGE('',*,*,#3609,.T.);
#5118=ORIENTED_EDGE('',*,*,#3606,.T.);
#5119=ORIENTED_EDGE('',*,*,#3603,.T.);
#5120=ORIENTED_EDGE('',*,*,#3600,.T.);
#5121=ORIENTED_EDGE('',*,*,#3597,.T.);
#5122=ORIENTED_EDGE('',*,*,#3594,.T.);
#5123=ORIENTED_EDGE('',*,*,#3591,.T.);
#5124=ORIENTED_EDGE('',*,*,#3588,.T.);
#5125=ORIENTED_EDGE('',*,*,#3585,.T.);
#5126=ORIENTED_EDGE('',*,*,#3569,.T.);
#5127=ORIENTED_EDGE('',*,*,#3579,.T.);
#5128=ORIENTED_EDGE('',*,*,#3576,.T.);
#5129=ORIENTED_EDGE('',*,*,#3573,.T.);
#5130=ORIENTED_EDGE('',*,*,#3542,.T.);
#5131=ORIENTED_EDGE('',*,*,#3567,.T.);
#5132=ORIENTED_EDGE('',*,*,#3564,.T.);
#5133=ORIENTED_EDGE('',*,*,#3561,.T.);
#5134=ORIENTED_EDGE('',*,*,#3558,.T.);
#5135=ORIENTED_EDGE('',*,*,#3555,.T.);
#5136=ORIENTED_EDGE('',*,*,#3552,.T.);
#5137=ORIENTED_EDGE('',*,*,#3549,.T.);
#5138=ORIENTED_EDGE('',*,*,#3546,.T.);
#5139=ORIENTED_EDGE('',*,*,#3455,.T.);
#5140=ORIENTED_EDGE('',*,*,#3540,.T.);
#5141=ORIENTED_EDGE('',*,*,#3537,.T.);
#5142=ORIENTED_EDGE('',*,*,#3534,.T.);
#5143=ORIENTED_EDGE('',*,*,#3531,.T.);
#5144=ORIENTED_EDGE('',*,*,#3528,.T.);
#5145=ORIENTED_EDGE('',*,*,#3525,.T.);
#5146=ORIENTED_EDGE('',*,*,#3522,.T.);
#5147=ORIENTED_EDGE('',*,*,#3519,.T.);
#5148=ORIENTED_EDGE('',*,*,#3516,.T.);
#5149=ORIENTED_EDGE('',*,*,#3513,.T.);
#5150=ORIENTED_EDGE('',*,*,#3510,.T.);
#5151=ORIENTED_EDGE('',*,*,#3507,.T.);
#5152=ORIENTED_EDGE('',*,*,#3504,.T.);
#5153=ORIENTED_EDGE('',*,*,#3501,.T.);
#5154=ORIENTED_EDGE('',*,*,#3498,.T.);
#5155=ORIENTED_EDGE('',*,*,#3495,.T.);
#5156=ORIENTED_EDGE('',*,*,#3492,.T.);
#5157=ORIENTED_EDGE('',*,*,#3489,.T.);
#5158=ORIENTED_EDGE('',*,*,#3486,.T.);
#5159=ORIENTED_EDGE('',*,*,#3483,.T.);
#5160=ORIENTED_EDGE('',*,*,#3480,.T.);
#5161=ORIENTED_EDGE('',*,*,#3477,.T.);
#5162=ORIENTED_EDGE('',*,*,#3474,.T.);
#5163=ORIENTED_EDGE('',*,*,#3471,.T.);
#5164=ORIENTED_EDGE('',*,*,#3468,.T.);
#5165=ORIENTED_EDGE('',*,*,#3465,.T.);
#5166=ORIENTED_EDGE('',*,*,#3462,.T.);
#5167=ORIENTED_EDGE('',*,*,#3459,.T.);
#5168=ORIENTED_EDGE('',*,*,#3350,.T.);
#5169=ORIENTED_EDGE('',*,*,#3453,.T.);
#5170=ORIENTED_EDGE('',*,*,#3450,.T.);
#5171=ORIENTED_EDGE('',*,*,#3447,.T.);
#5172=ORIENTED_EDGE('',*,*,#3444,.T.);
#5173=ORIENTED_EDGE('',*,*,#3441,.T.);
#5174=ORIENTED_EDGE('',*,*,#3438,.T.);
#5175=ORIENTED_EDGE('',*,*,#3435,.T.);
#5176=ORIENTED_EDGE('',*,*,#3432,.T.);
#5177=ORIENTED_EDGE('',*,*,#3429,.T.);
#5178=ORIENTED_EDGE('',*,*,#3426,.T.);
#5179=ORIENTED_EDGE('',*,*,#3423,.T.);
#5180=ORIENTED_EDGE('',*,*,#3420,.T.);
#5181=ORIENTED_EDGE('',*,*,#3417,.T.);
#5182=ORIENTED_EDGE('',*,*,#3414,.T.);
#5183=ORIENTED_EDGE('',*,*,#3411,.T.);
#5184=ORIENTED_EDGE('',*,*,#3408,.T.);
#5185=ORIENTED_EDGE('',*,*,#3405,.T.);
#5186=ORIENTED_EDGE('',*,*,#3402,.T.);
#5187=ORIENTED_EDGE('',*,*,#3399,.T.);
#5188=ORIENTED_EDGE('',*,*,#3396,.T.);
#5189=ORIENTED_EDGE('',*,*,#3393,.T.);
#5190=ORIENTED_EDGE('',*,*,#3390,.T.);
#5191=ORIENTED_EDGE('',*,*,#3387,.T.);
#5192=ORIENTED_EDGE('',*,*,#3384,.T.);
#5193=ORIENTED_EDGE('',*,*,#3381,.T.);
#5194=ORIENTED_EDGE('',*,*,#3378,.T.);
#5195=ORIENTED_EDGE('',*,*,#3375,.T.);
#5196=ORIENTED_EDGE('',*,*,#3372,.T.);
#5197=ORIENTED_EDGE('',*,*,#3369,.T.);
#5198=ORIENTED_EDGE('',*,*,#3366,.T.);
#5199=ORIENTED_EDGE('',*,*,#3363,.T.);
#5200=ORIENTED_EDGE('',*,*,#3360,.T.);
#5201=ORIENTED_EDGE('',*,*,#3357,.T.);
#5202=ORIENTED_EDGE('',*,*,#3354,.T.);
#5203=ORIENTED_EDGE('',*,*,#3320,.T.);
#5204=ORIENTED_EDGE('',*,*,#3348,.T.);
#5205=ORIENTED_EDGE('',*,*,#3345,.T.);
#5206=ORIENTED_EDGE('',*,*,#3342,.T.);
#5207=ORIENTED_EDGE('',*,*,#3339,.T.);
#5208=ORIENTED_EDGE('',*,*,#3336,.T.);
#5209=ORIENTED_EDGE('',*,*,#3333,.T.);
#5210=ORIENTED_EDGE('',*,*,#3330,.T.);
#5211=ORIENTED_EDGE('',*,*,#3327,.T.);
#5212=ORIENTED_EDGE('',*,*,#3324,.T.);
#5213=ORIENTED_EDGE('',*,*,#3287,.T.);
#5214=ORIENTED_EDGE('',*,*,#3318,.T.);
#5215=ORIENTED_EDGE('',*,*,#3315,.T.);
#5216=ORIENTED_EDGE('',*,*,#3312,.T.);
#5217=ORIENTED_EDGE('',*,*,#3309,.T.);
#5218=ORIENTED_EDGE('',*,*,#3306,.T.);
#5219=ORIENTED_EDGE('',*,*,#3303,.T.);
#5220=ORIENTED_EDGE('',*,*,#3300,.T.);
#5221=ORIENTED_EDGE('',*,*,#3297,.T.);
#5222=ORIENTED_EDGE('',*,*,#3294,.T.);
#5223=ORIENTED_EDGE('',*,*,#3291,.T.);
#5224=ORIENTED_EDGE('',*,*,#3269,.T.);
#5225=ORIENTED_EDGE('',*,*,#3285,.T.);
#5226=ORIENTED_EDGE('',*,*,#3282,.T.);
#5227=ORIENTED_EDGE('',*,*,#3279,.T.);
#5228=ORIENTED_EDGE('',*,*,#3276,.T.);
#5229=ORIENTED_EDGE('',*,*,#3273,.T.);
#5230=ORIENTED_EDGE('',*,*,#3227,.T.);
#5231=ORIENTED_EDGE('',*,*,#3267,.T.);
#5232=ORIENTED_EDGE('',*,*,#3264,.T.);
#5233=ORIENTED_EDGE('',*,*,#3261,.T.);
#5234=ORIENTED_EDGE('',*,*,#3258,.T.);
#5235=ORIENTED_EDGE('',*,*,#3255,.T.);
#5236=ORIENTED_EDGE('',*,*,#3252,.T.);
#5237=ORIENTED_EDGE('',*,*,#3249,.T.);
#5238=ORIENTED_EDGE('',*,*,#3246,.T.);
#5239=ORIENTED_EDGE('',*,*,#3243,.T.);
#5240=ORIENTED_EDGE('',*,*,#3240,.T.);
#5241=ORIENTED_EDGE('',*,*,#3237,.T.);
#5242=ORIENTED_EDGE('',*,*,#3234,.T.);
#5243=ORIENTED_EDGE('',*,*,#3231,.T.);
#5244=ORIENTED_EDGE('',*,*,#3173,.T.);
#5245=ORIENTED_EDGE('',*,*,#3225,.T.);
#5246=ORIENTED_EDGE('',*,*,#3222,.T.);
#5247=ORIENTED_EDGE('',*,*,#3219,.T.);
#5248=ORIENTED_EDGE('',*,*,#3216,.T.);
#5249=ORIENTED_EDGE('',*,*,#3213,.T.);
#5250=ORIENTED_EDGE('',*,*,#3210,.T.);
#5251=ORIENTED_EDGE('',*,*,#3207,.T.);
#5252=ORIENTED_EDGE('',*,*,#3204,.T.);
#5253=ORIENTED_EDGE('',*,*,#3201,.T.);
#5254=ORIENTED_EDGE('',*,*,#3198,.T.);
#5255=ORIENTED_EDGE('',*,*,#3195,.T.);
#5256=ORIENTED_EDGE('',*,*,#3192,.T.);
#5257=ORIENTED_EDGE('',*,*,#3189,.T.);
#5258=ORIENTED_EDGE('',*,*,#3186,.T.);
#5259=ORIENTED_EDGE('',*,*,#3183,.T.);
#5260=ORIENTED_EDGE('',*,*,#3180,.T.);
#5261=ORIENTED_EDGE('',*,*,#3177,.T.);
#5262=ORIENTED_EDGE('',*,*,#3134,.T.);
#5263=ORIENTED_EDGE('',*,*,#3171,.T.);
#5264=ORIENTED_EDGE('',*,*,#3168,.T.);
#5265=ORIENTED_EDGE('',*,*,#3165,.T.);
#5266=ORIENTED_EDGE('',*,*,#3162,.T.);
#5267=ORIENTED_EDGE('',*,*,#3159,.T.);
#5268=ORIENTED_EDGE('',*,*,#3156,.T.);
#5269=ORIENTED_EDGE('',*,*,#3153,.T.);
#5270=ORIENTED_EDGE('',*,*,#3150,.T.);
#5271=ORIENTED_EDGE('',*,*,#3147,.T.);
#5272=ORIENTED_EDGE('',*,*,#3144,.T.);
#5273=ORIENTED_EDGE('',*,*,#3141,.T.);
#5274=ORIENTED_EDGE('',*,*,#3138,.T.);
#5275=ORIENTED_EDGE('',*,*,#3089,.T.);
#5276=ORIENTED_EDGE('',*,*,#3111,.T.);
#5277=ORIENTED_EDGE('',*,*,#3108,.T.);
#5278=ORIENTED_EDGE('',*,*,#3105,.T.);
#5279=ORIENTED_EDGE('',*,*,#3102,.T.);
#5280=ORIENTED_EDGE('',*,*,#3099,.T.);
#5281=ORIENTED_EDGE('',*,*,#3096,.T.);
#5282=ORIENTED_EDGE('',*,*,#3093,.T.);
#5283=ORIENTED_EDGE('',*,*,#3044,.T.);
#5284=ORIENTED_EDGE('',*,*,#3078,.T.);
#5285=ORIENTED_EDGE('',*,*,#3075,.T.);
#5286=ORIENTED_EDGE('',*,*,#3072,.T.);
#5287=ORIENTED_EDGE('',*,*,#3069,.T.);
#5288=ORIENTED_EDGE('',*,*,#3066,.T.);
#5289=ORIENTED_EDGE('',*,*,#3063,.T.);
#5290=ORIENTED_EDGE('',*,*,#3060,.T.);
#5291=ORIENTED_EDGE('',*,*,#3057,.T.);
#5292=ORIENTED_EDGE('',*,*,#3054,.T.);
#5293=ORIENTED_EDGE('',*,*,#3051,.T.);
#5294=ORIENTED_EDGE('',*,*,#3048,.T.);
#5295=ORIENTED_EDGE('',*,*,#3011,.T.);
#5296=ORIENTED_EDGE('',*,*,#3042,.T.);
#5297=ORIENTED_EDGE('',*,*,#3039,.T.);
#5298=ORIENTED_EDGE('',*,*,#3036,.T.);
#5299=ORIENTED_EDGE('',*,*,#3033,.T.);
#5300=ORIENTED_EDGE('',*,*,#3030,.T.);
#5301=ORIENTED_EDGE('',*,*,#3027,.T.);
#5302=ORIENTED_EDGE('',*,*,#3024,.T.);
#5303=ORIENTED_EDGE('',*,*,#3021,.T.);
#5304=ORIENTED_EDGE('',*,*,#3018,.T.);
#5305=ORIENTED_EDGE('',*,*,#3015,.T.);
#5306=ORIENTED_EDGE('',*,*,#2981,.T.);
#5307=ORIENTED_EDGE('',*,*,#3009,.T.);
#5308=ORIENTED_EDGE('',*,*,#3006,.T.);
#5309=ORIENTED_EDGE('',*,*,#3003,.T.);
#5310=ORIENTED_EDGE('',*,*,#3000,.T.);
#5311=ORIENTED_EDGE('',*,*,#2997,.T.);
#5312=ORIENTED_EDGE('',*,*,#2994,.T.);
#5313=ORIENTED_EDGE('',*,*,#2991,.T.);
#5314=ORIENTED_EDGE('',*,*,#2988,.T.);
#5315=ORIENTED_EDGE('',*,*,#2985,.T.);
#5316=ORIENTED_EDGE('',*,*,#3718,.T.);
#5317=ORIENTED_EDGE('',*,*,#3719,.T.);
#5318=ORIENTED_EDGE('',*,*,#3720,.T.);
#5319=ORIENTED_EDGE('',*,*,#3703,.T.);
#5320=ORIENTED_EDGE('',*,*,#3719,.F.);
#5321=ORIENTED_EDGE('',*,*,#3717,.F.);
#5322=ORIENTED_EDGE('',*,*,#3721,.F.);
#5323=ORIENTED_EDGE('',*,*,#3722,.T.);
#5324=ORIENTED_EDGE('',*,*,#3716,.T.);
#5325=ORIENTED_EDGE('',*,*,#3723,.T.);
#5326=ORIENTED_EDGE('',*,*,#3724,.T.);
#5327=ORIENTED_EDGE('',*,*,#3721,.T.);
#5328=ORIENTED_EDGE('',*,*,#3723,.F.);
#5329=ORIENTED_EDGE('',*,*,#3715,.F.);
#5330=ORIENTED_EDGE('',*,*,#3725,.F.);
#5331=ORIENTED_EDGE('',*,*,#3726,.T.);
#5332=ORIENTED_EDGE('',*,*,#3714,.T.);
#5333=ORIENTED_EDGE('',*,*,#3727,.T.);
#5334=ORIENTED_EDGE('',*,*,#3728,.T.);
#5335=ORIENTED_EDGE('',*,*,#3725,.T.);
#5336=ORIENTED_EDGE('',*,*,#3729,.T.);
#5337=ORIENTED_EDGE('',*,*,#3711,.F.);
#5338=ORIENTED_EDGE('',*,*,#3730,.F.);
#5339=ORIENTED_EDGE('',*,*,#3731,.T.);
#5340=ORIENTED_EDGE('',*,*,#3727,.F.);
#5341=ORIENTED_EDGE('',*,*,#3713,.F.);
#5342=ORIENTED_EDGE('',*,*,#3732,.T.);
#5343=ORIENTED_EDGE('',*,*,#3733,.T.);
#5344=ORIENTED_EDGE('',*,*,#3734,.F.);
#5345=ORIENTED_EDGE('',*,*,#3735,.T.);
#5346=ORIENTED_EDGE('',*,*,#3736,.T.);
#5347=ORIENTED_EDGE('',*,*,#3737,.F.);
#5348=ORIENTED_EDGE('',*,*,#3738,.F.);
#5349=ORIENTED_EDGE('',*,*,#3739,.T.);
#5350=ORIENTED_EDGE('',*,*,#3740,.T.);
#5351=ORIENTED_EDGE('',*,*,#3735,.F.);
#5352=ORIENTED_EDGE('',*,*,#3741,.F.);
#5353=ORIENTED_EDGE('',*,*,#3742,.T.);
#5354=ORIENTED_EDGE('',*,*,#3743,.T.);
#5355=ORIENTED_EDGE('',*,*,#3739,.F.);
#5356=ORIENTED_EDGE('',*,*,#3744,.F.);
#5357=ORIENTED_EDGE('',*,*,#3745,.T.);
#5358=ORIENTED_EDGE('',*,*,#3746,.T.);
#5359=ORIENTED_EDGE('',*,*,#3742,.F.);
#5360=ORIENTED_EDGE('',*,*,#3747,.F.);
#5361=ORIENTED_EDGE('',*,*,#3748,.T.);
#5362=ORIENTED_EDGE('',*,*,#3749,.T.);
#5363=ORIENTED_EDGE('',*,*,#3745,.F.);
#5364=ORIENTED_EDGE('',*,*,#3750,.F.);
#5365=ORIENTED_EDGE('',*,*,#3751,.T.);
#5366=ORIENTED_EDGE('',*,*,#3752,.T.);
#5367=ORIENTED_EDGE('',*,*,#3748,.F.);
#5368=ORIENTED_EDGE('',*,*,#3753,.F.);
#5369=ORIENTED_EDGE('',*,*,#3754,.F.);
#5370=ORIENTED_EDGE('',*,*,#3755,.T.);
#5371=ORIENTED_EDGE('',*,*,#3751,.F.);
#5372=ORIENTED_EDGE('',*,*,#3756,.F.);
#5373=ORIENTED_EDGE('',*,*,#3736,.F.);
#5374=ORIENTED_EDGE('',*,*,#3740,.F.);
#5375=ORIENTED_EDGE('',*,*,#3743,.F.);
#5376=ORIENTED_EDGE('',*,*,#3746,.F.);
#5377=ORIENTED_EDGE('',*,*,#3749,.F.);
#5378=ORIENTED_EDGE('',*,*,#3752,.F.);
#5379=ORIENTED_EDGE('',*,*,#3755,.F.);
#5380=ORIENTED_EDGE('',*,*,#3757,.F.);
#5381=ORIENTED_EDGE('',*,*,#3758,.T.);
#5382=ORIENTED_EDGE('',*,*,#3759,.T.);
#5383=ORIENTED_EDGE('',*,*,#3760,.F.);
#5384=ORIENTED_EDGE('',*,*,#3761,.F.);
#5385=ORIENTED_EDGE('',*,*,#3762,.T.);
#5386=ORIENTED_EDGE('',*,*,#3763,.T.);
#5387=ORIENTED_EDGE('',*,*,#3758,.F.);
#5388=ORIENTED_EDGE('',*,*,#3764,.F.);
#5389=ORIENTED_EDGE('',*,*,#3765,.T.);
#5390=ORIENTED_EDGE('',*,*,#3766,.T.);
#5391=ORIENTED_EDGE('',*,*,#3762,.F.);
#5392=ORIENTED_EDGE('',*,*,#3767,.F.);
#5393=ORIENTED_EDGE('',*,*,#3768,.T.);
#5394=ORIENTED_EDGE('',*,*,#3769,.T.);
#5395=ORIENTED_EDGE('',*,*,#3765,.F.);
#5396=ORIENTED_EDGE('',*,*,#3770,.F.);
#5397=ORIENTED_EDGE('',*,*,#3771,.T.);
#5398=ORIENTED_EDGE('',*,*,#3772,.T.);
#5399=ORIENTED_EDGE('',*,*,#3768,.F.);
#5400=ORIENTED_EDGE('',*,*,#3773,.F.);
#5401=ORIENTED_EDGE('',*,*,#3774,.T.);
#5402=ORIENTED_EDGE('',*,*,#3775,.T.);
#5403=ORIENTED_EDGE('',*,*,#3771,.F.);
#5404=ORIENTED_EDGE('',*,*,#3776,.F.);
#5405=ORIENTED_EDGE('',*,*,#3777,.F.);
#5406=ORIENTED_EDGE('',*,*,#3778,.T.);
#5407=ORIENTED_EDGE('',*,*,#3774,.F.);
#5408=ORIENTED_EDGE('',*,*,#3778,.F.);
#5409=ORIENTED_EDGE('',*,*,#3779,.F.);
#5410=ORIENTED_EDGE('',*,*,#3759,.F.);
#5411=ORIENTED_EDGE('',*,*,#3763,.F.);
#5412=ORIENTED_EDGE('',*,*,#3766,.F.);
#5413=ORIENTED_EDGE('',*,*,#3769,.F.);
#5414=ORIENTED_EDGE('',*,*,#3772,.F.);
#5415=ORIENTED_EDGE('',*,*,#3775,.F.);
#5416=ORIENTED_EDGE('',*,*,#3780,.F.);
#5417=ORIENTED_EDGE('',*,*,#3781,.T.);
#5418=ORIENTED_EDGE('',*,*,#3782,.T.);
#5419=ORIENTED_EDGE('',*,*,#3783,.F.);
#5420=ORIENTED_EDGE('',*,*,#3784,.F.);
#5421=ORIENTED_EDGE('',*,*,#3785,.T.);
#5422=ORIENTED_EDGE('',*,*,#3786,.T.);
#5423=ORIENTED_EDGE('',*,*,#3781,.F.);
#5424=ORIENTED_EDGE('',*,*,#3787,.F.);
#5425=ORIENTED_EDGE('',*,*,#3788,.T.);
#5426=ORIENTED_EDGE('',*,*,#3789,.T.);
#5427=ORIENTED_EDGE('',*,*,#3785,.F.);
#5428=ORIENTED_EDGE('',*,*,#3790,.F.);
#5429=ORIENTED_EDGE('',*,*,#3791,.T.);
#5430=ORIENTED_EDGE('',*,*,#3792,.T.);
#5431=ORIENTED_EDGE('',*,*,#3788,.F.);
#5432=ORIENTED_EDGE('',*,*,#3793,.F.);
#5433=ORIENTED_EDGE('',*,*,#3794,.T.);
#5434=ORIENTED_EDGE('',*,*,#3795,.T.);
#5435=ORIENTED_EDGE('',*,*,#3791,.F.);
#5436=ORIENTED_EDGE('',*,*,#3796,.F.);
#5437=ORIENTED_EDGE('',*,*,#3797,.T.);
#5438=ORIENTED_EDGE('',*,*,#3798,.T.);
#5439=ORIENTED_EDGE('',*,*,#3794,.F.);
#5440=ORIENTED_EDGE('',*,*,#3799,.F.);
#5441=ORIENTED_EDGE('',*,*,#3800,.F.);
#5442=ORIENTED_EDGE('',*,*,#3801,.T.);
#5443=ORIENTED_EDGE('',*,*,#3797,.F.);
#5444=ORIENTED_EDGE('',*,*,#3801,.F.);
#5445=ORIENTED_EDGE('',*,*,#3802,.F.);
#5446=ORIENTED_EDGE('',*,*,#3782,.F.);
#5447=ORIENTED_EDGE('',*,*,#3786,.F.);
#5448=ORIENTED_EDGE('',*,*,#3789,.F.);
#5449=ORIENTED_EDGE('',*,*,#3792,.F.);
#5450=ORIENTED_EDGE('',*,*,#3795,.F.);
#5451=ORIENTED_EDGE('',*,*,#3798,.F.);
#5452=ORIENTED_EDGE('',*,*,#3803,.F.);
#5453=ORIENTED_EDGE('',*,*,#3804,.T.);
#5454=ORIENTED_EDGE('',*,*,#3805,.T.);
#5455=ORIENTED_EDGE('',*,*,#3806,.F.);
#5456=ORIENTED_EDGE('',*,*,#3807,.F.);
#5457=ORIENTED_EDGE('',*,*,#3808,.T.);
#5458=ORIENTED_EDGE('',*,*,#3809,.T.);
#5459=ORIENTED_EDGE('',*,*,#3804,.F.);
#5460=ORIENTED_EDGE('',*,*,#3810,.F.);
#5461=ORIENTED_EDGE('',*,*,#3811,.T.);
#5462=ORIENTED_EDGE('',*,*,#3812,.T.);
#5463=ORIENTED_EDGE('',*,*,#3808,.F.);
#5464=ORIENTED_EDGE('',*,*,#3813,.F.);
#5465=ORIENTED_EDGE('',*,*,#3814,.T.);
#5466=ORIENTED_EDGE('',*,*,#3815,.T.);
#5467=ORIENTED_EDGE('',*,*,#3811,.F.);
#5468=ORIENTED_EDGE('',*,*,#3816,.F.);
#5469=ORIENTED_EDGE('',*,*,#3817,.T.);
#5470=ORIENTED_EDGE('',*,*,#3818,.T.);
#5471=ORIENTED_EDGE('',*,*,#3814,.F.);
#5472=ORIENTED_EDGE('',*,*,#3819,.F.);
#5473=ORIENTED_EDGE('',*,*,#3820,.T.);
#5474=ORIENTED_EDGE('',*,*,#3821,.T.);
#5475=ORIENTED_EDGE('',*,*,#3817,.F.);
#5476=ORIENTED_EDGE('',*,*,#3822,.F.);
#5477=ORIENTED_EDGE('',*,*,#3823,.F.);
#5478=ORIENTED_EDGE('',*,*,#3824,.T.);
#5479=ORIENTED_EDGE('',*,*,#3820,.F.);
#5480=ORIENTED_EDGE('',*,*,#3825,.F.);
#5481=ORIENTED_EDGE('',*,*,#3805,.F.);
#5482=ORIENTED_EDGE('',*,*,#3809,.F.);
#5483=ORIENTED_EDGE('',*,*,#3812,.F.);
#5484=ORIENTED_EDGE('',*,*,#3815,.F.);
#5485=ORIENTED_EDGE('',*,*,#3818,.F.);
#5486=ORIENTED_EDGE('',*,*,#3821,.F.);
#5487=ORIENTED_EDGE('',*,*,#3824,.F.);
#5488=ORIENTED_EDGE('',*,*,#3737,.T.);
#5489=ORIENTED_EDGE('',*,*,#3756,.T.);
#5490=ORIENTED_EDGE('',*,*,#3754,.T.);
#5491=ORIENTED_EDGE('',*,*,#3826,.T.);
#5492=ORIENTED_EDGE('',*,*,#3827,.T.);
#5493=ORIENTED_EDGE('',*,*,#3708,.F.);
#5494=ORIENTED_EDGE('',*,*,#3828,.F.);
#5495=ORIENTED_EDGE('',*,*,#3829,.T.);
#5496=ORIENTED_EDGE('',*,*,#3783,.T.);
#5497=ORIENTED_EDGE('',*,*,#3802,.T.);
#5498=ORIENTED_EDGE('',*,*,#3800,.T.);
#5499=ORIENTED_EDGE('',*,*,#3830,.T.);
#5500=ORIENTED_EDGE('',*,*,#3831,.T.);
#5501=ORIENTED_EDGE('',*,*,#3832,.F.);
#5502=ORIENTED_EDGE('',*,*,#3833,.F.);
#5503=ORIENTED_EDGE('',*,*,#3834,.F.);
#5504=ORIENTED_EDGE('',*,*,#3732,.F.);
#5505=ORIENTED_EDGE('',*,*,#3712,.F.);
#5506=ORIENTED_EDGE('',*,*,#3729,.F.);
#5507=ORIENTED_EDGE('',*,*,#3835,.F.);
#5508=ORIENTED_EDGE('',*,*,#3836,.T.);
#5509=ORIENTED_EDGE('',*,*,#3837,.T.);
#5510=ORIENTED_EDGE('',*,*,#3828,.T.);
#5511=ORIENTED_EDGE('',*,*,#3707,.F.);
#5512=ORIENTED_EDGE('',*,*,#3701,.F.);
#5513=ORIENTED_EDGE('',*,*,#3838,.T.);
#5514=ORIENTED_EDGE('',*,*,#3839,.T.);
#5515=ORIENTED_EDGE('',*,*,#3705,.F.);
#5516=ORIENTED_EDGE('',*,*,#3840,.F.);
#5517=ORIENTED_EDGE('',*,*,#3833,.T.);
#5518=ORIENTED_EDGE('',*,*,#3841,.F.);
#5519=ORIENTED_EDGE('',*,*,#3842,.F.);
#5520=ORIENTED_EDGE('',*,*,#3843,.F.);
#5521=ORIENTED_EDGE('',*,*,#3842,.T.);
#5522=ORIENTED_EDGE('',*,*,#3844,.F.);
#5523=ORIENTED_EDGE('',*,*,#3845,.F.);
#5524=ORIENTED_EDGE('',*,*,#3846,.F.);
#5525=ORIENTED_EDGE('',*,*,#3845,.T.);
#5526=ORIENTED_EDGE('',*,*,#3847,.F.);
#5527=ORIENTED_EDGE('',*,*,#3831,.F.);
#5528=ORIENTED_EDGE('',*,*,#3847,.T.);
#5529=ORIENTED_EDGE('',*,*,#3844,.T.);
#5530=ORIENTED_EDGE('',*,*,#3841,.T.);
#5531=ORIENTED_EDGE('',*,*,#3832,.T.);
#5532=ORIENTED_EDGE('',*,*,#3848,.F.);
#5533=ORIENTED_EDGE('',*,*,#3849,.T.);
#5534=ORIENTED_EDGE('',*,*,#3850,.F.);
#5535=ORIENTED_EDGE('',*,*,#3851,.F.);
#5536=ORIENTED_EDGE('',*,*,#3852,.F.);
#5537=ORIENTED_EDGE('',*,*,#3851,.T.);
#5538=ORIENTED_EDGE('',*,*,#3853,.F.);
#5539=ORIENTED_EDGE('',*,*,#3854,.F.);
#5540=ORIENTED_EDGE('',*,*,#3855,.F.);
#5541=ORIENTED_EDGE('',*,*,#3854,.T.);
#5542=ORIENTED_EDGE('',*,*,#3856,.F.);
#5543=ORIENTED_EDGE('',*,*,#3857,.F.);
#5544=ORIENTED_EDGE('',*,*,#3857,.T.);
#5545=ORIENTED_EDGE('',*,*,#3858,.F.);
#5546=ORIENTED_EDGE('',*,*,#3849,.F.);
#5547=ORIENTED_EDGE('',*,*,#3859,.F.);
#5548=ORIENTED_EDGE('',*,*,#3836,.F.);
#5549=ORIENTED_EDGE('',*,*,#3706,.F.);
#5550=ORIENTED_EDGE('',*,*,#3839,.F.);
#5551=ORIENTED_EDGE('',*,*,#3860,.F.);
#5552=ORIENTED_EDGE('',*,*,#3858,.T.);
#5553=ORIENTED_EDGE('',*,*,#3856,.T.);
#5554=ORIENTED_EDGE('',*,*,#3853,.T.);
#5555=ORIENTED_EDGE('',*,*,#3850,.T.);
#5556=ORIENTED_EDGE('',*,*,#3777,.T.);
#5557=ORIENTED_EDGE('',*,*,#3861,.T.);
#5558=ORIENTED_EDGE('',*,*,#3806,.T.);
#5559=ORIENTED_EDGE('',*,*,#3825,.T.);
#5560=ORIENTED_EDGE('',*,*,#3823,.T.);
#5561=ORIENTED_EDGE('',*,*,#3862,.T.);
#5562=ORIENTED_EDGE('',*,*,#3730,.T.);
#5563=ORIENTED_EDGE('',*,*,#3710,.F.);
#5564=ORIENTED_EDGE('',*,*,#3863,.F.);
#5565=ORIENTED_EDGE('',*,*,#3864,.T.);
#5566=ORIENTED_EDGE('',*,*,#3760,.T.);
#5567=ORIENTED_EDGE('',*,*,#3779,.T.);
#5568=ORIENTED_EDGE('',*,*,#3865,.T.);
#5569=ORIENTED_EDGE('',*,*,#3863,.T.);
#5570=ORIENTED_EDGE('',*,*,#3709,.F.);
#5571=ORIENTED_EDGE('',*,*,#3827,.F.);
#5572=ORIENTED_EDGE('',*,*,#3700,.F.);
#5573=ORIENTED_EDGE('',*,*,#3704,.F.);
#5574=ORIENTED_EDGE('',*,*,#3720,.F.);
#5575=ORIENTED_EDGE('',*,*,#3722,.F.);
#5576=ORIENTED_EDGE('',*,*,#3724,.F.);
#5577=ORIENTED_EDGE('',*,*,#3726,.F.);
#5578=ORIENTED_EDGE('',*,*,#3728,.F.);
#5579=ORIENTED_EDGE('',*,*,#3733,.F.);
#5580=ORIENTED_EDGE('',*,*,#3834,.T.);
#5581=ORIENTED_EDGE('',*,*,#3840,.T.);
#5582=ORIENTED_EDGE('',*,*,#3843,.T.);
#5583=ORIENTED_EDGE('',*,*,#3846,.T.);
#5584=ORIENTED_EDGE('',*,*,#3835,.T.);
#5585=ORIENTED_EDGE('',*,*,#3731,.F.);
#5586=ORIENTED_EDGE('',*,*,#3862,.F.);
#5587=ORIENTED_EDGE('',*,*,#3822,.T.);
#5588=ORIENTED_EDGE('',*,*,#3819,.T.);
#5589=ORIENTED_EDGE('',*,*,#3816,.T.);
#5590=ORIENTED_EDGE('',*,*,#3813,.T.);
#5591=ORIENTED_EDGE('',*,*,#3810,.T.);
#5592=ORIENTED_EDGE('',*,*,#3807,.T.);
#5593=ORIENTED_EDGE('',*,*,#3803,.T.);
#5594=ORIENTED_EDGE('',*,*,#3861,.F.);
#5595=ORIENTED_EDGE('',*,*,#3776,.T.);
#5596=ORIENTED_EDGE('',*,*,#3773,.T.);
#5597=ORIENTED_EDGE('',*,*,#3770,.T.);
#5598=ORIENTED_EDGE('',*,*,#3767,.T.);
#5599=ORIENTED_EDGE('',*,*,#3764,.T.);
#5600=ORIENTED_EDGE('',*,*,#3761,.T.);
#5601=ORIENTED_EDGE('',*,*,#3757,.T.);
#5602=ORIENTED_EDGE('',*,*,#3864,.F.);
#5603=ORIENTED_EDGE('',*,*,#3865,.F.);
#5604=ORIENTED_EDGE('',*,*,#3826,.F.);
#5605=ORIENTED_EDGE('',*,*,#3753,.T.);
#5606=ORIENTED_EDGE('',*,*,#3750,.T.);
#5607=ORIENTED_EDGE('',*,*,#3747,.T.);
#5608=ORIENTED_EDGE('',*,*,#3744,.T.);
#5609=ORIENTED_EDGE('',*,*,#3741,.T.);
#5610=ORIENTED_EDGE('',*,*,#3738,.T.);
#5611=ORIENTED_EDGE('',*,*,#3734,.T.);
#5612=ORIENTED_EDGE('',*,*,#3830,.F.);
#5613=ORIENTED_EDGE('',*,*,#3799,.T.);
#5614=ORIENTED_EDGE('',*,*,#3796,.T.);
#5615=ORIENTED_EDGE('',*,*,#3793,.T.);
#5616=ORIENTED_EDGE('',*,*,#3790,.T.);
#5617=ORIENTED_EDGE('',*,*,#3787,.T.);
#5618=ORIENTED_EDGE('',*,*,#3784,.T.);
#5619=ORIENTED_EDGE('',*,*,#3780,.T.);
#5620=ORIENTED_EDGE('',*,*,#3829,.F.);
#5621=ORIENTED_EDGE('',*,*,#3837,.F.);
#5622=ORIENTED_EDGE('',*,*,#3859,.T.);
#5623=ORIENTED_EDGE('',*,*,#3848,.T.);
#5624=ORIENTED_EDGE('',*,*,#3852,.T.);
#5625=ORIENTED_EDGE('',*,*,#3855,.T.);
#5626=ORIENTED_EDGE('',*,*,#3860,.T.);
#5627=ORIENTED_EDGE('',*,*,#3838,.F.);
#5628=ORIENTED_EDGE('',*,*,#3688,.T.);
#5629=ORIENTED_EDGE('',*,*,#3691,.T.);
#5630=ORIENTED_EDGE('',*,*,#3694,.T.);
#5631=ORIENTED_EDGE('',*,*,#3697,.T.);
#5632=ORIENTED_EDGE('',*,*,#3626,.T.);
#5633=ORIENTED_EDGE('',*,*,#3630,.T.);
#5634=ORIENTED_EDGE('',*,*,#3633,.T.);
#5635=ORIENTED_EDGE('',*,*,#3636,.T.);
#5636=PLANE('',#6188);
#5637=PLANE('',#6189);
#5638=PLANE('',#6190);
#5639=PLANE('',#6191);
#5640=PLANE('',#6192);
#5641=PLANE('',#6193);
#5642=PLANE('',#6194);
#5643=PLANE('',#6195);
#5644=PLANE('',#6196);
#5645=PLANE('',#6197);
#5646=PLANE('',#6198);
#5647=PLANE('',#6199);
#5648=PLANE('',#6200);
#5649=PLANE('',#6201);
#5650=PLANE('',#6202);
#5651=PLANE('',#6203);
#5652=PLANE('',#6204);
#5653=PLANE('',#6205);
#5654=PLANE('',#6206);
#5655=PLANE('',#6207);
#5656=PLANE('',#6208);
#5657=PLANE('',#6209);
#5658=PLANE('',#6210);
#5659=PLANE('',#6211);
#5660=PLANE('',#6212);
#5661=PLANE('',#6213);
#5662=PLANE('',#6214);
#5663=PLANE('',#6215);
#5664=PLANE('',#6216);
#5665=PLANE('',#6217);
#5666=PLANE('',#6218);
#5667=PLANE('',#6219);
#5668=PLANE('',#6220);
#5669=PLANE('',#6221);
#5670=PLANE('',#6222);
#5671=PLANE('',#6223);
#5672=PLANE('',#6224);
#5673=PLANE('',#6225);
#5674=PLANE('',#6226);
#5675=PLANE('',#6227);
#5676=PLANE('',#6228);
#5677=PLANE('',#6229);
#5678=PLANE('',#6230);
#5679=PLANE('',#6231);
#5680=PLANE('',#6232);
#5681=PLANE('',#6233);
#5682=PLANE('',#6234);
#5683=PLANE('',#6235);
#5684=PLANE('',#6236);
#5685=PLANE('',#6237);
#5686=PLANE('',#6238);
#5687=PLANE('',#6239);
#5688=PLANE('',#6240);
#5689=PLANE('',#6241);
#5690=PLANE('',#6242);
#5691=PLANE('',#6243);
#5692=PLANE('',#6244);
#5693=PLANE('',#6245);
#5694=PLANE('',#6246);
#5695=PLANE('',#6247);
#5696=PLANE('',#6248);
#5697=PLANE('',#6249);
#5698=PLANE('',#6250);
#5699=PLANE('',#6251);
#5700=PLANE('',#6252);
#5701=PLANE('',#6253);
#5702=PLANE('',#6254);
#5703=PLANE('',#6255);
#5704=PLANE('',#6256);
#5705=PLANE('',#6257);
#5706=PLANE('',#6258);
#5707=PLANE('',#6259);
#5708=PLANE('',#6260);
#5709=PLANE('',#6261);
#5710=PLANE('',#6262);
#5711=PLANE('',#6263);
#5712=PLANE('',#6264);
#5713=PLANE('',#6265);
#5714=PLANE('',#6266);
#5715=PLANE('',#6267);
#5716=PLANE('',#6268);
#5717=PLANE('',#6269);
#5718=PLANE('',#6270);
#5719=PLANE('',#6271);
#5720=PLANE('',#6272);
#5721=PLANE('',#6273);
#5722=PLANE('',#6274);
#5723=PLANE('',#6275);
#5724=PLANE('',#6276);
#5725=PLANE('',#6277);
#5726=PLANE('',#6278);
#5727=PLANE('',#6279);
#5728=PLANE('',#6280);
#5729=PLANE('',#6281);
#5730=PLANE('',#6282);
#5731=PLANE('',#6283);
#5732=PLANE('',#6284);
#5733=PLANE('',#6285);
#5734=PLANE('',#6286);
#5735=PLANE('',#6287);
#5736=PLANE('',#6288);
#5737=PLANE('',#6289);
#5738=PLANE('',#6290);
#5739=PLANE('',#6291);
#5740=PLANE('',#6292);
#5741=PLANE('',#6293);
#5742=PLANE('',#6294);
#5743=PLANE('',#6295);
#5744=PLANE('',#6296);
#5745=PLANE('',#6297);
#5746=PLANE('',#6298);
#5747=PLANE('',#6299);
#5748=PLANE('',#6300);
#5749=PLANE('',#6301);
#5750=PLANE('',#6302);
#5751=PLANE('',#6303);
#5752=PLANE('',#6304);
#5753=PLANE('',#6305);
#5754=PLANE('',#6306);
#5755=PLANE('',#6307);
#5756=PLANE('',#6308);
#5757=PLANE('',#6309);
#5758=PLANE('',#6310);
#5759=PLANE('',#6311);
#5760=PLANE('',#6312);
#5761=PLANE('',#6313);
#5762=PLANE('',#6314);
#5763=PLANE('',#6315);
#5764=PLANE('',#6316);
#5765=PLANE('',#6317);
#5766=PLANE('',#6318);
#5767=PLANE('',#6319);
#5768=PLANE('',#6320);
#5769=PLANE('',#6321);
#5770=PLANE('',#6322);
#5771=PLANE('',#6323);
#5772=PLANE('',#6324);
#5773=PLANE('',#6325);
#5774=PLANE('',#6326);
#5775=PLANE('',#6327);
#5776=PLANE('',#6328);
#5777=PLANE('',#6329);
#5778=PLANE('',#6330);
#5779=PLANE('',#6331);
#5780=PLANE('',#6332);
#5781=PLANE('',#6333);
#5782=PLANE('',#6334);
#5783=PLANE('',#6335);
#5784=PLANE('',#6336);
#5785=PLANE('',#6337);
#5786=PLANE('',#6338);
#5787=PLANE('',#6339);
#5788=PLANE('',#6340);
#5789=PLANE('',#6341);
#5790=PLANE('',#6342);
#5791=PLANE('',#6343);
#5792=PLANE('',#6344);
#5793=PLANE('',#6345);
#5794=PLANE('',#6346);
#5795=PLANE('',#6347);
#5796=PLANE('',#6348);
#5797=PLANE('',#6349);
#5798=PLANE('',#6350);
#5799=PLANE('',#6351);
#5800=PLANE('',#6352);
#5801=PLANE('',#6353);
#5802=PLANE('',#6354);
#5803=PLANE('',#6355);
#5804=PLANE('',#6356);
#5805=PLANE('',#6372);
#5806=PLANE('',#6373);
#5807=PLANE('',#6379);
#5808=PLANE('',#6382);
#5809=PLANE('',#6385);
#5810=PLANE('',#6386);
#5811=PLANE('',#6387);
#5812=PLANE('',#6388);
#5813=PLANE('',#6389);
#5814=PLANE('',#6390);
#5815=PLANE('',#6391);
#5816=PLANE('',#6392);
#5817=PLANE('',#6393);
#5818=PLANE('',#6394);
#5819=PLANE('',#6395);
#5820=PLANE('',#6396);
#5821=PLANE('',#6397);
#5822=PLANE('',#6398);
#5823=PLANE('',#6399);
#5824=PLANE('',#6400);
#5825=PLANE('',#6401);
#5826=PLANE('',#6402);
#5827=PLANE('',#6403);
#5828=PLANE('',#6404);
#5829=PLANE('',#6405);
#5830=PLANE('',#6406);
#5831=PLANE('',#6407);
#5832=PLANE('',#6408);
#5833=PLANE('',#6409);
#5834=PLANE('',#6410);
#5835=PLANE('',#6411);
#5836=PLANE('',#6412);
#5837=PLANE('',#6413);
#5838=PLANE('',#6414);
#5839=PLANE('',#6415);
#5840=PLANE('',#6416);
#5841=PLANE('',#6417);
#5842=PLANE('',#6418);
#5843=PLANE('',#6419);
#5844=PLANE('',#6420);
#5845=PLANE('',#6421);
#5846=PLANE('',#6422);
#5847=PLANE('',#6423);
#5848=PLANE('',#6424);
#5849=PLANE('',#6425);
#5850=PLANE('',#6426);
#5851=PLANE('',#6427);
#5852=PLANE('',#6428);
#5853=PLANE('',#6429);
#5854=PLANE('',#6430);
#5855=PLANE('',#6431);
#5856=PLANE('',#6432);
#5857=PLANE('',#6433);
#5858=PLANE('',#6434);
#5859=ADVANCED_FACE('',(#325),#5636,.F.);
#5860=ADVANCED_FACE('',(#326),#5637,.F.);
#5861=ADVANCED_FACE('',(#327),#5638,.F.);
#5862=ADVANCED_FACE('',(#328),#5639,.F.);
#5863=ADVANCED_FACE('',(#329),#5640,.F.);
#5864=ADVANCED_FACE('',(#330),#5641,.F.);
#5865=ADVANCED_FACE('',(#331),#5642,.F.);
#5866=ADVANCED_FACE('',(#332),#5643,.F.);
#5867=ADVANCED_FACE('',(#333),#5644,.F.);
#5868=ADVANCED_FACE('',(#334),#5645,.F.);
#5869=ADVANCED_FACE('',(#335),#5646,.F.);
#5870=ADVANCED_FACE('',(#336),#5647,.F.);
#5871=ADVANCED_FACE('',(#337),#5648,.F.);
#5872=ADVANCED_FACE('',(#338),#5649,.F.);
#5873=ADVANCED_FACE('',(#339),#5650,.F.);
#5874=ADVANCED_FACE('',(#340),#5651,.F.);
#5875=ADVANCED_FACE('',(#341),#5652,.F.);
#5876=ADVANCED_FACE('',(#342),#5653,.F.);
#5877=ADVANCED_FACE('',(#343),#5654,.F.);
#5878=ADVANCED_FACE('',(#344),#5655,.F.);
#5879=ADVANCED_FACE('',(#345),#5656,.F.);
#5880=ADVANCED_FACE('',(#346),#5657,.F.);
#5881=ADVANCED_FACE('',(#347),#5658,.F.);
#5882=ADVANCED_FACE('',(#348),#5659,.F.);
#5883=ADVANCED_FACE('',(#349),#5660,.F.);
#5884=ADVANCED_FACE('',(#350),#5661,.F.);
#5885=ADVANCED_FACE('',(#351),#5662,.F.);
#5886=ADVANCED_FACE('',(#352),#5663,.F.);
#5887=ADVANCED_FACE('',(#353),#5664,.F.);
#5888=ADVANCED_FACE('',(#354),#5665,.F.);
#5889=ADVANCED_FACE('',(#355),#5666,.F.);
#5890=ADVANCED_FACE('',(#356),#5667,.F.);
#5891=ADVANCED_FACE('',(#357),#5668,.F.);
#5892=ADVANCED_FACE('',(#358),#5669,.F.);
#5893=ADVANCED_FACE('',(#359),#5670,.F.);
#5894=ADVANCED_FACE('',(#360),#5671,.F.);
#5895=ADVANCED_FACE('',(#361),#241,.F.);
#5896=ADVANCED_FACE('',(#362),#242,.F.);
#5897=ADVANCED_FACE('',(#363),#5672,.F.);
#5898=ADVANCED_FACE('',(#364),#5673,.F.);
#5899=ADVANCED_FACE('',(#365),#5674,.F.);
#5900=ADVANCED_FACE('',(#366),#5675,.F.);
#5901=ADVANCED_FACE('',(#367),#5676,.F.);
#5902=ADVANCED_FACE('',(#368),#5677,.F.);
#5903=ADVANCED_FACE('',(#369),#5678,.F.);
#5904=ADVANCED_FACE('',(#370),#5679,.F.);
#5905=ADVANCED_FACE('',(#371),#5680,.F.);
#5906=ADVANCED_FACE('',(#372,#39),#5681,.T.);
#5907=ADVANCED_FACE('',(#373),#243,.F.);
#5908=ADVANCED_FACE('',(#374),#5682,.F.);
#5909=ADVANCED_FACE('',(#375),#244,.F.);
#5910=ADVANCED_FACE('',(#376),#245,.F.);
#5911=ADVANCED_FACE('',(#377),#246,.F.);
#5912=ADVANCED_FACE('',(#378),#5683,.F.);
#5913=ADVANCED_FACE('',(#379),#247,.F.);
#5914=ADVANCED_FACE('',(#380),#5684,.F.);
#5915=ADVANCED_FACE('',(#381),#5685,.F.);
#5916=ADVANCED_FACE('',(#382),#5686,.F.);
#5917=ADVANCED_FACE('',(#383),#248,.F.);
#5918=ADVANCED_FACE('',(#384),#249,.F.);
#5919=ADVANCED_FACE('',(#385),#250,.F.);
#5920=ADVANCED_FACE('',(#386),#5687,.F.);
#5921=ADVANCED_FACE('',(#387),#251,.F.);
#5922=ADVANCED_FACE('',(#388),#252,.F.);
#5923=ADVANCED_FACE('',(#389),#253,.F.);
#5924=ADVANCED_FACE('',(#390),#254,.F.);
#5925=ADVANCED_FACE('',(#391),#5688,.F.);
#5926=ADVANCED_FACE('',(#392),#5689,.F.);
#5927=ADVANCED_FACE('',(#393,#40),#5690,.T.);
#5928=ADVANCED_FACE('',(#394),#5691,.F.);
#5929=ADVANCED_FACE('',(#395),#255,.F.);
#5930=ADVANCED_FACE('',(#396),#256,.F.);
#5931=ADVANCED_FACE('',(#397),#257,.F.);
#5932=ADVANCED_FACE('',(#398),#258,.F.);
#5933=ADVANCED_FACE('',(#399),#5692,.F.);
#5934=ADVANCED_FACE('',(#400),#5693,.F.);
#5935=ADVANCED_FACE('',(#401),#5694,.F.);
#5936=ADVANCED_FACE('',(#402),#259,.F.);
#5937=ADVANCED_FACE('',(#403),#260,.F.);
#5938=ADVANCED_FACE('',(#404),#261,.F.);
#5939=ADVANCED_FACE('',(#405),#262,.F.);
#5940=ADVANCED_FACE('',(#406),#263,.F.);
#5941=ADVANCED_FACE('',(#407),#264,.F.);
#5942=ADVANCED_FACE('',(#408),#265,.F.);
#5943=ADVANCED_FACE('',(#409),#266,.F.);
#5944=ADVANCED_FACE('',(#410),#5695,.F.);
#5945=ADVANCED_FACE('',(#411),#5696,.F.);
#5946=ADVANCED_FACE('',(#412),#5697,.T.);
#5947=ADVANCED_FACE('',(#413),#5698,.F.);
#5948=ADVANCED_FACE('',(#414),#5699,.F.);
#5949=ADVANCED_FACE('',(#415),#267,.F.);
#5950=ADVANCED_FACE('',(#416),#5700,.F.);
#5951=ADVANCED_FACE('',(#417),#5701,.F.);
#5952=ADVANCED_FACE('',(#418),#5702,.F.);
#5953=ADVANCED_FACE('',(#419),#5703,.F.);
#5954=ADVANCED_FACE('',(#420),#5704,.F.);
#5955=ADVANCED_FACE('',(#421),#5705,.F.);
#5956=ADVANCED_FACE('',(#422),#5706,.F.);
#5957=ADVANCED_FACE('',(#423),#5707,.F.);
#5958=ADVANCED_FACE('',(#424),#5708,.F.);
#5959=ADVANCED_FACE('',(#425),#5709,.F.);
#5960=ADVANCED_FACE('',(#426),#5710,.F.);
#5961=ADVANCED_FACE('',(#427),#5711,.T.);
#5962=ADVANCED_FACE('',(#428),#5712,.F.);
#5963=ADVANCED_FACE('',(#429),#5713,.F.);
#5964=ADVANCED_FACE('',(#430),#5714,.F.);
#5965=ADVANCED_FACE('',(#431),#5715,.F.);
#5966=ADVANCED_FACE('',(#432),#5716,.F.);
#5967=ADVANCED_FACE('',(#433),#5717,.F.);
#5968=ADVANCED_FACE('',(#434),#5718,.F.);
#5969=ADVANCED_FACE('',(#435),#5719,.F.);
#5970=ADVANCED_FACE('',(#436),#5720,.F.);
#5971=ADVANCED_FACE('',(#437),#5721,.F.);
#5972=ADVANCED_FACE('',(#438),#5722,.F.);
#5973=ADVANCED_FACE('',(#439),#5723,.F.);
#5974=ADVANCED_FACE('',(#440),#5724,.F.);
#5975=ADVANCED_FACE('',(#441),#5725,.F.);
#5976=ADVANCED_FACE('',(#442),#5726,.F.);
#5977=ADVANCED_FACE('',(#443),#5727,.F.);
#5978=ADVANCED_FACE('',(#444),#5728,.F.);
#5979=ADVANCED_FACE('',(#445),#5729,.F.);
#5980=ADVANCED_FACE('',(#446),#5730,.F.);
#5981=ADVANCED_FACE('',(#447),#5731,.F.);
#5982=ADVANCED_FACE('',(#448),#5732,.F.);
#5983=ADVANCED_FACE('',(#449),#5733,.F.);
#5984=ADVANCED_FACE('',(#450),#5734,.F.);
#5985=ADVANCED_FACE('',(#451),#5735,.F.);
#5986=ADVANCED_FACE('',(#452),#5736,.F.);
#5987=ADVANCED_FACE('',(#453),#5737,.F.);
#5988=ADVANCED_FACE('',(#454),#5738,.F.);
#5989=ADVANCED_FACE('',(#455),#5739,.F.);
#5990=ADVANCED_FACE('',(#456),#5740,.F.);
#5991=ADVANCED_FACE('',(#457),#5741,.F.);
#5992=ADVANCED_FACE('',(#458),#268,.F.);
#5993=ADVANCED_FACE('',(#459),#269,.F.);
#5994=ADVANCED_FACE('',(#460),#270,.F.);
#5995=ADVANCED_FACE('',(#461),#271,.F.);
#5996=ADVANCED_FACE('',(#462),#272,.F.);
#5997=ADVANCED_FACE('',(#463),#273,.F.);
#5998=ADVANCED_FACE('',(#464),#274,.F.);
#5999=ADVANCED_FACE('',(#465),#275,.F.);
#6000=ADVANCED_FACE('',(#466),#276,.F.);
#6001=ADVANCED_FACE('',(#467),#277,.F.);
#6002=ADVANCED_FACE('',(#468),#278,.F.);
#6003=ADVANCED_FACE('',(#469),#279,.F.);
#6004=ADVANCED_FACE('',(#470),#280,.F.);
#6005=ADVANCED_FACE('',(#471),#281,.F.);
#6006=ADVANCED_FACE('',(#472),#282,.F.);
#6007=ADVANCED_FACE('',(#473),#5742,.F.);
#6008=ADVANCED_FACE('',(#474),#5743,.F.);
#6009=ADVANCED_FACE('',(#475),#5744,.F.);
#6010=ADVANCED_FACE('',(#476),#283,.F.);
#6011=ADVANCED_FACE('',(#477),#284,.F.);
#6012=ADVANCED_FACE('',(#478),#285,.F.);
#6013=ADVANCED_FACE('',(#479),#286,.F.);
#6014=ADVANCED_FACE('',(#480),#287,.F.);
#6015=ADVANCED_FACE('',(#481),#288,.F.);
#6016=ADVANCED_FACE('',(#482),#289,.F.);
#6017=ADVANCED_FACE('',(#483),#290,.F.);
#6018=ADVANCED_FACE('',(#484),#291,.F.);
#6019=ADVANCED_FACE('',(#485),#292,.F.);
#6020=ADVANCED_FACE('',(#486),#293,.F.);
#6021=ADVANCED_FACE('',(#487),#294,.F.);
#6022=ADVANCED_FACE('',(#488),#295,.F.);
#6023=ADVANCED_FACE('',(#489),#296,.F.);
#6024=ADVANCED_FACE('',(#490),#5745,.F.);
#6025=ADVANCED_FACE('',(#491),#5746,.F.);
#6026=ADVANCED_FACE('',(#492),#5747,.F.);
#6027=ADVANCED_FACE('',(#493),#5748,.T.);
#6028=ADVANCED_FACE('',(#494),#297,.F.);
#6029=ADVANCED_FACE('',(#495),#298,.F.);
#6030=ADVANCED_FACE('',(#496),#299,.F.);
#6031=ADVANCED_FACE('',(#497),#300,.F.);
#6032=ADVANCED_FACE('',(#498),#301,.F.);
#6033=ADVANCED_FACE('',(#499),#302,.F.);
#6034=ADVANCED_FACE('',(#500),#303,.F.);
#6035=ADVANCED_FACE('',(#501),#5749,.F.);
#6036=ADVANCED_FACE('',(#502),#304,.F.);
#6037=ADVANCED_FACE('',(#503),#305,.F.);
#6038=ADVANCED_FACE('',(#504),#306,.F.);
#6039=ADVANCED_FACE('',(#505),#307,.F.);
#6040=ADVANCED_FACE('',(#506),#308,.F.);
#6041=ADVANCED_FACE('',(#507),#309,.F.);
#6042=ADVANCED_FACE('',(#508),#5750,.F.);
#6043=ADVANCED_FACE('',(#509),#5751,.F.);
#6044=ADVANCED_FACE('',(#510),#5752,.F.);
#6045=ADVANCED_FACE('',(#511),#310,.F.);
#6046=ADVANCED_FACE('',(#512),#311,.F.);
#6047=ADVANCED_FACE('',(#513),#312,.F.);
#6048=ADVANCED_FACE('',(#514),#313,.F.);
#6049=ADVANCED_FACE('',(#515),#5753,.F.);
#6050=ADVANCED_FACE('',(#516),#314,.F.);
#6051=ADVANCED_FACE('',(#517),#315,.F.);
#6052=ADVANCED_FACE('',(#518),#316,.F.);
#6053=ADVANCED_FACE('',(#519),#317,.F.);
#6054=ADVANCED_FACE('',(#520),#5754,.F.);
#6055=ADVANCED_FACE('',(#521),#5755,.F.);
#6056=ADVANCED_FACE('',(#522),#5756,.F.);
#6057=ADVANCED_FACE('',(#523),#5757,.T.);
#6058=ADVANCED_FACE('',(#524),#318,.F.);
#6059=ADVANCED_FACE('',(#525),#319,.F.);
#6060=ADVANCED_FACE('',(#526),#5758,.F.);
#6061=ADVANCED_FACE('',(#527),#5759,.F.);
#6062=ADVANCED_FACE('',(#528),#5760,.F.);
#6063=ADVANCED_FACE('',(#529),#5761,.F.);
#6064=ADVANCED_FACE('',(#530),#5762,.F.);
#6065=ADVANCED_FACE('',(#531),#5763,.F.);
#6066=ADVANCED_FACE('',(#532),#5764,.F.);
#6067=ADVANCED_FACE('',(#533),#5765,.T.);
#6068=ADVANCED_FACE('',(#534),#5766,.F.);
#6069=ADVANCED_FACE('',(#535),#5767,.F.);
#6070=ADVANCED_FACE('',(#536),#5768,.F.);
#6071=ADVANCED_FACE('',(#537),#5769,.F.);
#6072=ADVANCED_FACE('',(#538),#5770,.F.);
#6073=ADVANCED_FACE('',(#539),#320,.F.);
#6074=ADVANCED_FACE('',(#540),#5771,.F.);
#6075=ADVANCED_FACE('',(#541),#321,.F.);
#6076=ADVANCED_FACE('',(#542),#5772,.F.);
#6077=ADVANCED_FACE('',(#543),#322,.F.);
#6078=ADVANCED_FACE('',(#544),#5773,.F.);
#6079=ADVANCED_FACE('',(#545),#5774,.F.);
#6080=ADVANCED_FACE('',(#546),#5775,.F.);
#6081=ADVANCED_FACE('',(#547),#5776,.F.);
#6082=ADVANCED_FACE('',(#548),#5777,.F.);
#6083=ADVANCED_FACE('',(#549),#323,.F.);
#6084=ADVANCED_FACE('',(#550),#324,.F.);
#6085=ADVANCED_FACE('',(#551),#5778,.F.);
#6086=ADVANCED_FACE('',(#552),#5779,.F.);
#6087=ADVANCED_FACE('',(#553),#5780,.F.);
#6088=ADVANCED_FACE('',(#554),#5781,.T.);
#6089=ADVANCED_FACE('',(#555),#5782,.T.);
#6090=ADVANCED_FACE('',(#556),#5783,.T.);
#6091=ADVANCED_FACE('',(#557),#5784,.T.);
#6092=ADVANCED_FACE('',(#558),#5785,.T.);
#6093=ADVANCED_FACE('',(#559),#5786,.T.);
#6094=ADVANCED_FACE('',(#560),#5787,.T.);
#6095=ADVANCED_FACE('',(#561,#41,#42,#43,#44),#5788,.T.);
#6096=ADVANCED_FACE('',(#562),#5789,.F.);
#6097=ADVANCED_FACE('',(#563),#5790,.F.);
#6098=ADVANCED_FACE('',(#564),#5791,.F.);
#6099=ADVANCED_FACE('',(#565),#5792,.F.);
#6100=ADVANCED_FACE('',(#566),#5793,.F.);
#6101=ADVANCED_FACE('',(#567),#5794,.F.);
#6102=ADVANCED_FACE('',(#568),#5795,.F.);
#6103=ADVANCED_FACE('',(#569),#5796,.F.);
#6104=ADVANCED_FACE('',(#570),#5797,.F.);
#6105=ADVANCED_FACE('',(#571),#5798,.F.);
#6106=ADVANCED_FACE('',(#572),#5799,.F.);
#6107=ADVANCED_FACE('',(#573),#5800,.F.);
#6108=ADVANCED_FACE('',(#574),#5801,.F.);
#6109=ADVANCED_FACE('',(#575),#5802,.F.);
#6110=ADVANCED_FACE('',(#576),#5803,.F.);
#6111=ADVANCED_FACE('',(#577),#5804,.F.);
#6112=ADVANCED_FACE('',(#578),#31,.F.);
#6113=ADVANCED_FACE('',(#579),#32,.F.);
#6114=ADVANCED_FACE('',(#580),#33,.F.);
#6115=ADVANCED_FACE('',(#581),#34,.F.);
#6116=ADVANCED_FACE('',(#582),#35,.T.);
#6117=ADVANCED_FACE('',(#583),#5805,.T.);
#6118=ADVANCED_FACE('',(#584,#45,#46,#47,#48,#49,#50,#51,#52,#53,#54,#55,
#56,#57,#58,#59,#60,#61,#62,#63,#64,#65,#66,#67),#5806,.T.);
#6119=ADVANCED_FACE('',(#585),#36,.T.);
#6120=ADVANCED_FACE('',(#586),#5807,.T.);
#6121=ADVANCED_FACE('',(#587),#37,.T.);
#6122=ADVANCED_FACE('',(#588),#5808,.T.);
#6123=ADVANCED_FACE('',(#589),#38,.T.);
#6124=ADVANCED_FACE('',(#590),#5809,.T.);
#6125=ADVANCED_FACE('',(#591),#5810,.T.);
#6126=ADVANCED_FACE('',(#592),#5811,.F.);
#6127=ADVANCED_FACE('',(#593),#5812,.F.);
#6128=ADVANCED_FACE('',(#594),#5813,.F.);
#6129=ADVANCED_FACE('',(#595),#5814,.F.);
#6130=ADVANCED_FACE('',(#596),#5815,.F.);
#6131=ADVANCED_FACE('',(#597),#5816,.F.);
#6132=ADVANCED_FACE('',(#598),#5817,.F.);
#6133=ADVANCED_FACE('',(#599),#5818,.F.);
#6134=ADVANCED_FACE('',(#600),#5819,.F.);
#6135=ADVANCED_FACE('',(#601),#5820,.F.);
#6136=ADVANCED_FACE('',(#602),#5821,.F.);
#6137=ADVANCED_FACE('',(#603),#5822,.F.);
#6138=ADVANCED_FACE('',(#604),#5823,.F.);
#6139=ADVANCED_FACE('',(#605),#5824,.F.);
#6140=ADVANCED_FACE('',(#606),#5825,.F.);
#6141=ADVANCED_FACE('',(#607),#5826,.F.);
#6142=ADVANCED_FACE('',(#608),#5827,.F.);
#6143=ADVANCED_FACE('',(#609),#5828,.F.);
#6144=ADVANCED_FACE('',(#610),#5829,.F.);
#6145=ADVANCED_FACE('',(#611),#5830,.F.);
#6146=ADVANCED_FACE('',(#612),#5831,.F.);
#6147=ADVANCED_FACE('',(#613),#5832,.F.);
#6148=ADVANCED_FACE('',(#614),#5833,.F.);
#6149=ADVANCED_FACE('',(#615),#5834,.F.);
#6150=ADVANCED_FACE('',(#616),#5835,.F.);
#6151=ADVANCED_FACE('',(#617),#5836,.F.);
#6152=ADVANCED_FACE('',(#618),#5837,.F.);
#6153=ADVANCED_FACE('',(#619),#5838,.F.);
#6154=ADVANCED_FACE('',(#620),#5839,.F.);
#6155=ADVANCED_FACE('',(#621),#5840,.F.);
#6156=ADVANCED_FACE('',(#622),#5841,.F.);
#6157=ADVANCED_FACE('',(#623),#5842,.F.);
#6158=ADVANCED_FACE('',(#624),#5843,.T.);
#6159=ADVANCED_FACE('',(#625),#5844,.T.);
#6160=ADVANCED_FACE('',(#626),#5845,.T.);
#6161=ADVANCED_FACE('',(#627),#5846,.T.);
#6162=ADVANCED_FACE('',(#628),#5847,.T.);
#6163=ADVANCED_FACE('',(#629),#5848,.T.);
#6164=ADVANCED_FACE('',(#630),#5849,.T.);
#6165=ADVANCED_FACE('',(#631),#5850,.T.);
#6166=ADVANCED_FACE('',(#632),#5851,.T.);
#6167=ADVANCED_FACE('',(#633),#5852,.T.);
#6168=ADVANCED_FACE('',(#634),#5853,.T.);
#6169=ADVANCED_FACE('',(#635),#5854,.T.);
#6170=ADVANCED_FACE('',(#636),#5855,.T.);
#6171=ADVANCED_FACE('',(#637),#5856,.T.);
#6172=ADVANCED_FACE('',(#638),#5857,.T.);
#6173=ADVANCED_FACE('',(#639,#68,#69,#70,#71,#72),#5858,.F.);
#6174=CLOSED_SHELL('',(#5859,#5860,#5861,#5862,#5863,#5864,#5865,#5866,
#5867,#5868,#5869,#5870,#5871,#5872,#5873,#5874,#5875,#5876,#5877,#5878,
#5879,#5880,#5881,#5882,#5883,#5884,#5885,#5886,#5887,#5888,#5889,#5890,
#5891,#5892,#5893,#5894,#5895,#5896,#5897,#5898,#5899,#5900,#5901,#5902,
#5903,#5904,#5905,#5906,#5907,#5908,#5909,#5910,#5911,#5912,#5913,#5914,
#5915,#5916,#5917,#5918,#5919,#5920,#5921,#5922,#5923,#5924,#5925,#5926,
#5927,#5928,#5929,#5930,#5931,#5932,#5933,#5934,#5935,#5936,#5937,#5938,
#5939,#5940,#5941,#5942,#5943,#5944,#5945,#5946,#5947,#5948,#5949,#5950,
#5951,#5952,#5953,#5954,#5955,#5956,#5957,#5958,#5959,#5960,#5961,#5962,
#5963,#5964,#5965,#5966,#5967,#5968,#5969,#5970,#5971,#5972,#5973,#5974,
#5975,#5976,#5977,#5978,#5979,#5980,#5981,#5982,#5983,#5984,#5985,#5986,
#5987,#5988,#5989,#5990,#5991,#5992,#5993,#5994,#5995,#5996,#5997,#5998,
#5999,#6000,#6001,#6002,#6003,#6004,#6005,#6006,#6007,#6008,#6009,#6010,
#6011,#6012,#6013,#6014,#6015,#6016,#6017,#6018,#6019,#6020,#6021,#6022,
#6023,#6024,#6025,#6026,#6027,#6028,#6029,#6030,#6031,#6032,#6033,#6034,
#6035,#6036,#6037,#6038,#6039,#6040,#6041,#6042,#6043,#6044,#6045,#6046,
#6047,#6048,#6049,#6050,#6051,#6052,#6053,#6054,#6055,#6056,#6057,#6058,
#6059,#6060,#6061,#6062,#6063,#6064,#6065,#6066,#6067,#6068,#6069,#6070,
#6071,#6072,#6073,#6074,#6075,#6076,#6077,#6078,#6079,#6080,#6081,#6082,
#6083,#6084,#6085,#6086,#6087,#6088,#6089,#6090,#6091,#6092,#6093,#6094,
#6095,#6096,#6097,#6098,#6099,#6100,#6101,#6102,#6103,#6104,#6105,#6106,
#6107,#6108,#6109,#6110,#6111,#6112,#6113,#6114,#6115,#6116,#6117,#6118,
#6119,#6120,#6121,#6122,#6123,#6124,#6125,#6126,#6127,#6128,#6129,#6130,
#6131,#6132,#6133,#6134,#6135,#6136,#6137,#6138,#6139,#6140,#6141,#6142,
#6143,#6144,#6145,#6146,#6147,#6148,#6149,#6150,#6151,#6152,#6153,#6154,
#6155,#6156,#6157,#6158,#6159,#6160,#6161,#6162,#6163,#6164,#6165,#6166,
#6167,#6168,#6169,#6170,#6171,#6172,#6173));
#6175=DERIVED_UNIT_ELEMENT(#6177,1.);
#6176=DERIVED_UNIT_ELEMENT(#10856,-3.);
#6177=(
MASS_UNIT()
NAMED_UNIT(*)
SI_UNIT(.KILO.,.GRAM.)
);
#6178=DERIVED_UNIT((#6175,#6176));
#6179=MEASURE_REPRESENTATION_ITEM('density measure',
POSITIVE_RATIO_MEASURE(7850.),#6178);
#6180=PROPERTY_DEFINITION_REPRESENTATION(#6185,#6182);
#6181=PROPERTY_DEFINITION_REPRESENTATION(#6186,#6183);
#6182=REPRESENTATION('material name',(#6184),#10853);
#6183=REPRESENTATION('density',(#6179),#10853);
#6184=DESCRIPTIVE_REPRESENTATION_ITEM('Steel','Steel');
#6185=PROPERTY_DEFINITION('material property','material name',#10863);
#6186=PROPERTY_DEFINITION('material property','density of part',#10863);
#6187=AXIS2_PLACEMENT_3D('',#7632,#6435,#6436);
#6188=AXIS2_PLACEMENT_3D('',#7633,#6437,#6438);
#6189=AXIS2_PLACEMENT_3D('',#7642,#6443,#6444);
#6190=AXIS2_PLACEMENT_3D('',#7648,#6448,#6449);
#6191=AXIS2_PLACEMENT_3D('',#7654,#6453,#6454);
#6192=AXIS2_PLACEMENT_3D('',#7660,#6458,#6459);
#6193=AXIS2_PLACEMENT_3D('',#7666,#6463,#6464);
#6194=AXIS2_PLACEMENT_3D('',#7672,#6468,#6469);
#6195=AXIS2_PLACEMENT_3D('',#7678,#6473,#6474);
#6196=AXIS2_PLACEMENT_3D('',#7684,#6478,#6479);
#6197=AXIS2_PLACEMENT_3D('',#7690,#6483,#6484);
#6198=AXIS2_PLACEMENT_3D('',#7693,#6487,#6488);
#6199=AXIS2_PLACEMENT_3D('',#7694,#6489,#6490);
#6200=AXIS2_PLACEMENT_3D('',#7703,#6495,#6496);
#6201=AXIS2_PLACEMENT_3D('',#7709,#6500,#6501);
#6202=AXIS2_PLACEMENT_3D('',#7715,#6505,#6506);
#6203=AXIS2_PLACEMENT_3D('',#7721,#6510,#6511);
#6204=AXIS2_PLACEMENT_3D('',#7727,#6515,#6516);
#6205=AXIS2_PLACEMENT_3D('',#7733,#6520,#6521);
#6206=AXIS2_PLACEMENT_3D('',#7739,#6525,#6526);
#6207=AXIS2_PLACEMENT_3D('',#7745,#6530,#6531);
#6208=AXIS2_PLACEMENT_3D('',#7751,#6535,#6536);
#6209=AXIS2_PLACEMENT_3D('',#7757,#6540,#6541);
#6210=AXIS2_PLACEMENT_3D('',#7760,#6544,#6545);
#6211=AXIS2_PLACEMENT_3D('',#7761,#6546,#6547);
#6212=AXIS2_PLACEMENT_3D('',#7770,#6552,#6553);
#6213=AXIS2_PLACEMENT_3D('',#7776,#6557,#6558);
#6214=AXIS2_PLACEMENT_3D('',#7782,#6562,#6563);
#6215=AXIS2_PLACEMENT_3D('',#7788,#6567,#6568);
#6216=AXIS2_PLACEMENT_3D('',#7794,#6572,#6573);
#6217=AXIS2_PLACEMENT_3D('',#7800,#6577,#6578);
#6218=AXIS2_PLACEMENT_3D('',#7806,#6582,#6583);
#6219=AXIS2_PLACEMENT_3D('',#7812,#6587,#6588);
#6220=AXIS2_PLACEMENT_3D('',#7818,#6592,#6593);
#6221=AXIS2_PLACEMENT_3D('',#7824,#6597,#6598);
#6222=AXIS2_PLACEMENT_3D('',#7830,#6602,#6603);
#6223=AXIS2_PLACEMENT_3D('',#7833,#6606,#6607);
#6224=AXIS2_PLACEMENT_3D('',#7883,#6611,#6612);
#6225=AXIS2_PLACEMENT_3D('',#7886,#6615,#6616);
#6226=AXIS2_PLACEMENT_3D('',#7895,#6621,#6622);
#6227=AXIS2_PLACEMENT_3D('',#7901,#6626,#6627);
#6228=AXIS2_PLACEMENT_3D('',#7907,#6631,#6632);
#6229=AXIS2_PLACEMENT_3D('',#7913,#6636,#6637);
#6230=AXIS2_PLACEMENT_3D('',#7919,#6641,#6642);
#6231=AXIS2_PLACEMENT_3D('',#7925,#6646,#6647);
#6232=AXIS2_PLACEMENT_3D('',#7931,#6651,#6652);
#6233=AXIS2_PLACEMENT_3D('',#7934,#6655,#6656);
#6234=AXIS2_PLACEMENT_3D('',#7961,#6659,#6660);
#6235=AXIS2_PLACEMENT_3D('',#8036,#6667,#6668);
#6236=AXIS2_PLACEMENT_3D('',#8062,#6672,#6673);
#6237=AXIS2_PLACEMENT_3D('',#8071,#6678,#6679);
#6238=AXIS2_PLACEMENT_3D('',#8077,#6683,#6684);
#6239=AXIS2_PLACEMENT_3D('',#8152,#6691,#6692);
#6240=AXIS2_PLACEMENT_3D('',#8250,#6700,#6701);
#6241=AXIS2_PLACEMENT_3D('',#8256,#6705,#6706);
#6242=AXIS2_PLACEMENT_3D('',#8259,#6709,#6710);
#6243=AXIS2_PLACEMENT_3D('',#8260,#6711,#6712);
#6244=AXIS2_PLACEMENT_3D('',#8361,#6721,#6722);
#6245=AXIS2_PLACEMENT_3D('',#8367,#6726,#6727);
#6246=AXIS2_PLACEMENT_3D('',#8373,#6731,#6732);
#6247=AXIS2_PLACEMENT_3D('',#8563,#6744,#6745);
#6248=AXIS2_PLACEMENT_3D('',#8569,#6749,#6750);
#6249=AXIS2_PLACEMENT_3D('',#8572,#6753,#6754);
#6250=AXIS2_PLACEMENT_3D('',#8573,#6755,#6756);
#6251=AXIS2_PLACEMENT_3D('',#8582,#6761,#6762);
#6252=AXIS2_PLACEMENT_3D('',#8611,#6767,#6768);
#6253=AXIS2_PLACEMENT_3D('',#8617,#6772,#6773);
#6254=AXIS2_PLACEMENT_3D('',#8623,#6777,#6778);
#6255=AXIS2_PLACEMENT_3D('',#8629,#6782,#6783);
#6256=AXIS2_PLACEMENT_3D('',#8635,#6787,#6788);
#6257=AXIS2_PLACEMENT_3D('',#8641,#6792,#6793);
#6258=AXIS2_PLACEMENT_3D('',#8647,#6797,#6798);
#6259=AXIS2_PLACEMENT_3D('',#8653,#6802,#6803);
#6260=AXIS2_PLACEMENT_3D('',#8659,#6807,#6808);
#6261=AXIS2_PLACEMENT_3D('',#8665,#6812,#6813);
#6262=AXIS2_PLACEMENT_3D('',#8671,#6817,#6818);
#6263=AXIS2_PLACEMENT_3D('',#8674,#6821,#6822);
#6264=AXIS2_PLACEMENT_3D('',#8675,#6823,#6824);
#6265=AXIS2_PLACEMENT_3D('',#8684,#6829,#6830);
#6266=AXIS2_PLACEMENT_3D('',#8690,#6834,#6835);
#6267=AXIS2_PLACEMENT_3D('',#8696,#6839,#6840);
#6268=AXIS2_PLACEMENT_3D('',#8702,#6844,#6845);
#6269=AXIS2_PLACEMENT_3D('',#8708,#6849,#6850);
#6270=AXIS2_PLACEMENT_3D('',#8711,#6853,#6854);
#6271=AXIS2_PLACEMENT_3D('',#8712,#6855,#6856);
#6272=AXIS2_PLACEMENT_3D('',#8721,#6861,#6862);
#6273=AXIS2_PLACEMENT_3D('',#8727,#6866,#6867);
#6274=AXIS2_PLACEMENT_3D('',#8733,#6871,#6872);
#6275=AXIS2_PLACEMENT_3D('',#8739,#6876,#6877);
#6276=AXIS2_PLACEMENT_3D('',#8745,#6881,#6882);
#6277=AXIS2_PLACEMENT_3D('',#8751,#6886,#6887);
#6278=AXIS2_PLACEMENT_3D('',#8757,#6891,#6892);
#6279=AXIS2_PLACEMENT_3D('',#8763,#6896,#6897);
#6280=AXIS2_PLACEMENT_3D('',#8769,#6901,#6902);
#6281=AXIS2_PLACEMENT_3D('',#8775,#6906,#6907);
#6282=AXIS2_PLACEMENT_3D('',#8778,#6910,#6911);
#6283=AXIS2_PLACEMENT_3D('',#8779,#6912,#6913);
#6284=AXIS2_PLACEMENT_3D('',#8788,#6918,#6919);
#6285=AXIS2_PLACEMENT_3D('',#8794,#6923,#6924);
#6286=AXIS2_PLACEMENT_3D('',#8800,#6928,#6929);
#6287=AXIS2_PLACEMENT_3D('',#8806,#6933,#6934);
#6288=AXIS2_PLACEMENT_3D('',#8812,#6938,#6939);
#6289=AXIS2_PLACEMENT_3D('',#8818,#6943,#6944);
#6290=AXIS2_PLACEMENT_3D('',#8824,#6948,#6949);
#6291=AXIS2_PLACEMENT_3D('',#8830,#6953,#6954);
#6292=AXIS2_PLACEMENT_3D('',#8836,#6958,#6959);
#6293=AXIS2_PLACEMENT_3D('',#8839,#6962,#6963);
#6294=AXIS2_PLACEMENT_3D('',#9188,#6980,#6981);
#6295=AXIS2_PLACEMENT_3D('',#9194,#6985,#6986);
#6296=AXIS2_PLACEMENT_3D('',#9200,#6990,#6991);
#6297=AXIS2_PLACEMENT_3D('',#9528,#7009,#7010);
#6298=AXIS2_PLACEMENT_3D('',#9534,#7014,#7015);
#6299=AXIS2_PLACEMENT_3D('',#9540,#7019,#7020);
#6300=AXIS2_PLACEMENT_3D('',#9543,#7023,#7024);
#6301=AXIS2_PLACEMENT_3D('',#9708,#7033,#7034);
#6302=AXIS2_PLACEMENT_3D('',#9852,#7044,#7045);
#6303=AXIS2_PLACEMENT_3D('',#9858,#7049,#7050);
#6304=AXIS2_PLACEMENT_3D('',#9864,#7054,#7055);
#6305=AXIS2_PLACEMENT_3D('',#9962,#7063,#7064);
#6306=AXIS2_PLACEMENT_3D('',#10060,#7072,#7073);
#6307=AXIS2_PLACEMENT_3D('',#10066,#7077,#7078);
#6308=AXIS2_PLACEMENT_3D('',#10072,#7082,#7083);
#6309=AXIS2_PLACEMENT_3D('',#10075,#7086,#7087);
#6310=AXIS2_PLACEMENT_3D('',#10125,#7091,#7092);
#6311=AXIS2_PLACEMENT_3D('',#10131,#7096,#7097);
#6312=AXIS2_PLACEMENT_3D('',#10137,#7101,#7102);
#6313=AXIS2_PLACEMENT_3D('',#10143,#7106,#7107);
#6314=AXIS2_PLACEMENT_3D('',#10149,#7111,#7112);
#6315=AXIS2_PLACEMENT_3D('',#10155,#7116,#7117);
#6316=AXIS2_PLACEMENT_3D('',#10161,#7121,#7122);
#6317=AXIS2_PLACEMENT_3D('',#10164,#7125,#7126);
#6318=AXIS2_PLACEMENT_3D('',#10165,#7127,#7128);
#6319=AXIS2_PLACEMENT_3D('',#10174,#7133,#7134);
#6320=AXIS2_PLACEMENT_3D('',#10180,#7138,#7139);
#6321=AXIS2_PLACEMENT_3D('',#10186,#7143,#7144);
#6322=AXIS2_PLACEMENT_3D('',#10189,#7147,#7148);
#6323=AXIS2_PLACEMENT_3D('',#10216,#7151,#7152);
#6324=AXIS2_PLACEMENT_3D('',#10245,#7157,#7158);
#6325=AXIS2_PLACEMENT_3D('',#10274,#7163,#7164);
#6326=AXIS2_PLACEMENT_3D('',#10280,#7168,#7169);
#6327=AXIS2_PLACEMENT_3D('',#10286,#7173,#7174);
#6328=AXIS2_PLACEMENT_3D('',#10292,#7178,#7179);
#6329=AXIS2_PLACEMENT_3D('',#10298,#7183,#7184);
#6330=AXIS2_PLACEMENT_3D('',#10350,#7190,#7191);
#6331=AXIS2_PLACEMENT_3D('',#10356,#7195,#7196);
#6332=AXIS2_PLACEMENT_3D('',#10362,#7200,#7201);
#6333=AXIS2_PLACEMENT_3D('',#10365,#7204,#7205);
#6334=AXIS2_PLACEMENT_3D('',#10366,#7206,#7207);
#6335=AXIS2_PLACEMENT_3D('',#10367,#7208,#7209);
#6336=AXIS2_PLACEMENT_3D('',#10368,#7210,#7211);
#6337=AXIS2_PLACEMENT_3D('',#10377,#7216,#7217);
#6338=AXIS2_PLACEMENT_3D('',#10383,#7221,#7222);
#6339=AXIS2_PLACEMENT_3D('',#10389,#7226,#7227);
#6340=AXIS2_PLACEMENT_3D('',#10392,#7230,#7231);
#6341=AXIS2_PLACEMENT_3D('',#10425,#7248,#7249);
#6342=AXIS2_PLACEMENT_3D('',#10431,#7253,#7254);
#6343=AXIS2_PLACEMENT_3D('',#10435,#7257,#7258);
#6344=AXIS2_PLACEMENT_3D('',#10439,#7261,#7262);
#6345=AXIS2_PLACEMENT_3D('',#10441,#7264,#7265);
#6346=AXIS2_PLACEMENT_3D('',#10447,#7269,#7270);
#6347=AXIS2_PLACEMENT_3D('',#10451,#7273,#7274);
#6348=AXIS2_PLACEMENT_3D('',#10455,#7277,#7278);
#6349=AXIS2_PLACEMENT_3D('',#10457,#7280,#7281);
#6350=AXIS2_PLACEMENT_3D('',#10463,#7285,#7286);
#6351=AXIS2_PLACEMENT_3D('',#10467,#7289,#7290);
#6352=AXIS2_PLACEMENT_3D('',#10471,#7293,#7294);
#6353=AXIS2_PLACEMENT_3D('',#10473,#7296,#7297);
#6354=AXIS2_PLACEMENT_3D('',#10479,#7301,#7302);
#6355=AXIS2_PLACEMENT_3D('',#10483,#7305,#7306);
#6356=AXIS2_PLACEMENT_3D('',#10487,#7309,#7310);
#6357=AXIS2_PLACEMENT_3D('',#10489,#7312,#7313);
#6358=AXIS2_PLACEMENT_3D('',#10491,#7314,#7315);
#6359=AXIS2_PLACEMENT_3D('',#10494,#7317,#7318);
#6360=AXIS2_PLACEMENT_3D('',#10495,#7319,#7320);
#6361=AXIS2_PLACEMENT_3D('',#10497,#7321,#7322);
#6362=AXIS2_PLACEMENT_3D('',#10500,#7324,#7325);
#6363=AXIS2_PLACEMENT_3D('',#10501,#7326,#7327);
#6364=AXIS2_PLACEMENT_3D('',#10503,#7328,#7329);
#6365=AXIS2_PLACEMENT_3D('',#10506,#7331,#7332);
#6366=AXIS2_PLACEMENT_3D('',#10507,#7333,#7334);
#6367=AXIS2_PLACEMENT_3D('',#10509,#7335,#7336);
#6368=AXIS2_PLACEMENT_3D('',#10512,#7338,#7339);
#6369=AXIS2_PLACEMENT_3D('',#10513,#7340,#7341);
#6370=AXIS2_PLACEMENT_3D('',#10516,#7342,#7343);
#6371=AXIS2_PLACEMENT_3D('',#10520,#7345,#7346);
#6372=AXIS2_PLACEMENT_3D('',#10522,#7348,#7349);
#6373=AXIS2_PLACEMENT_3D('',#10528,#7353,#7354);
#6374=AXIS2_PLACEMENT_3D('',#10548,#7364,#7365);
#6375=AXIS2_PLACEMENT_3D('',#10552,#7367,#7368);
#6376=AXIS2_PLACEMENT_3D('',#10555,#7370,#7371);
#6377=AXIS2_PLACEMENT_3D('',#10556,#7372,#7373);
#6378=AXIS2_PLACEMENT_3D('',#10559,#7375,#7376);
#6379=AXIS2_PLACEMENT_3D('',#10560,#7377,#7378);
#6380=AXIS2_PLACEMENT_3D('',#10564,#7381,#7382);
#6381=AXIS2_PLACEMENT_3D('',#10567,#7384,#7385);
#6382=AXIS2_PLACEMENT_3D('',#10568,#7386,#7387);
#6383=AXIS2_PLACEMENT_3D('',#10572,#7390,#7391);
#6384=AXIS2_PLACEMENT_3D('',#10575,#7393,#7394);
#6385=AXIS2_PLACEMENT_3D('',#10576,#7395,#7396);
#6386=AXIS2_PLACEMENT_3D('',#10582,#7400,#7401);
#6387=AXIS2_PLACEMENT_3D('',#10586,#7404,#7405);
#6388=AXIS2_PLACEMENT_3D('',#10595,#7410,#7411);
#6389=AXIS2_PLACEMENT_3D('',#10601,#7415,#7416);
#6390=AXIS2_PLACEMENT_3D('',#10607,#7420,#7421);
#6391=AXIS2_PLACEMENT_3D('',#10613,#7425,#7426);
#6392=AXIS2_PLACEMENT_3D('',#10619,#7430,#7431);
#6393=AXIS2_PLACEMENT_3D('',#10625,#7435,#7436);
#6394=AXIS2_PLACEMENT_3D('',#10631,#7440,#7441);
#6395=AXIS2_PLACEMENT_3D('',#10633,#7443,#7444);
#6396=AXIS2_PLACEMENT_3D('',#10642,#7449,#7450);
#6397=AXIS2_PLACEMENT_3D('',#10648,#7454,#7455);
#6398=AXIS2_PLACEMENT_3D('',#10654,#7459,#7460);
#6399=AXIS2_PLACEMENT_3D('',#10660,#7464,#7465);
#6400=AXIS2_PLACEMENT_3D('',#10666,#7469,#7470);
#6401=AXIS2_PLACEMENT_3D('',#10672,#7474,#7475);
#6402=AXIS2_PLACEMENT_3D('',#10678,#7479,#7480);
#6403=AXIS2_PLACEMENT_3D('',#10680,#7482,#7483);
#6404=AXIS2_PLACEMENT_3D('',#10689,#7488,#7489);
#6405=AXIS2_PLACEMENT_3D('',#10695,#7493,#7494);
#6406=AXIS2_PLACEMENT_3D('',#10701,#7498,#7499);
#6407=AXIS2_PLACEMENT_3D('',#10707,#7503,#7504);
#6408=AXIS2_PLACEMENT_3D('',#10713,#7508,#7509);
#6409=AXIS2_PLACEMENT_3D('',#10719,#7513,#7514);
#6410=AXIS2_PLACEMENT_3D('',#10725,#7518,#7519);
#6411=AXIS2_PLACEMENT_3D('',#10727,#7521,#7522);
#6412=AXIS2_PLACEMENT_3D('',#10736,#7527,#7528);
#6413=AXIS2_PLACEMENT_3D('',#10742,#7532,#7533);
#6414=AXIS2_PLACEMENT_3D('',#10748,#7537,#7538);
#6415=AXIS2_PLACEMENT_3D('',#10754,#7542,#7543);
#6416=AXIS2_PLACEMENT_3D('',#10760,#7547,#7548);
#6417=AXIS2_PLACEMENT_3D('',#10766,#7552,#7553);
#6418=AXIS2_PLACEMENT_3D('',#10772,#7557,#7558);
#6419=AXIS2_PLACEMENT_3D('',#10774,#7560,#7561);
#6420=AXIS2_PLACEMENT_3D('',#10782,#7567,#7568);
#6421=AXIS2_PLACEMENT_3D('',#10792,#7574,#7575);
#6422=AXIS2_PLACEMENT_3D('',#10796,#7578,#7579);
#6423=AXIS2_PLACEMENT_3D('',#10800,#7582,#7583);
#6424=AXIS2_PLACEMENT_3D('',#10806,#7587,#7588);
#6425=AXIS2_PLACEMENT_3D('',#10812,#7592,#7593);
#6426=AXIS2_PLACEMENT_3D('',#10815,#7596,#7597);
#6427=AXIS2_PLACEMENT_3D('',#10816,#7598,#7599);
#6428=AXIS2_PLACEMENT_3D('',#10825,#7604,#7605);
#6429=AXIS2_PLACEMENT_3D('',#10831,#7609,#7610);
#6430=AXIS2_PLACEMENT_3D('',#10837,#7614,#7615);
#6431=AXIS2_PLACEMENT_3D('',#10841,#7619,#7620);
#6432=AXIS2_PLACEMENT_3D('',#10842,#7621,#7622);
#6433=AXIS2_PLACEMENT_3D('',#10848,#7627,#7628);
#6434=AXIS2_PLACEMENT_3D('',#10850,#7630,#7631);
#6435=DIRECTION('axis',(0.,0.,1.));
#6436=DIRECTION('refdir',(1.,0.,0.));
#6437=DIRECTION('center_axis',(-0.999997858515648,0.0020695323427021,0.));
#6438=DIRECTION('ref_axis',(0.0020695323427021,0.999997858515648,0.));
#6439=DIRECTION('',(0.0020695323427021,0.999997858515648,0.));
#6440=DIRECTION('',(0.,0.,-1.));
#6441=DIRECTION('',(0.0020695323427021,0.999997858515648,0.));
#6442=DIRECTION('',(0.,0.,-1.));
#6443=DIRECTION('center_axis',(0.952023776060021,0.306024067381015,0.));
#6444=DIRECTION('ref_axis',(0.306024067381015,-0.952023776060021,0.));
#6445=DIRECTION('',(0.306024067381015,-0.952023776060021,0.));
#6446=DIRECTION('',(0.,0.,-1.));
#6447=DIRECTION('',(0.306024067381015,-0.952023776060021,0.));
#6448=DIRECTION('center_axis',(0.00206953234271455,0.999997858515648,0.));
#6449=DIRECTION('ref_axis',(0.999997858515648,-0.00206953234271455,0.));
#6450=DIRECTION('',(0.999997858515648,-0.00206953234271455,0.));
#6451=DIRECTION('',(0.,0.,-1.));
#6452=DIRECTION('',(0.999997858515648,-0.00206953234271455,0.));
#6453=DIRECTION('center_axis',(-0.999997858515648,0.00206953234270029,0.));
#6454=DIRECTION('ref_axis',(0.00206953234270029,0.999997858515648,0.));
#6455=DIRECTION('',(0.00206953234270029,0.999997858515648,0.));
#6456=DIRECTION('',(0.,0.,-1.));
#6457=DIRECTION('',(0.00206953234270029,0.999997858515648,0.));
#6458=DIRECTION('center_axis',(-0.00206953234271455,-0.999997858515648,
0.));
#6459=DIRECTION('ref_axis',(-0.999997858515648,0.00206953234271455,0.));
#6460=DIRECTION('',(-0.999997858515648,0.00206953234271455,0.));
#6461=DIRECTION('',(0.,0.,-1.));
#6462=DIRECTION('',(-0.999997858515648,0.00206953234271455,0.));
#6463=DIRECTION('center_axis',(0.999997858515648,-0.00206953234269809,0.));
#6464=DIRECTION('ref_axis',(-0.00206953234269809,-0.999997858515648,0.));
#6465=DIRECTION('',(-0.00206953234269809,-0.999997858515648,0.));
#6466=DIRECTION('',(0.,0.,-1.));
#6467=DIRECTION('',(-0.00206953234269809,-0.999997858515648,0.));
#6468=DIRECTION('center_axis',(-0.959057275017434,-0.283212187654654,0.));
#6469=DIRECTION('ref_axis',(-0.283212187654654,0.959057275017434,0.));
#6470=DIRECTION('',(-0.283212187654654,0.959057275017434,0.));
#6471=DIRECTION('',(0.,0.,-1.));
#6472=DIRECTION('',(-0.283212187654654,0.959057275017434,0.));
#6473=DIRECTION('center_axis',(-0.0020695323427084,-0.999997858515648,0.));
#6474=DIRECTION('ref_axis',(-0.999997858515648,0.0020695323427084,0.));
#6475=DIRECTION('',(-0.999997858515648,0.0020695323427084,0.));
#6476=DIRECTION('',(0.,0.,-1.));
#6477=DIRECTION('',(-0.999997858515648,0.0020695323427084,0.));
#6478=DIRECTION('center_axis',(0.999997858515648,-0.00206953234270029,0.));
#6479=DIRECTION('ref_axis',(-0.00206953234270029,-0.999997858515648,0.));
#6480=DIRECTION('',(-0.00206953234270029,-0.999997858515648,0.));
#6481=DIRECTION('',(0.,0.,-1.));
#6482=DIRECTION('',(-0.00206953234270029,-0.999997858515648,0.));
#6483=DIRECTION('center_axis',(0.00206953234271455,0.999997858515648,0.));
#6484=DIRECTION('ref_axis',(0.999997858515648,-0.00206953234271455,0.));
#6485=DIRECTION('',(0.999997858515648,-0.00206953234271455,0.));
#6486=DIRECTION('',(0.999997858515648,-0.00206953234271455,0.));
#6487=DIRECTION('center_axis',(0.,0.,-1.));
#6488=DIRECTION('ref_axis',(-1.,0.,0.));
#6489=DIRECTION('center_axis',(-0.957481546927281,0.288494518654585,0.));
#6490=DIRECTION('ref_axis',(0.288494518654585,0.957481546927281,0.));
#6491=DIRECTION('',(0.288494518654585,0.957481546927281,0.));
#6492=DIRECTION('',(0.,0.,-1.));
#6493=DIRECTION('',(0.288494518654585,0.957481546927281,0.));
#6494=DIRECTION('',(0.,0.,-1.));
#6495=DIRECTION('center_axis',(0.999995652390185,-0.00294876257597219,0.));
#6496=DIRECTION('ref_axis',(-0.00294876257597219,-0.999995652390185,0.));
#6497=DIRECTION('',(-0.00294876257597219,-0.999995652390185,0.));
#6498=DIRECTION('',(0.,0.,-1.));
#6499=DIRECTION('',(-0.00294876257597219,-0.999995652390184,0.));
#6500=DIRECTION('center_axis',(0.00294876257597477,0.999995652390185,0.));
#6501=DIRECTION('ref_axis',(0.999995652390184,-0.00294876257597477,0.));
#6502=DIRECTION('',(0.999995652390184,-0.00294876257597477,0.));
#6503=DIRECTION('',(0.,0.,-1.));
#6504=DIRECTION('',(0.999995652390184,-0.00294876257597477,0.));
#6505=DIRECTION('center_axis',(-0.999995652390185,0.00294876257597194,0.));
#6506=DIRECTION('ref_axis',(0.00294876257597194,0.999995652390185,0.));
#6507=DIRECTION('',(0.00294876257597194,0.999995652390185,0.));
#6508=DIRECTION('',(0.,0.,-1.));
#6509=DIRECTION('',(0.00294876257597194,0.999995652390184,0.));
#6510=DIRECTION('center_axis',(-0.00294876257597477,-0.999995652390185,
0.));
#6511=DIRECTION('ref_axis',(-0.999995652390184,0.00294876257597477,0.));
#6512=DIRECTION('',(-0.999995652390184,0.00294876257597477,0.));
#6513=DIRECTION('',(0.,0.,-1.));
#6514=DIRECTION('',(-0.999995652390184,0.00294876257597477,0.));
#6515=DIRECTION('center_axis',(0.999995652390185,-0.0029487625759689,0.));
#6516=DIRECTION('ref_axis',(-0.0029487625759689,-0.999995652390185,0.));
#6517=DIRECTION('',(-0.0029487625759689,-0.999995652390185,0.));
#6518=DIRECTION('',(0.,0.,-1.));
#6519=DIRECTION('',(-0.0029487625759689,-0.999995652390184,0.));
#6520=DIRECTION('center_axis',(-0.971821534878324,-0.235717849020261,0.));
#6521=DIRECTION('ref_axis',(-0.23571784902026,0.971821534878324,0.));
#6522=DIRECTION('',(-0.23571784902026,0.971821534878324,0.));
#6523=DIRECTION('',(0.,0.,-1.));
#6524=DIRECTION('',(-0.23571784902026,0.971821534878324,0.));
#6525=DIRECTION('center_axis',(-0.00294876257598586,-0.999995652390184,
0.));
#6526=DIRECTION('ref_axis',(-0.999995652390184,0.00294876257598586,0.));
#6527=DIRECTION('',(-0.999995652390184,0.00294876257598586,0.));
#6528=DIRECTION('',(0.,0.,-1.));
#6529=DIRECTION('',(-0.999995652390184,0.00294876257598586,0.));
#6530=DIRECTION('center_axis',(0.959226436413532,0.282638715828878,0.));
#6531=DIRECTION('ref_axis',(0.282638715828878,-0.959226436413532,0.));
#6532=DIRECTION('',(0.282638715828878,-0.959226436413532,0.));
#6533=DIRECTION('',(0.,0.,-1.));
#6534=DIRECTION('',(0.282638715828878,-0.959226436413532,0.));
#6535=DIRECTION('center_axis',(0.948595011024074,-0.316492503955839,0.));
#6536=DIRECTION('ref_axis',(-0.316492503955839,-0.948595011024074,0.));
#6537=DIRECTION('',(-0.316492503955839,-0.948595011024074,0.));
#6538=DIRECTION('',(0.,0.,-1.));
#6539=DIRECTION('',(-0.316492503955839,-0.948595011024074,0.));
#6540=DIRECTION('center_axis',(0.00294876257598386,0.999995652390185,0.));
#6541=DIRECTION('ref_axis',(0.999995652390184,-0.00294876257598386,0.));
#6542=DIRECTION('',(0.999995652390184,-0.00294876257598386,0.));
#6543=DIRECTION('',(0.999995652390184,-0.00294876257598386,0.));
#6544=DIRECTION('center_axis',(0.,0.,-1.));
#6545=DIRECTION('ref_axis',(-1.,0.,0.));
#6546=DIRECTION('center_axis',(-0.00294876257596445,-0.999995652390185,
0.));
#6547=DIRECTION('ref_axis',(-0.999995652390185,0.00294876257596445,0.));
#6548=DIRECTION('',(-0.999995652390185,0.00294876257596445,0.));
#6549=DIRECTION('',(0.,0.,-1.));
#6550=DIRECTION('',(-0.999995652390184,0.00294876257596445,0.));
#6551=DIRECTION('',(0.,0.,-1.));
#6552=DIRECTION('center_axis',(0.999995652390185,-0.00294876257596259,0.));
#6553=DIRECTION('ref_axis',(-0.00294876257596259,-0.999995652390185,0.));
#6554=DIRECTION('',(-0.00294876257596259,-0.999995652390185,0.));
#6555=DIRECTION('',(0.,0.,-1.));
#6556=DIRECTION('',(-0.00294876257596259,-0.999995652390184,0.));
#6557=DIRECTION('center_axis',(0.00294876257594972,0.999995652390185,0.));
#6558=DIRECTION('ref_axis',(0.999995652390185,-0.00294876257594972,0.));
#6559=DIRECTION('',(0.999995652390185,-0.00294876257594972,0.));
#6560=DIRECTION('',(0.,0.,-1.));
#6561=DIRECTION('',(0.999995652390184,-0.00294876257594972,0.));
#6562=DIRECTION('center_axis',(0.999995652390184,-0.00294876257598159,0.));
#6563=DIRECTION('ref_axis',(-0.00294876257598159,-0.999995652390184,0.));
#6564=DIRECTION('',(-0.00294876257598159,-0.999995652390184,0.));
#6565=DIRECTION('',(0.,0.,-1.));
#6566=DIRECTION('',(-0.00294876257598159,-0.999995652390184,0.));
#6567=DIRECTION('center_axis',(-0.00294876257595879,-0.999995652390185,
0.));
#6568=DIRECTION('ref_axis',(-0.999995652390185,0.00294876257595879,0.));
#6569=DIRECTION('',(-0.999995652390185,0.00294876257595879,0.));
#6570=DIRECTION('',(0.,0.,-1.));
#6571=DIRECTION('',(-0.999995652390185,0.00294876257595879,0.));
#6572=DIRECTION('center_axis',(0.999995652390185,-0.00294876257597516,0.));
#6573=DIRECTION('ref_axis',(-0.00294876257597516,-0.999995652390184,0.));
#6574=DIRECTION('',(-0.00294876257597516,-0.999995652390184,0.));
#6575=DIRECTION('',(0.,0.,-1.));
#6576=DIRECTION('',(-0.00294876257597516,-0.999995652390184,0.));
#6577=DIRECTION('center_axis',(0.00294876257595879,0.999995652390185,0.));
#6578=DIRECTION('ref_axis',(0.999995652390185,-0.00294876257595879,0.));
#6579=DIRECTION('',(0.999995652390185,-0.00294876257595879,0.));
#6580=DIRECTION('',(0.,0.,-1.));
#6581=DIRECTION('',(0.999995652390185,-0.00294876257595879,0.));
#6582=DIRECTION('center_axis',(0.999995652390185,-0.00294876257597742,0.));
#6583=DIRECTION('ref_axis',(-0.00294876257597742,-0.999995652390184,0.));
#6584=DIRECTION('',(-0.00294876257597742,-0.999995652390184,0.));
#6585=DIRECTION('',(0.,0.,-1.));
#6586=DIRECTION('',(-0.00294876257597742,-0.999995652390184,0.));
#6587=DIRECTION('center_axis',(-0.00294876257596547,-0.999995652390185,
0.));
#6588=DIRECTION('ref_axis',(-0.999995652390185,0.00294876257596547,0.));
#6589=DIRECTION('',(-0.999995652390185,0.00294876257596547,0.));
#6590=DIRECTION('',(0.,0.,-1.));
#6591=DIRECTION('',(-0.999995652390184,0.00294876257596547,0.));
#6592=DIRECTION('center_axis',(0.999995652390185,-0.00294876257596259,0.));
#6593=DIRECTION('ref_axis',(-0.00294876257596259,-0.999995652390185,0.));
#6594=DIRECTION('',(-0.00294876257596259,-0.999995652390185,0.));
#6595=DIRECTION('',(0.,0.,-1.));
#6596=DIRECTION('',(-0.00294876257596259,-0.999995652390184,0.));
#6597=DIRECTION('center_axis',(0.00294876257597132,0.999995652390185,0.));
#6598=DIRECTION('ref_axis',(0.999995652390185,-0.00294876257597132,0.));
#6599=DIRECTION('',(0.999995652390185,-0.00294876257597132,0.));
#6600=DIRECTION('',(0.,0.,-1.));
#6601=DIRECTION('',(0.999995652390185,-0.00294876257597132,0.));
#6602=DIRECTION('center_axis',(-0.999995652390185,0.00294876257597194,0.));
#6603=DIRECTION('ref_axis',(0.00294876257597194,0.999995652390185,0.));
#6604=DIRECTION('',(0.00294876257597194,0.999995652390185,0.));
#6605=DIRECTION('',(0.00294876257597194,0.999995652390184,0.));
#6606=DIRECTION('center_axis',(0.,0.,-1.));
#6607=DIRECTION('ref_axis',(-1.,0.,0.));
#6608=DIRECTION('',(0.,0.,-1.));
#6609=DIRECTION('',(0.,0.,-1.));
#6610=DIRECTION('',(0.,0.,-1.));
#6611=DIRECTION('center_axis',(0.002948762575956,0.999995652390185,0.));
#6612=DIRECTION('ref_axis',(0.999995652390185,-0.002948762575956,0.));
#6613=DIRECTION('',(0.999995652390185,-0.002948762575956,0.));
#6614=DIRECTION('',(0.999995652390185,-0.002948762575956,0.));
#6615=DIRECTION('center_axis',(-0.990925202479398,0.134414445247394,0.));
#6616=DIRECTION('ref_axis',(0.134414445247394,0.990925202479398,0.));
#6617=DIRECTION('',(0.134414445247394,0.990925202479398,0.));
#6618=DIRECTION('',(0.,0.,-1.));
#6619=DIRECTION('',(0.134414445247394,0.990925202479398,0.));
#6620=DIRECTION('',(0.,0.,-1.));
#6621=DIRECTION('center_axis',(-0.00294876257596416,-0.999995652390185,
0.));
#6622=DIRECTION('ref_axis',(-0.999995652390185,0.00294876257596416,0.));
#6623=DIRECTION('',(-0.999995652390185,0.00294876257596416,0.));
#6624=DIRECTION('',(0.,0.,-1.));
#6625=DIRECTION('',(-0.999995652390184,0.00294876257596415,0.));
#6626=DIRECTION('center_axis',(0.995978345549985,-0.0895942810424619,0.));
#6627=DIRECTION('ref_axis',(-0.0895942810424619,-0.995978345549985,0.));
#6628=DIRECTION('',(-0.0895942810424619,-0.995978345549985,0.));
#6629=DIRECTION('',(0.,0.,-1.));
#6630=DIRECTION('',(-0.0895942810424619,-0.995978345549985,0.));
#6631=DIRECTION('center_axis',(-0.00294876257600682,-0.999995652390184,
0.));
#6632=DIRECTION('ref_axis',(-0.999995652390184,0.00294876257600682,0.));
#6633=DIRECTION('',(-0.999995652390184,0.00294876257600682,0.));
#6634=DIRECTION('',(0.,0.,-1.));
#6635=DIRECTION('',(-0.999995652390184,0.00294876257600682,0.));
#6636=DIRECTION('center_axis',(-0.997227287480414,-0.0744159734496253,0.));
#6637=DIRECTION('ref_axis',(-0.0744159734496253,0.997227287480414,0.));
#6638=DIRECTION('',(-0.0744159734496253,0.997227287480414,0.));
#6639=DIRECTION('',(0.,0.,-1.));
#6640=DIRECTION('',(-0.0744159734496253,0.997227287480414,0.));
#6641=DIRECTION('center_axis',(-0.00294876257595599,-0.999995652390185,
0.));
#6642=DIRECTION('ref_axis',(-0.999995652390185,0.00294876257595599,0.));
#6643=DIRECTION('',(-0.999995652390185,0.00294876257595599,0.));
#6644=DIRECTION('',(0.,0.,-1.));
#6645=DIRECTION('',(-0.999995652390185,0.00294876257595599,0.));
#6646=DIRECTION('center_axis',(0.989553177525568,0.144168335112295,0.));
#6647=DIRECTION('ref_axis',(0.144168335112295,-0.989553177525568,0.));
#6648=DIRECTION('',(0.144168335112295,-0.989553177525568,0.));
#6649=DIRECTION('',(0.,0.,-1.));
#6650=DIRECTION('',(0.144168335112295,-0.989553177525568,0.));
#6651=DIRECTION('center_axis',(0.00294876257597783,0.999995652390185,0.));
#6652=DIRECTION('ref_axis',(0.999995652390184,-0.00294876257597783,0.));
#6653=DIRECTION('',(0.999995652390184,-0.00294876257597783,0.));
#6654=DIRECTION('',(0.999995652390184,-0.00294876257597783,0.));
#6655=DIRECTION('center_axis',(0.,0.,1.));
#6656=DIRECTION('ref_axis',(-1.,0.,0.));
#6657=DIRECTION('',(0.,0.,-1.));
#6658=DIRECTION('',(0.,0.,-1.));
#6659=DIRECTION('center_axis',(-0.999995652390185,0.00294876257597699,0.));
#6660=DIRECTION('ref_axis',(0.00294876257597699,0.999995652390184,0.));
#6661=DIRECTION('',(0.00294876257597699,0.999995652390184,0.));
#6662=DIRECTION('',(0.,0.,-1.));
#6663=DIRECTION('',(0.00294876257597699,0.999995652390184,0.));
#6664=DIRECTION('',(0.,0.,-1.));
#6665=DIRECTION('',(0.,0.,-1.));
#6666=DIRECTION('',(0.,0.,-1.));
#6667=DIRECTION('center_axis',(0.999995652390185,-0.00294876257597281,0.));
#6668=DIRECTION('ref_axis',(-0.00294876257597281,-0.999995652390185,0.));
#6669=DIRECTION('',(-0.00294876257597281,-0.999995652390185,0.));
#6670=DIRECTION('',(0.,0.,-1.));
#6671=DIRECTION('',(-0.00294876257597281,-0.999995652390184,0.));
#6672=DIRECTION('center_axis',(-0.00294876257597522,-0.999995652390185,
0.));
#6673=DIRECTION('ref_axis',(-0.999995652390184,0.00294876257597522,0.));
#6674=DIRECTION('',(-0.999995652390184,0.00294876257597522,0.));
#6675=DIRECTION('',(0.,0.,-1.));
#6676=DIRECTION('',(-0.999995652390184,0.00294876257597522,0.));
#6677=DIRECTION('',(0.,0.,-1.));
#6678=DIRECTION('center_axis',(0.999995652390185,-0.00294876257597509,0.));
#6679=DIRECTION('ref_axis',(-0.00294876257597508,-0.999995652390184,0.));
#6680=DIRECTION('',(-0.00294876257597508,-0.999995652390184,0.));
#6681=DIRECTION('',(0.,0.,-1.));
#6682=DIRECTION('',(-0.00294876257597508,-0.999995652390184,0.));
#6683=DIRECTION('center_axis',(-0.00294876257597192,-0.999995652390185,
0.));
#6684=DIRECTION('ref_axis',(-0.999995652390185,0.00294876257597192,0.));
#6685=DIRECTION('',(-0.999995652390185,0.00294876257597192,0.));
#6686=DIRECTION('',(0.,0.,-1.));
#6687=DIRECTION('',(-0.999995652390184,0.00294876257597192,0.));
#6688=DIRECTION('',(0.,0.,-1.));
#6689=DIRECTION('',(0.,0.,-1.));
#6690=DIRECTION('',(0.,0.,-1.));
#6691=DIRECTION('center_axis',(0.999995652390185,-0.00294876257596304,0.));
#6692=DIRECTION('ref_axis',(-0.00294876257596304,-0.999995652390185,0.));
#6693=DIRECTION('',(-0.00294876257596304,-0.999995652390185,0.));
#6694=DIRECTION('',(0.,0.,-1.));
#6695=DIRECTION('',(-0.00294876257596304,-0.999995652390184,0.));
#6696=DIRECTION('',(0.,0.,-1.));
#6697=DIRECTION('',(0.,0.,-1.));
#6698=DIRECTION('',(0.,0.,-1.));
#6699=DIRECTION('',(0.,0.,-1.));
#6700=DIRECTION('center_axis',(0.00294876257598655,0.999995652390184,0.));
#6701=DIRECTION('ref_axis',(0.999995652390184,-0.00294876257598655,0.));
#6702=DIRECTION('',(0.999995652390184,-0.00294876257598655,0.));
#6703=DIRECTION('',(0.,0.,-1.));
#6704=DIRECTION('',(0.999995652390184,-0.00294876257598655,0.));
#6705=DIRECTION('center_axis',(-0.999995652390185,0.00294876257597417,0.));
#6706=DIRECTION('ref_axis',(0.00294876257597416,0.999995652390184,0.));
#6707=DIRECTION('',(0.00294876257597416,0.999995652390184,0.));
#6708=DIRECTION('',(0.00294876257597416,0.999995652390184,0.));
#6709=DIRECTION('center_axis',(0.,0.,1.));
#6710=DIRECTION('ref_axis',(-1.,0.,0.));
#6711=DIRECTION('center_axis',(-0.999995652390185,0.00294876257597393,0.));
#6712=DIRECTION('ref_axis',(0.00294876257597393,0.999995652390184,0.));
#6713=DIRECTION('',(0.00294876257597393,0.999995652390184,0.));
#6714=DIRECTION('',(0.,0.,-1.));
#6715=DIRECTION('',(0.00294876257597393,0.999995652390184,0.));
#6716=DIRECTION('',(0.,0.,-1.));
#6717=DIRECTION('',(0.,0.,-1.));
#6718=DIRECTION('',(0.,0.,-1.));
#6719=DIRECTION('',(0.,0.,-1.));
#6720=DIRECTION('',(0.,0.,-1.));
#6721=DIRECTION('center_axis',(0.999995652390185,-0.00294876257597356,0.));
#6722=DIRECTION('ref_axis',(-0.00294876257597356,-0.999995652390185,0.));
#6723=DIRECTION('',(-0.00294876257597356,-0.999995652390185,0.));
#6724=DIRECTION('',(0.,0.,-1.));
#6725=DIRECTION('',(-0.00294876257597356,-0.999995652390184,0.));
#6726=DIRECTION('center_axis',(0.00294876257597477,0.999995652390185,0.));
#6727=DIRECTION('ref_axis',(0.999995652390184,-0.00294876257597477,0.));
#6728=DIRECTION('',(0.999995652390184,-0.00294876257597477,0.));
#6729=DIRECTION('',(0.,0.,-1.));
#6730=DIRECTION('',(0.999995652390184,-0.00294876257597477,0.));
#6731=DIRECTION('center_axis',(-0.999995652390185,0.00294876257597276,0.));
#6732=DIRECTION('ref_axis',(0.00294876257597276,0.999995652390185,0.));
#6733=DIRECTION('',(0.00294876257597276,0.999995652390185,0.));
#6734=DIRECTION('',(0.,0.,-1.));
#6735=DIRECTION('',(0.00294876257597276,0.999995652390184,0.));
#6736=DIRECTION('',(0.,0.,-1.));
#6737=DIRECTION('',(0.,0.,-1.));
#6738=DIRECTION('',(0.,0.,-1.));
#6739=DIRECTION('',(0.,0.,-1.));
#6740=DIRECTION('',(0.,0.,-1.));
#6741=DIRECTION('',(0.,0.,-1.));
#6742=DIRECTION('',(0.,0.,-1.));
#6743=DIRECTION('',(0.,0.,-1.));
#6744=DIRECTION('center_axis',(0.999995652390185,-0.00294876257597254,0.));
#6745=DIRECTION('ref_axis',(-0.00294876257597254,-0.999995652390185,0.));
#6746=DIRECTION('',(-0.00294876257597254,-0.999995652390185,0.));
#6747=DIRECTION('',(0.,0.,-1.));
#6748=DIRECTION('',(-0.00294876257597254,-0.999995652390185,0.));
#6749=DIRECTION('center_axis',(0.00294876257597431,0.999995652390185,0.));
#6750=DIRECTION('ref_axis',(0.999995652390184,-0.00294876257597431,0.));
#6751=DIRECTION('',(0.999995652390184,-0.00294876257597431,0.));
#6752=DIRECTION('',(0.999995652390184,-0.00294876257597431,0.));
#6753=DIRECTION('center_axis',(0.,0.,1.));
#6754=DIRECTION('ref_axis',(-1.,0.,0.));
#6755=DIRECTION('center_axis',(-0.991531679184976,0.129865042149999,0.));
#6756=DIRECTION('ref_axis',(0.129865042149999,0.991531679184977,0.));
#6757=DIRECTION('',(0.129865042149999,0.991531679184977,0.));
#6758=DIRECTION('',(0.,0.,-1.));
#6759=DIRECTION('',(0.129865042149999,0.991531679184977,0.));
#6760=DIRECTION('',(0.,0.,-1.));
#6761=DIRECTION('center_axis',(0.99004638550596,0.140741445731467,0.));
#6762=DIRECTION('ref_axis',(0.140741445731467,-0.99004638550596,0.));
#6763=DIRECTION('',(0.140741445731467,-0.99004638550596,0.));
#6764=DIRECTION('',(0.,0.,-1.));
#6765=DIRECTION('',(0.140741445731467,-0.99004638550596,0.));
#6766=DIRECTION('',(0.,0.,-1.));
#6767=DIRECTION('center_axis',(0.00294876257596446,0.999995652390185,0.));
#6768=DIRECTION('ref_axis',(0.999995652390185,-0.00294876257596446,0.));
#6769=DIRECTION('',(0.999995652390185,-0.00294876257596446,0.));
#6770=DIRECTION('',(0.,0.,-1.));
#6771=DIRECTION('',(0.999995652390185,-0.00294876257596446,0.));
#6772=DIRECTION('center_axis',(-0.999995652390185,0.00294876257597417,0.));
#6773=DIRECTION('ref_axis',(0.00294876257597416,0.999995652390184,0.));
#6774=DIRECTION('',(0.00294876257597416,0.999995652390184,0.));
#6775=DIRECTION('',(0.,0.,-1.));
#6776=DIRECTION('',(0.00294876257597416,0.999995652390184,0.));
#6777=DIRECTION('center_axis',(-0.00294876257597808,-0.999995652390185,
0.));
#6778=DIRECTION('ref_axis',(-0.999995652390184,0.00294876257597808,0.));
#6779=DIRECTION('',(-0.999995652390184,0.00294876257597808,0.));
#6780=DIRECTION('',(0.,0.,-1.));
#6781=DIRECTION('',(-0.999995652390184,0.00294876257597808,0.));
#6782=DIRECTION('center_axis',(0.999994162712223,-0.00341680281566164,0.));
#6783=DIRECTION('ref_axis',(-0.00341680281566163,-0.999994162712222,0.));
#6784=DIRECTION('',(-0.00341680281566163,-0.999994162712222,0.));
#6785=DIRECTION('',(0.,0.,-1.));
#6786=DIRECTION('',(-0.00341680281566164,-0.999994162712222,0.));
#6787=DIRECTION('center_axis',(-0.990115590559767,-0.140253760486068,0.));
#6788=DIRECTION('ref_axis',(-0.140253760486068,0.990115590559767,0.));
#6789=DIRECTION('',(-0.140253760486068,0.990115590559767,0.));
#6790=DIRECTION('',(0.,0.,-1.));
#6791=DIRECTION('',(-0.140253760486068,0.990115590559767,0.));
#6792=DIRECTION('center_axis',(-0.00294876257596381,-0.999995652390185,
0.));
#6793=DIRECTION('ref_axis',(-0.999995652390185,0.00294876257596381,0.));
#6794=DIRECTION('',(-0.999995652390185,0.00294876257596381,0.));
#6795=DIRECTION('',(0.,0.,-1.));
#6796=DIRECTION('',(-0.999995652390185,0.00294876257596381,0.));
#6797=DIRECTION('center_axis',(0.990740558954482,-0.13576871820328,0.));
#6798=DIRECTION('ref_axis',(-0.13576871820328,-0.990740558954482,0.));
#6799=DIRECTION('',(-0.13576871820328,-0.990740558954482,0.));
#6800=DIRECTION('',(0.,0.,-1.));
#6801=DIRECTION('',(-0.13576871820328,-0.990740558954481,0.));
#6802=DIRECTION('center_axis',(-0.999996896940552,0.00249120638797433,0.));
#6803=DIRECTION('ref_axis',(0.00249120638797433,0.999996896940552,0.));
#6804=DIRECTION('',(0.00249120638797433,0.999996896940552,0.));
#6805=DIRECTION('',(0.,0.,-1.));
#6806=DIRECTION('',(0.00249120638797433,0.999996896940552,0.));
#6807=DIRECTION('center_axis',(-0.00294876257597808,-0.999995652390185,
0.));
#6808=DIRECTION('ref_axis',(-0.999995652390184,0.00294876257597808,0.));
#6809=DIRECTION('',(-0.999995652390184,0.00294876257597808,0.));
#6810=DIRECTION('',(0.,0.,-1.));
#6811=DIRECTION('',(-0.999995652390184,0.00294876257597808,0.));
#6812=DIRECTION('center_axis',(0.999995652390185,-0.00294876257597417,0.));
#6813=DIRECTION('ref_axis',(-0.00294876257597416,-0.999995652390184,0.));
#6814=DIRECTION('',(-0.00294876257597416,-0.999995652390184,0.));
#6815=DIRECTION('',(0.,0.,-1.));
#6816=DIRECTION('',(-0.00294876257597416,-0.999995652390184,0.));
#6817=DIRECTION('center_axis',(0.00294876257597329,0.999995652390185,0.));
#6818=DIRECTION('ref_axis',(0.999995652390185,-0.00294876257597329,0.));
#6819=DIRECTION('',(0.999995652390185,-0.00294876257597329,0.));
#6820=DIRECTION('',(0.999995652390184,-0.00294876257597329,0.));
#6821=DIRECTION('center_axis',(0.,0.,1.));
#6822=DIRECTION('ref_axis',(-1.,0.,0.));
#6823=DIRECTION('center_axis',(-0.999995652390185,0.00294876257597417,0.));
#6824=DIRECTION('ref_axis',(0.00294876257597416,0.999995652390184,0.));
#6825=DIRECTION('',(0.00294876257597416,0.999995652390184,0.));
#6826=DIRECTION('',(0.,0.,-1.));
#6827=DIRECTION('',(0.00294876257597416,0.999995652390184,0.));
#6828=DIRECTION('',(0.,0.,-1.));
#6829=DIRECTION('center_axis',(-0.00294876257596402,-0.999995652390185,
0.));
#6830=DIRECTION('ref_axis',(-0.999995652390185,0.00294876257596402,0.));
#6831=DIRECTION('',(-0.999995652390185,0.00294876257596402,0.));
#6832=DIRECTION('',(0.,0.,-1.));
#6833=DIRECTION('',(-0.999995652390185,0.00294876257596402,0.));
#6834=DIRECTION('center_axis',(0.999995652390185,-0.00294876257597369,0.));
#6835=DIRECTION('ref_axis',(-0.00294876257597369,-0.999995652390184,0.));
#6836=DIRECTION('',(-0.00294876257597369,-0.999995652390184,0.));
#6837=DIRECTION('',(0.,0.,-1.));
#6838=DIRECTION('',(-0.00294876257597369,-0.999995652390184,0.));
#6839=DIRECTION('center_axis',(0.00294876257594408,0.999995652390185,0.));
#6840=DIRECTION('ref_axis',(0.999995652390185,-0.00294876257594408,0.));
#6841=DIRECTION('',(0.999995652390185,-0.00294876257594408,0.));
#6842=DIRECTION('',(0.,0.,-1.));
#6843=DIRECTION('',(0.999995652390185,-0.00294876257594408,0.));
#6844=DIRECTION('center_axis',(0.999995652390185,-0.00294876257597432,0.));
#6845=DIRECTION('ref_axis',(-0.00294876257597432,-0.999995652390184,0.));
#6846=DIRECTION('',(-0.00294876257597432,-0.999995652390184,0.));
#6847=DIRECTION('',(0.,0.,-1.));
#6848=DIRECTION('',(-0.00294876257597432,-0.999995652390184,0.));
#6849=DIRECTION('center_axis',(0.00294876257597613,0.999995652390185,0.));
#6850=DIRECTION('ref_axis',(0.999995652390184,-0.00294876257597612,0.));
#6851=DIRECTION('',(0.999995652390184,-0.00294876257597612,0.));
#6852=DIRECTION('',(0.999995652390184,-0.00294876257597612,0.));
#6853=DIRECTION('center_axis',(0.,0.,-1.));
#6854=DIRECTION('ref_axis',(-1.,0.,0.));
#6855=DIRECTION('center_axis',(-0.957481750168553,0.288493844118319,0.));
#6856=DIRECTION('ref_axis',(0.288493844118319,0.957481750168553,0.));
#6857=DIRECTION('',(0.288493844118319,0.957481750168553,0.));
#6858=DIRECTION('',(0.,0.,-1.));
#6859=DIRECTION('',(0.288493844118319,0.957481750168553,0.));
#6860=DIRECTION('',(0.,0.,-1.));
#6861=DIRECTION('center_axis',(0.999995652390185,-0.00294876257597219,0.));
#6862=DIRECTION('ref_axis',(-0.00294876257597219,-0.999995652390185,0.));
#6863=DIRECTION('',(-0.00294876257597219,-0.999995652390185,0.));
#6864=DIRECTION('',(0.,0.,-1.));
#6865=DIRECTION('',(-0.00294876257597219,-0.999995652390184,0.));
#6866=DIRECTION('center_axis',(0.00294876257597431,0.999995652390185,0.));
#6867=DIRECTION('ref_axis',(0.999995652390184,-0.00294876257597431,0.));
#6868=DIRECTION('',(0.999995652390184,-0.00294876257597431,0.));
#6869=DIRECTION('',(0.,0.,-1.));
#6870=DIRECTION('',(0.999995652390184,-0.00294876257597431,0.));
#6871=DIRECTION('center_axis',(-0.999995652390185,0.00294876257597417,0.));
#6872=DIRECTION('ref_axis',(0.00294876257597416,0.999995652390184,0.));
#6873=DIRECTION('',(0.00294876257597416,0.999995652390184,0.));
#6874=DIRECTION('',(0.,0.,-1.));
#6875=DIRECTION('',(0.00294876257597416,0.999995652390184,0.));
#6876=DIRECTION('center_axis',(-0.00294876257597431,-0.999995652390185,
0.));
#6877=DIRECTION('ref_axis',(-0.999995652390184,0.00294876257597431,0.));
#6878=DIRECTION('',(-0.999995652390184,0.00294876257597431,0.));
#6879=DIRECTION('',(0.,0.,-1.));
#6880=DIRECTION('',(-0.999995652390184,0.00294876257597431,0.));
#6881=DIRECTION('center_axis',(0.999995652390185,-0.00294876257597408,0.));
#6882=DIRECTION('ref_axis',(-0.00294876257597408,-0.999995652390184,0.));
#6883=DIRECTION('',(-0.00294876257597408,-0.999995652390184,0.));
#6884=DIRECTION('',(0.,0.,-1.));
#6885=DIRECTION('',(-0.00294876257597408,-0.999995652390184,0.));
#6886=DIRECTION('center_axis',(-0.971821534878325,-0.235717849020256,0.));
#6887=DIRECTION('ref_axis',(-0.235717849020256,0.971821534878325,0.));
#6888=DIRECTION('',(-0.235717849020256,0.971821534878325,0.));
#6889=DIRECTION('',(0.,0.,-1.));
#6890=DIRECTION('',(-0.235717849020256,0.971821534878325,0.));
#6891=DIRECTION('center_axis',(-0.00294876257598762,-0.999995652390184,
0.));
#6892=DIRECTION('ref_axis',(-0.999995652390184,0.00294876257598762,0.));
#6893=DIRECTION('',(-0.999995652390184,0.00294876257598762,0.));
#6894=DIRECTION('',(0.,0.,-1.));
#6895=DIRECTION('',(-0.999995652390184,0.00294876257598762,0.));
#6896=DIRECTION('center_axis',(0.959226577471875,0.282638237101057,0.));
#6897=DIRECTION('ref_axis',(0.282638237101057,-0.959226577471875,0.));
#6898=DIRECTION('',(0.282638237101057,-0.959226577471875,0.));
#6899=DIRECTION('',(0.,0.,-1.));
#6900=DIRECTION('',(0.282638237101057,-0.959226577471875,0.));
#6901=DIRECTION('center_axis',(0.94859519936934,-0.316491939444659,0.));
#6902=DIRECTION('ref_axis',(-0.316491939444659,-0.94859519936934,0.));
#6903=DIRECTION('',(-0.316491939444659,-0.94859519936934,0.));
#6904=DIRECTION('',(0.,0.,-1.));
#6905=DIRECTION('',(-0.316491939444659,-0.94859519936934,0.));
#6906=DIRECTION('center_axis',(0.00294876257598384,0.999995652390185,0.));
#6907=DIRECTION('ref_axis',(0.999995652390184,-0.00294876257598384,0.));
#6908=DIRECTION('',(0.999995652390184,-0.00294876257598384,0.));
#6909=DIRECTION('',(0.999995652390184,-0.00294876257598384,0.));
#6910=DIRECTION('center_axis',(0.,0.,-1.));
#6911=DIRECTION('ref_axis',(-1.,0.,0.));
#6912=DIRECTION('center_axis',(-0.999995652390185,0.00294876257597496,0.));
#6913=DIRECTION('ref_axis',(0.00294876257597496,0.999995652390184,0.));
#6914=DIRECTION('',(0.00294876257597496,0.999995652390184,0.));
#6915=DIRECTION('',(0.,0.,-1.));
#6916=DIRECTION('',(0.00294876257597496,0.999995652390184,0.));
#6917=DIRECTION('',(0.,0.,-1.));
#6918=DIRECTION('center_axis',(0.95229237166911,0.305187219360219,0.));
#6919=DIRECTION('ref_axis',(0.305187219360219,-0.95229237166911,0.));
#6920=DIRECTION('',(0.305187219360219,-0.95229237166911,0.));
#6921=DIRECTION('',(0.,0.,-1.));
#6922=DIRECTION('',(0.305187219360219,-0.95229237166911,0.));
#6923=DIRECTION('center_axis',(0.00294876257596911,0.999995652390185,0.));
#6924=DIRECTION('ref_axis',(0.999995652390185,-0.00294876257596911,0.));
#6925=DIRECTION('',(0.999995652390185,-0.00294876257596911,0.));
#6926=DIRECTION('',(0.,0.,-1.));
#6927=DIRECTION('',(0.999995652390184,-0.00294876257596911,0.));
#6928=DIRECTION('center_axis',(-0.999995652390185,0.00294876257597417,0.));
#6929=DIRECTION('ref_axis',(0.00294876257597416,0.999995652390184,0.));
#6930=DIRECTION('',(0.00294876257597416,0.999995652390184,0.));
#6931=DIRECTION('',(0.,0.,-1.));
#6932=DIRECTION('',(0.00294876257597416,0.999995652390184,0.));
#6933=DIRECTION('center_axis',(-0.00294876257596911,-0.999995652390185,
0.));
#6934=DIRECTION('ref_axis',(-0.999995652390185,0.00294876257596911,0.));
#6935=DIRECTION('',(-0.999995652390185,0.00294876257596911,0.));
#6936=DIRECTION('',(0.,0.,-1.));
#6937=DIRECTION('',(-0.999995652390184,0.00294876257596911,0.));
#6938=DIRECTION('center_axis',(0.999995652390185,-0.0029487625759732,0.));
#6939=DIRECTION('ref_axis',(-0.0029487625759732,-0.999995652390185,0.));
#6940=DIRECTION('',(-0.0029487625759732,-0.999995652390185,0.));
#6941=DIRECTION('',(0.,0.,-1.));
#6942=DIRECTION('',(-0.0029487625759732,-0.999995652390184,0.));
#6943=DIRECTION('center_axis',(-0.959305860652584,-0.282369024005123,0.));
#6944=DIRECTION('ref_axis',(-0.282369024005123,0.959305860652584,0.));
#6945=DIRECTION('',(-0.282369024005123,0.959305860652584,0.));
#6946=DIRECTION('',(0.,0.,-1.));
#6947=DIRECTION('',(-0.282369024005123,0.959305860652584,0.));
#6948=DIRECTION('center_axis',(-0.00294876257595654,-0.999995652390185,
0.));
#6949=DIRECTION('ref_axis',(-0.999995652390185,0.00294876257595654,0.));
#6950=DIRECTION('',(-0.999995652390185,0.00294876257595654,0.));
#6951=DIRECTION('',(0.,0.,-1.));
#6952=DIRECTION('',(-0.999995652390185,0.00294876257595654,0.));
#6953=DIRECTION('center_axis',(0.999995652390185,-0.00294876257597417,0.));
#6954=DIRECTION('ref_axis',(-0.00294876257597416,-0.999995652390184,0.));
#6955=DIRECTION('',(-0.00294876257597416,-0.999995652390184,0.));
#6956=DIRECTION('',(0.,0.,-1.));
#6957=DIRECTION('',(-0.00294876257597416,-0.999995652390184,0.));
#6958=DIRECTION('center_axis',(0.00294876257596915,0.999995652390185,0.));
#6959=DIRECTION('ref_axis',(0.999995652390185,-0.00294876257596915,0.));
#6960=DIRECTION('',(0.999995652390185,-0.00294876257596915,0.));
#6961=DIRECTION('',(0.999995652390185,-0.00294876257596915,0.));
#6962=DIRECTION('center_axis',(0.,0.,-1.));
#6963=DIRECTION('ref_axis',(-1.,0.,0.));
#6964=DIRECTION('',(0.,0.,-1.));
#6965=DIRECTION('',(0.,0.,-1.));
#6966=DIRECTION('',(0.,0.,-1.));
#6967=DIRECTION('',(0.,0.,-1.));
#6968=DIRECTION('',(0.,0.,-1.));
#6969=DIRECTION('',(0.,0.,-1.));
#6970=DIRECTION('',(0.,0.,-1.));
#6971=DIRECTION('',(0.,0.,-1.));
#6972=DIRECTION('',(0.,0.,-1.));
#6973=DIRECTION('',(0.,0.,-1.));
#6974=DIRECTION('',(0.,0.,-1.));
#6975=DIRECTION('',(0.,0.,-1.));
#6976=DIRECTION('',(0.,0.,-1.));
#6977=DIRECTION('',(0.,0.,-1.));
#6978=DIRECTION('',(0.,0.,-1.));
#6979=DIRECTION('',(0.,0.,-1.));
#6980=DIRECTION('center_axis',(0.999995652390185,-0.0029487625759682,0.));
#6981=DIRECTION('ref_axis',(-0.0029487625759682,-0.999995652390185,0.));
#6982=DIRECTION('',(-0.0029487625759682,-0.999995652390185,0.));
#6983=DIRECTION('',(0.,0.,-1.));
#6984=DIRECTION('',(-0.0029487625759682,-0.999995652390185,0.));
#6985=DIRECTION('center_axis',(0.002948762575954,0.999995652390185,0.));
#6986=DIRECTION('ref_axis',(0.999995652390185,-0.002948762575954,0.));
#6987=DIRECTION('',(0.999995652390185,-0.002948762575954,0.));
#6988=DIRECTION('',(0.,0.,-1.));
#6989=DIRECTION('',(0.999995652390185,-0.002948762575954,0.));
#6990=DIRECTION('center_axis',(-0.999995652390184,0.00294876257598927,0.));
#6991=DIRECTION('ref_axis',(0.00294876257598927,0.999995652390184,0.));
#6992=DIRECTION('',(0.00294876257598927,0.999995652390184,0.));
#6993=DIRECTION('',(0.,0.,-1.));
#6994=DIRECTION('',(0.00294876257598927,0.999995652390184,0.));
#6995=DIRECTION('',(0.,0.,-1.));
#6996=DIRECTION('',(0.,0.,-1.));
#6997=DIRECTION('',(0.,0.,-1.));
#6998=DIRECTION('',(0.,0.,-1.));
#6999=DIRECTION('',(0.,0.,-1.));
#7000=DIRECTION('',(0.,0.,-1.));
#7001=DIRECTION('',(0.,0.,-1.));
#7002=DIRECTION('',(0.,0.,-1.));
#7003=DIRECTION('',(0.,0.,-1.));
#7004=DIRECTION('',(0.,0.,-1.));
#7005=DIRECTION('',(0.,0.,-1.));
#7006=DIRECTION('',(0.,0.,-1.));
#7007=DIRECTION('',(0.,0.,-1.));
#7008=DIRECTION('',(0.,0.,-1.));
#7009=DIRECTION('center_axis',(-0.999995652390185,0.00294876257596454,0.));
#7010=DIRECTION('ref_axis',(0.00294876257596454,0.999995652390185,0.));
#7011=DIRECTION('',(0.00294876257596454,0.999995652390185,0.));
#7012=DIRECTION('',(0.,0.,-1.));
#7013=DIRECTION('',(0.00294876257596454,0.999995652390184,0.));
#7014=DIRECTION('center_axis',(-0.00294876257595598,-0.999995652390185,
0.));
#7015=DIRECTION('ref_axis',(-0.999995652390185,0.00294876257595598,0.));
#7016=DIRECTION('',(-0.999995652390185,0.00294876257595598,0.));
#7017=DIRECTION('',(0.,0.,-1.));
#7018=DIRECTION('',(-0.999995652390185,0.00294876257595598,0.));
#7019=DIRECTION('center_axis',(0.999995652390185,-0.00294876257594995,0.));
#7020=DIRECTION('ref_axis',(-0.00294876257594995,-0.999995652390185,0.));
#7021=DIRECTION('',(-0.00294876257594995,-0.999995652390185,0.));
#7022=DIRECTION('',(-0.00294876257594995,-0.999995652390184,0.));
#7023=DIRECTION('center_axis',(0.,0.,1.));
#7024=DIRECTION('ref_axis',(-1.,0.,0.));
#7025=DIRECTION('',(0.,0.,-1.));
#7026=DIRECTION('',(0.,0.,-1.));
#7027=DIRECTION('',(0.,0.,-1.));
#7028=DIRECTION('',(0.,0.,-1.));
#7029=DIRECTION('',(0.,0.,-1.));
#7030=DIRECTION('',(0.,0.,-1.));
#7031=DIRECTION('',(0.,0.,-1.));
#7032=DIRECTION('',(0.,0.,-1.));
#7033=DIRECTION('center_axis',(-0.999995652390185,0.00294876257597437,0.));
#7034=DIRECTION('ref_axis',(0.00294876257597437,0.999995652390184,0.));
#7035=DIRECTION('',(0.00294876257597437,0.999995652390184,0.));
#7036=DIRECTION('',(0.,0.,-1.));
#7037=DIRECTION('',(0.00294876257597437,0.999995652390184,0.));
#7038=DIRECTION('',(0.,0.,-1.));
#7039=DIRECTION('',(0.,0.,-1.));
#7040=DIRECTION('',(0.,0.,-1.));
#7041=DIRECTION('',(0.,0.,-1.));
#7042=DIRECTION('',(0.,0.,-1.));
#7043=DIRECTION('',(0.,0.,-1.));
#7044=DIRECTION('center_axis',(0.999995652390184,-0.00294876257598919,0.));
#7045=DIRECTION('ref_axis',(-0.00294876257598919,-0.999995652390184,0.));
#7046=DIRECTION('',(-0.00294876257598919,-0.999995652390184,0.));
#7047=DIRECTION('',(0.,0.,-1.));
#7048=DIRECTION('',(-0.00294876257598919,-0.999995652390184,0.));
#7049=DIRECTION('center_axis',(0.00294876257597477,0.999995652390185,0.));
#7050=DIRECTION('ref_axis',(0.999995652390184,-0.00294876257597477,0.));
#7051=DIRECTION('',(0.999995652390184,-0.00294876257597477,0.));
#7052=DIRECTION('',(0.,0.,-1.));
#7053=DIRECTION('',(0.999995652390184,-0.00294876257597477,0.));
#7054=DIRECTION('center_axis',(-0.999995652390184,0.00294876257598151,0.));
#7055=DIRECTION('ref_axis',(0.00294876257598151,0.999995652390184,0.));
#7056=DIRECTION('',(0.00294876257598151,0.999995652390184,0.));
#7057=DIRECTION('',(0.,0.,-1.));
#7058=DIRECTION('',(0.00294876257598151,0.999995652390184,0.));
#7059=DIRECTION('',(0.,0.,-1.));
#7060=DIRECTION('',(0.,0.,-1.));
#7061=DIRECTION('',(0.,0.,-1.));
#7062=DIRECTION('',(0.,0.,-1.));
#7063=DIRECTION('center_axis',(0.999995652390185,-0.00294876257597283,0.));
#7064=DIRECTION('ref_axis',(-0.00294876257597283,-0.999995652390185,0.));
#7065=DIRECTION('',(-0.00294876257597283,-0.999995652390185,0.));
#7066=DIRECTION('',(0.,0.,-1.));
#7067=DIRECTION('',(-0.00294876257597283,-0.999995652390184,0.));
#7068=DIRECTION('',(0.,0.,-1.));
#7069=DIRECTION('',(0.,0.,-1.));
#7070=DIRECTION('',(0.,0.,-1.));
#7071=DIRECTION('',(0.,0.,-1.));
#7072=DIRECTION('center_axis',(-0.999995652390185,0.00294876257596911,0.));
#7073=DIRECTION('ref_axis',(0.00294876257596911,0.999995652390185,0.));
#7074=DIRECTION('',(0.00294876257596911,0.999995652390185,0.));
#7075=DIRECTION('',(0.,0.,-1.));
#7076=DIRECTION('',(0.00294876257596911,0.999995652390184,0.));
#7077=DIRECTION('center_axis',(-0.00294876257597477,-0.999995652390185,
0.));
#7078=DIRECTION('ref_axis',(-0.999995652390184,0.00294876257597477,0.));
#7079=DIRECTION('',(-0.999995652390184,0.00294876257597477,0.));
#7080=DIRECTION('',(0.,0.,-1.));
#7081=DIRECTION('',(-0.999995652390184,0.00294876257597477,0.));
#7082=DIRECTION('center_axis',(0.999995652390185,-0.00294876257597095,0.));
#7083=DIRECTION('ref_axis',(-0.00294876257597095,-0.999995652390185,0.));
#7084=DIRECTION('',(-0.00294876257597095,-0.999995652390185,0.));
#7085=DIRECTION('',(-0.00294876257597095,-0.999995652390185,0.));
#7086=DIRECTION('center_axis',(0.,0.,1.));
#7087=DIRECTION('ref_axis',(-1.,0.,0.));
#7088=DIRECTION('',(0.,0.,-1.));
#7089=DIRECTION('',(0.,0.,-1.));
#7090=DIRECTION('',(0.,0.,-1.));
#7091=DIRECTION('center_axis',(0.00294876257598607,0.999995652390185,0.));
#7092=DIRECTION('ref_axis',(0.999995652390184,-0.00294876257598607,0.));
#7093=DIRECTION('',(0.999995652390184,-0.00294876257598607,0.));
#7094=DIRECTION('',(0.,0.,-1.));
#7095=DIRECTION('',(0.999995652390184,-0.00294876257598607,0.));
#7096=DIRECTION('center_axis',(-0.962121048678215,-0.272622610379866,0.));
#7097=DIRECTION('ref_axis',(-0.272622610379866,0.962121048678215,0.));
#7098=DIRECTION('',(-0.272622610379866,0.962121048678215,0.));
#7099=DIRECTION('',(0.,0.,-1.));
#7100=DIRECTION('',(-0.272622610379866,0.962121048678215,0.));
#7101=DIRECTION('center_axis',(-0.999995652390185,0.00294876257597392,0.));
#7102=DIRECTION('ref_axis',(0.00294876257597392,0.999995652390184,0.));
#7103=DIRECTION('',(0.00294876257597392,0.999995652390184,0.));
#7104=DIRECTION('',(0.,0.,-1.));
#7105=DIRECTION('',(0.00294876257597392,0.999995652390184,0.));
#7106=DIRECTION('center_axis',(-0.00294876257597508,-0.999995652390185,
0.));
#7107=DIRECTION('ref_axis',(-0.999995652390184,0.00294876257597508,0.));
#7108=DIRECTION('',(-0.999995652390184,0.00294876257597508,0.));
#7109=DIRECTION('',(0.,0.,-1.));
#7110=DIRECTION('',(-0.999995652390184,0.00294876257597508,0.));
#7111=DIRECTION('center_axis',(0.999995652390185,-0.00294876257597392,0.));
#7112=DIRECTION('ref_axis',(-0.00294876257597392,-0.999995652390184,0.));
#7113=DIRECTION('',(-0.00294876257597392,-0.999995652390184,0.));
#7114=DIRECTION('',(0.,0.,-1.));
#7115=DIRECTION('',(-0.00294876257597392,-0.999995652390184,0.));
#7116=DIRECTION('center_axis',(0.957719546613245,-0.287703441124573,0.));
#7117=DIRECTION('ref_axis',(-0.287703441124573,-0.957719546613245,0.));
#7118=DIRECTION('',(-0.287703441124573,-0.957719546613245,0.));
#7119=DIRECTION('',(0.,0.,-1.));
#7120=DIRECTION('',(-0.287703441124573,-0.957719546613245,0.));
#7121=DIRECTION('center_axis',(0.00294876257598607,0.999995652390185,0.));
#7122=DIRECTION('ref_axis',(0.999995652390184,-0.00294876257598607,0.));
#7123=DIRECTION('',(0.999995652390184,-0.00294876257598607,0.));
#7124=DIRECTION('',(0.999995652390184,-0.00294876257598607,0.));
#7125=DIRECTION('center_axis',(0.,0.,1.));
#7126=DIRECTION('ref_axis',(-1.,0.,0.));
#7127=DIRECTION('center_axis',(-0.999997858515648,0.00206953234270029,0.));
#7128=DIRECTION('ref_axis',(0.00206953234270029,0.999997858515648,0.));
#7129=DIRECTION('',(0.00206953234270029,0.999997858515648,0.));
#7130=DIRECTION('',(0.,0.,-1.));
#7131=DIRECTION('',(0.00206953234270029,0.999997858515648,0.));
#7132=DIRECTION('',(0.,0.,-1.));
#7133=DIRECTION('center_axis',(-0.00206953234270188,-0.999997858515648,
0.));
#7134=DIRECTION('ref_axis',(-0.999997858515648,0.00206953234270188,0.));
#7135=DIRECTION('',(-0.999997858515648,0.00206953234270188,0.));
#7136=DIRECTION('',(0.,0.,-1.));
#7137=DIRECTION('',(-0.999997858515648,0.00206953234270188,0.));
#7138=DIRECTION('center_axis',(0.999997858515648,-0.00206953234270029,0.));
#7139=DIRECTION('ref_axis',(-0.00206953234270029,-0.999997858515648,0.));
#7140=DIRECTION('',(-0.00206953234270029,-0.999997858515648,0.));
#7141=DIRECTION('',(0.,0.,-1.));
#7142=DIRECTION('',(-0.00206953234270029,-0.999997858515648,0.));
#7143=DIRECTION('center_axis',(0.00206953234270188,0.999997858515648,0.));
#7144=DIRECTION('ref_axis',(0.999997858515648,-0.00206953234270188,0.));
#7145=DIRECTION('',(0.999997858515648,-0.00206953234270188,0.));
#7146=DIRECTION('',(0.999997858515648,-0.00206953234270188,0.));
#7147=DIRECTION('center_axis',(0.,0.,-1.));
#7148=DIRECTION('ref_axis',(-1.,0.,0.));
#7149=DIRECTION('',(0.,0.,-1.));
#7150=DIRECTION('',(0.,0.,-1.));
#7151=DIRECTION('center_axis',(0.997316627433683,0.0732089109624308,0.));
#7152=DIRECTION('ref_axis',(0.0732089109624308,-0.997316627433683,0.));
#7153=DIRECTION('',(0.0732089109624308,-0.997316627433683,0.));
#7154=DIRECTION('',(0.,0.,-1.));
#7155=DIRECTION('',(0.0732089109624308,-0.997316627433683,0.));
#7156=DIRECTION('',(0.,0.,-1.));
#7157=DIRECTION('center_axis',(0.00206953234269925,0.999997858515648,0.));
#7158=DIRECTION('ref_axis',(0.999997858515648,-0.00206953234269925,0.));
#7159=DIRECTION('',(0.999997858515648,-0.00206953234269925,0.));
#7160=DIRECTION('',(0.,0.,-1.));
#7161=DIRECTION('',(0.999997858515648,-0.00206953234269925,0.));
#7162=DIRECTION('',(0.,0.,-1.));
#7163=DIRECTION('center_axis',(0.997072582359202,0.0764608756656174,0.));
#7164=DIRECTION('ref_axis',(0.0764608756656174,-0.997072582359202,0.));
#7165=DIRECTION('',(0.0764608756656174,-0.997072582359202,0.));
#7166=DIRECTION('',(0.,0.,-1.));
#7167=DIRECTION('',(0.0764608756656174,-0.997072582359202,0.));
#7168=DIRECTION('center_axis',(0.997074010218001,0.0764422536807657,0.));
#7169=DIRECTION('ref_axis',(0.0764422536807657,-0.997074010218001,0.));
#7170=DIRECTION('',(0.0764422536807657,-0.997074010218001,0.));
#7171=DIRECTION('',(0.,0.,-1.));
#7172=DIRECTION('',(0.0764422536807657,-0.997074010218001,0.));
#7173=DIRECTION('center_axis',(0.00206953234269914,0.999997858515648,0.));
#7174=DIRECTION('ref_axis',(0.999997858515648,-0.00206953234269914,0.));
#7175=DIRECTION('',(0.999997858515648,-0.00206953234269914,0.));
#7176=DIRECTION('',(0.,0.,-1.));
#7177=DIRECTION('',(0.999997858515648,-0.00206953234269914,0.));
#7178=DIRECTION('center_axis',(-0.99353063871711,-0.113564386716837,0.));
#7179=DIRECTION('ref_axis',(-0.113564386716837,0.99353063871711,0.));
#7180=DIRECTION('',(-0.113564386716837,0.99353063871711,0.));
#7181=DIRECTION('',(0.,0.,-1.));
#7182=DIRECTION('',(-0.113564386716837,0.99353063871711,0.));
#7183=DIRECTION('center_axis',(-0.00206953234269173,-0.999997858515648,
0.));
#7184=DIRECTION('ref_axis',(-0.999997858515648,0.00206953234269174,0.));
#7185=DIRECTION('',(-0.999997858515648,0.00206953234269174,0.));
#7186=DIRECTION('',(0.,0.,-1.));
#7187=DIRECTION('',(-0.999997858515648,0.00206953234269174,0.));
#7188=DIRECTION('',(0.,0.,-1.));
#7189=DIRECTION('',(0.,0.,-1.));
#7190=DIRECTION('center_axis',(-0.00206953234269233,-0.999997858515648,
0.));
#7191=DIRECTION('ref_axis',(-0.999997858515648,0.00206953234269233,0.));
#7192=DIRECTION('',(-0.999997858515648,0.00206953234269233,0.));
#7193=DIRECTION('',(0.,0.,-1.));
#7194=DIRECTION('',(-0.999997858515648,0.00206953234269233,0.));
#7195=DIRECTION('center_axis',(0.993123610651756,-0.117070465814482,0.));
#7196=DIRECTION('ref_axis',(-0.117070465814482,-0.993123610651756,0.));
#7197=DIRECTION('',(-0.117070465814482,-0.993123610651756,0.));
#7198=DIRECTION('',(0.,0.,-1.));
#7199=DIRECTION('',(-0.117070465814482,-0.993123610651756,0.));
#7200=DIRECTION('center_axis',(0.00206953234269914,0.999997858515648,0.));
#7201=DIRECTION('ref_axis',(0.999997858515648,-0.00206953234269914,0.));
#7202=DIRECTION('',(0.999997858515648,-0.00206953234269914,0.));
#7203=DIRECTION('',(0.999997858515648,-0.00206953234269914,0.));
#7204=DIRECTION('center_axis',(0.,0.,1.));
#7205=DIRECTION('ref_axis',(-1.,0.,0.));
#7206=DIRECTION('center_axis',(0.,0.,1.));
#7207=DIRECTION('ref_axis',(1.,0.,0.));
#7208=DIRECTION('center_axis',(0.,0.,1.));
#7209=DIRECTION('ref_axis',(1.,0.,0.));
#7210=DIRECTION('center_axis',(-0.999999998247181,5.92084238263845E-5,0.));
#7211=DIRECTION('ref_axis',(5.92084238263845E-5,0.999999998247181,0.));
#7212=DIRECTION('',(-5.92084238263845E-5,-0.999999998247181,0.));
#7213=DIRECTION('',(0.,0.,-1.));
#7214=DIRECTION('',(5.92084238263845E-5,0.999999998247181,0.));
#7215=DIRECTION('',(0.,0.,-1.));
#7216=DIRECTION('center_axis',(0.,-1.,0.));
#7217=DIRECTION('ref_axis',(-1.,0.,0.));
#7218=DIRECTION('',(1.,0.,0.));
#7219=DIRECTION('',(-1.,0.,0.));
#7220=DIRECTION('',(0.,0.,-1.));
#7221=DIRECTION('center_axis',(1.,0.,0.));
#7222=DIRECTION('ref_axis',(0.,-1.,0.));
#7223=DIRECTION('',(0.,1.,0.));
#7224=DIRECTION('',(0.,-1.,0.));
#7225=DIRECTION('',(0.,0.,-1.));
#7226=DIRECTION('center_axis',(0.,1.,0.));
#7227=DIRECTION('ref_axis',(1.,0.,0.));
#7228=DIRECTION('',(-1.,0.,0.));
#7229=DIRECTION('',(1.,0.,0.));
#7230=DIRECTION('center_axis',(0.,0.,-1.));
#7231=DIRECTION('ref_axis',(-1.,0.,0.));
#7232=DIRECTION('',(0.,1.,0.));
#7233=DIRECTION('',(-1.,0.,0.));
#7234=DIRECTION('',(0.,-1.,0.));
#7235=DIRECTION('',(1.,0.,0.));
#7236=DIRECTION('',(0.,1.,0.));
#7237=DIRECTION('',(-1.,0.,0.));
#7238=DIRECTION('',(0.,-1.,0.));
#7239=DIRECTION('',(1.,0.,0.));
#7240=DIRECTION('',(0.,1.,0.));
#7241=DIRECTION('',(-1.,0.,0.));
#7242=DIRECTION('',(0.,-1.,0.));
#7243=DIRECTION('',(1.,0.,0.));
#7244=DIRECTION('',(0.,1.,0.));
#7245=DIRECTION('',(-1.,0.,0.));
#7246=DIRECTION('',(0.,-1.,0.));
#7247=DIRECTION('',(1.,0.,0.));
#7248=DIRECTION('center_axis',(-1.,0.,0.));
#7249=DIRECTION('ref_axis',(0.,-1.,0.));
#7250=DIRECTION('',(0.,0.,1.));
#7251=DIRECTION('',(0.,1.,0.));
#7252=DIRECTION('',(0.,0.,-1.));
#7253=DIRECTION('center_axis',(0.,1.,0.));
#7254=DIRECTION('ref_axis',(-1.,0.,0.));
#7255=DIRECTION('',(0.,0.,1.));
#7256=DIRECTION('',(1.,0.,0.));
#7257=DIRECTION('center_axis',(1.,0.,0.));
#7258=DIRECTION('ref_axis',(0.,1.,0.));
#7259=DIRECTION('',(0.,0.,1.));
#7260=DIRECTION('',(0.,-1.,0.));
#7261=DIRECTION('center_axis',(0.,-1.,0.));
#7262=DIRECTION('ref_axis',(1.,0.,0.));
#7263=DIRECTION('',(-1.,0.,0.));
#7264=DIRECTION('center_axis',(-1.,0.,0.));
#7265=DIRECTION('ref_axis',(0.,-1.,0.));
#7266=DIRECTION('',(0.,0.,1.));
#7267=DIRECTION('',(0.,1.,0.));
#7268=DIRECTION('',(0.,0.,-1.));
#7269=DIRECTION('center_axis',(0.,1.,0.));
#7270=DIRECTION('ref_axis',(-1.,0.,0.));
#7271=DIRECTION('',(0.,0.,1.));
#7272=DIRECTION('',(1.,0.,0.));
#7273=DIRECTION('center_axis',(1.,0.,0.));
#7274=DIRECTION('ref_axis',(0.,1.,0.));
#7275=DIRECTION('',(0.,0.,1.));
#7276=DIRECTION('',(0.,-1.,0.));
#7277=DIRECTION('center_axis',(0.,-1.,0.));
#7278=DIRECTION('ref_axis',(1.,0.,0.));
#7279=DIRECTION('',(-1.,0.,0.));
#7280=DIRECTION('center_axis',(-1.,0.,0.));
#7281=DIRECTION('ref_axis',(0.,-1.,0.));
#7282=DIRECTION('',(0.,0.,1.));
#7283=DIRECTION('',(0.,1.,0.));
#7284=DIRECTION('',(0.,0.,-1.));
#7285=DIRECTION('center_axis',(0.,1.,0.));
#7286=DIRECTION('ref_axis',(-1.,0.,0.));
#7287=DIRECTION('',(0.,0.,1.));
#7288=DIRECTION('',(1.,0.,0.));
#7289=DIRECTION('center_axis',(1.,0.,0.));
#7290=DIRECTION('ref_axis',(0.,1.,0.));
#7291=DIRECTION('',(0.,0.,1.));
#7292=DIRECTION('',(0.,-1.,0.));
#7293=DIRECTION('center_axis',(0.,-1.,0.));
#7294=DIRECTION('ref_axis',(1.,0.,0.));
#7295=DIRECTION('',(-1.,0.,0.));
#7296=DIRECTION('center_axis',(-1.,0.,0.));
#7297=DIRECTION('ref_axis',(0.,-1.,0.));
#7298=DIRECTION('',(0.,0.,1.));
#7299=DIRECTION('',(0.,1.,0.));
#7300=DIRECTION('',(0.,0.,-1.));
#7301=DIRECTION('center_axis',(0.,1.,0.));
#7302=DIRECTION('ref_axis',(-1.,0.,0.));
#7303=DIRECTION('',(0.,0.,1.));
#7304=DIRECTION('',(1.,0.,0.));
#7305=DIRECTION('center_axis',(1.,0.,0.));
#7306=DIRECTION('ref_axis',(0.,1.,0.));
#7307=DIRECTION('',(0.,0.,1.));
#7308=DIRECTION('',(0.,-1.,0.));
#7309=DIRECTION('center_axis',(0.,-1.,0.));
#7310=DIRECTION('ref_axis',(1.,0.,0.));
#7311=DIRECTION('',(-1.,0.,0.));
#7312=DIRECTION('center_axis',(0.,0.,-1.));
#7313=DIRECTION('ref_axis',(-1.,0.,0.));
#7314=DIRECTION('center_axis',(0.,0.,-1.));
#7315=DIRECTION('ref_axis',(-1.,0.,0.));
#7316=DIRECTION('',(0.,0.,-1.));
#7317=DIRECTION('center_axis',(0.,0.,1.));
#7318=DIRECTION('ref_axis',(-1.,0.,0.));
#7319=DIRECTION('center_axis',(0.,0.,-1.));
#7320=DIRECTION('ref_axis',(-1.,0.,0.));
#7321=DIRECTION('center_axis',(0.,0.,-1.));
#7322=DIRECTION('ref_axis',(-1.,0.,0.));
#7323=DIRECTION('',(0.,0.,-1.));
#7324=DIRECTION('center_axis',(0.,0.,1.));
#7325=DIRECTION('ref_axis',(-1.,0.,0.));
#7326=DIRECTION('center_axis',(0.,0.,-1.));
#7327=DIRECTION('ref_axis',(-1.,0.,0.));
#7328=DIRECTION('center_axis',(0.,0.,-1.));
#7329=DIRECTION('ref_axis',(-1.,0.,0.));
#7330=DIRECTION('',(0.,0.,-1.));
#7331=DIRECTION('center_axis',(0.,0.,1.));
#7332=DIRECTION('ref_axis',(-1.,0.,0.));
#7333=DIRECTION('center_axis',(0.,0.,-1.));
#7334=DIRECTION('ref_axis',(-1.,0.,0.));
#7335=DIRECTION('center_axis',(0.,0.,-1.));
#7336=DIRECTION('ref_axis',(-1.,0.,0.));
#7337=DIRECTION('',(0.,0.,-1.));
#7338=DIRECTION('center_axis',(0.,0.,1.));
#7339=DIRECTION('ref_axis',(-1.,0.,0.));
#7340=DIRECTION('center_axis',(0.,0.,1.));
#7341=DIRECTION('ref_axis',(0.707106781186547,0.707106781186547,0.));
#7342=DIRECTION('center_axis',(0.,0.,-1.));
#7343=DIRECTION('ref_axis',(0.707106781186547,0.707106781186547,0.));
#7344=DIRECTION('',(0.,0.,-1.));
#7345=DIRECTION('center_axis',(0.,0.,1.));
#7346=DIRECTION('ref_axis',(0.707106781186547,0.707106781186547,0.));
#7347=DIRECTION('',(0.,0.,1.));
#7348=DIRECTION('center_axis',(1.,0.,0.));
#7349=DIRECTION('ref_axis',(0.,1.,0.));
#7350=DIRECTION('',(0.,1.,0.));
#7351=DIRECTION('',(0.,0.,1.));
#7352=DIRECTION('',(0.,1.,0.));
#7353=DIRECTION('center_axis',(0.,0.,1.));
#7354=DIRECTION('ref_axis',(1.,0.,0.));
#7355=DIRECTION('',(-1.,0.,0.));
#7356=DIRECTION('',(0.,-1.,0.));
#7357=DIRECTION('',(1.,0.,0.));
#7358=DIRECTION('',(0.,-1.,0.));
#7359=DIRECTION('',(-1.,0.,0.));
#7360=DIRECTION('',(0.,1.,0.));
#7361=DIRECTION('',(1.,0.,0.));
#7362=DIRECTION('',(0.,1.,0.));
#7363=DIRECTION('',(-1.,0.,0.));
#7364=DIRECTION('center_axis',(0.,0.,-1.));
#7365=DIRECTION('ref_axis',(-0.707106781186547,0.707106781186547,0.));
#7366=DIRECTION('',(0.,-1.,0.));
#7367=DIRECTION('center_axis',(0.,0.,-1.));
#7368=DIRECTION('ref_axis',(-0.707106781186547,-0.707106781186547,0.));
#7369=DIRECTION('',(1.,0.,0.));
#7370=DIRECTION('center_axis',(0.,0.,-1.));
#7371=DIRECTION('ref_axis',(0.707106781186547,-0.707106781186547,0.));
#7372=DIRECTION('center_axis',(0.,0.,1.));
#7373=DIRECTION('ref_axis',(0.707106781186547,-0.707106781186547,0.));
#7374=DIRECTION('',(0.,0.,-1.));
#7375=DIRECTION('center_axis',(0.,0.,1.));
#7376=DIRECTION('ref_axis',(0.707106781186547,-0.707106781186547,0.));
#7377=DIRECTION('center_axis',(0.,-1.,0.));
#7378=DIRECTION('ref_axis',(1.,0.,0.));
#7379=DIRECTION('',(0.,0.,1.));
#7380=DIRECTION('',(1.,0.,0.));
#7381=DIRECTION('center_axis',(0.,0.,1.));
#7382=DIRECTION('ref_axis',(-0.707106781186547,-0.707106781186547,0.));
#7383=DIRECTION('',(0.,0.,-1.));
#7384=DIRECTION('center_axis',(0.,0.,1.));
#7385=DIRECTION('ref_axis',(-0.707106781186547,-0.707106781186547,0.));
#7386=DIRECTION('center_axis',(-1.,0.,0.));
#7387=DIRECTION('ref_axis',(0.,-1.,0.));
#7388=DIRECTION('',(0.,0.,1.));
#7389=DIRECTION('',(0.,-1.,0.));
#7390=DIRECTION('center_axis',(0.,0.,1.));
#7391=DIRECTION('ref_axis',(-0.707106781186547,0.707106781186547,0.));
#7392=DIRECTION('',(0.,0.,-1.));
#7393=DIRECTION('center_axis',(0.,0.,1.));
#7394=DIRECTION('ref_axis',(-0.707106781186547,0.707106781186547,0.));
#7395=DIRECTION('center_axis',(0.,-1.,0.));
#7396=DIRECTION('ref_axis',(1.,0.,0.));
#7397=DIRECTION('',(0.,0.,1.));
#7398=DIRECTION('',(0.,0.,1.));
#7399=DIRECTION('',(1.,0.,0.));
#7400=DIRECTION('center_axis',(0.,1.,0.));
#7401=DIRECTION('ref_axis',(-1.,0.,0.));
#7402=DIRECTION('',(0.,0.,-1.));
#7403=DIRECTION('',(-1.,0.,0.));
#7404=DIRECTION('center_axis',(0.,1.,0.));
#7405=DIRECTION('ref_axis',(-1.,0.,0.));
#7406=DIRECTION('',(-1.,0.,0.));
#7407=DIRECTION('',(0.,0.,1.));
#7408=DIRECTION('',(-1.,0.,0.));
#7409=DIRECTION('',(0.,0.,1.));
#7410=DIRECTION('center_axis',(-1.,0.,0.));
#7411=DIRECTION('ref_axis',(0.,-1.,0.));
#7412=DIRECTION('',(0.,-1.,0.));
#7413=DIRECTION('',(0.,0.,1.));
#7414=DIRECTION('',(0.,-1.,0.));
#7415=DIRECTION('center_axis',(0.,1.,0.));
#7416=DIRECTION('ref_axis',(-1.,0.,0.));
#7417=DIRECTION('',(-1.,0.,0.));
#7418=DIRECTION('',(0.,0.,1.));
#7419=DIRECTION('',(-1.,0.,0.));
#7420=DIRECTION('center_axis',(1.,0.,0.));
#7421=DIRECTION('ref_axis',(0.,1.,0.));
#7422=DIRECTION('',(0.,1.,0.));
#7423=DIRECTION('',(0.,0.,1.));
#7424=DIRECTION('',(0.,1.,0.));
#7425=DIRECTION('center_axis',(0.,-1.,0.));
#7426=DIRECTION('ref_axis',(1.,0.,0.));
#7427=DIRECTION('',(1.,0.,0.));
#7428=DIRECTION('',(0.,0.,1.));
#7429=DIRECTION('',(1.,0.,0.));
#7430=DIRECTION('center_axis',(-1.,0.,0.));
#7431=DIRECTION('ref_axis',(0.,-1.,0.));
#7432=DIRECTION('',(0.,-1.,0.));
#7433=DIRECTION('',(0.,0.,1.));
#7434=DIRECTION('',(0.,-1.,0.));
#7435=DIRECTION('center_axis',(0.,-1.,0.));
#7436=DIRECTION('ref_axis',(1.,0.,0.));
#7437=DIRECTION('',(1.,0.,0.));
#7438=DIRECTION('',(0.,0.,-1.));
#7439=DIRECTION('',(1.,0.,0.));
#7440=DIRECTION('center_axis',(0.,0.,1.));
#7441=DIRECTION('ref_axis',(1.,0.,0.));
#7442=DIRECTION('',(0.,-1.,0.));
#7443=DIRECTION('center_axis',(0.,-1.,0.));
#7444=DIRECTION('ref_axis',(1.,0.,0.));
#7445=DIRECTION('',(1.,0.,0.));
#7446=DIRECTION('',(0.,0.,1.));
#7447=DIRECTION('',(1.,0.,0.));
#7448=DIRECTION('',(0.,0.,1.));
#7449=DIRECTION('center_axis',(1.,0.,0.));
#7450=DIRECTION('ref_axis',(0.,1.,0.));
#7451=DIRECTION('',(0.,1.,0.));
#7452=DIRECTION('',(0.,0.,1.));
#7453=DIRECTION('',(0.,1.,0.));
#7454=DIRECTION('center_axis',(0.,-1.,0.));
#7455=DIRECTION('ref_axis',(1.,0.,0.));
#7456=DIRECTION('',(1.,0.,0.));
#7457=DIRECTION('',(0.,0.,1.));
#7458=DIRECTION('',(1.,0.,0.));
#7459=DIRECTION('center_axis',(-1.,0.,0.));
#7460=DIRECTION('ref_axis',(0.,-1.,0.));
#7461=DIRECTION('',(0.,-1.,0.));
#7462=DIRECTION('',(0.,0.,1.));
#7463=DIRECTION('',(0.,-1.,0.));
#7464=DIRECTION('center_axis',(0.,1.,0.));
#7465=DIRECTION('ref_axis',(-1.,0.,0.));
#7466=DIRECTION('',(-1.,0.,0.));
#7467=DIRECTION('',(0.,0.,1.));
#7468=DIRECTION('',(-1.,0.,0.));
#7469=DIRECTION('center_axis',(1.,0.,0.));
#7470=DIRECTION('ref_axis',(0.,1.,0.));
#7471=DIRECTION('',(0.,1.,0.));
#7472=DIRECTION('',(0.,0.,1.));
#7473=DIRECTION('',(0.,1.,0.));
#7474=DIRECTION('center_axis',(0.,1.,0.));
#7475=DIRECTION('ref_axis',(-1.,0.,0.));
#7476=DIRECTION('',(-1.,0.,0.));
#7477=DIRECTION('',(0.,0.,-1.));
#7478=DIRECTION('',(-1.,0.,0.));
#7479=DIRECTION('center_axis',(0.,0.,1.));
#7480=DIRECTION('ref_axis',(1.,0.,0.));
#7481=DIRECTION('',(0.,1.,0.));
#7482=DIRECTION('center_axis',(0.,1.,0.));
#7483=DIRECTION('ref_axis',(-1.,0.,0.));
#7484=DIRECTION('',(-1.,0.,0.));
#7485=DIRECTION('',(0.,0.,1.));
#7486=DIRECTION('',(-1.,0.,0.));
#7487=DIRECTION('',(0.,0.,1.));
#7488=DIRECTION('center_axis',(-1.,0.,0.));
#7489=DIRECTION('ref_axis',(0.,-1.,0.));
#7490=DIRECTION('',(0.,-1.,0.));
#7491=DIRECTION('',(0.,0.,1.));
#7492=DIRECTION('',(0.,-1.,0.));
#7493=DIRECTION('center_axis',(0.,1.,0.));
#7494=DIRECTION('ref_axis',(-1.,0.,0.));
#7495=DIRECTION('',(-1.,0.,0.));
#7496=DIRECTION('',(0.,0.,1.));
#7497=DIRECTION('',(-1.,0.,0.));
#7498=DIRECTION('center_axis',(1.,0.,0.));
#7499=DIRECTION('ref_axis',(0.,1.,0.));
#7500=DIRECTION('',(0.,1.,0.));
#7501=DIRECTION('',(0.,0.,1.));
#7502=DIRECTION('',(0.,1.,0.));
#7503=DIRECTION('center_axis',(0.,-1.,0.));
#7504=DIRECTION('ref_axis',(1.,0.,0.));
#7505=DIRECTION('',(1.,0.,0.));
#7506=DIRECTION('',(0.,0.,1.));
#7507=DIRECTION('',(1.,0.,0.));
#7508=DIRECTION('center_axis',(-1.,0.,0.));
#7509=DIRECTION('ref_axis',(0.,-1.,0.));
#7510=DIRECTION('',(0.,-1.,0.));
#7511=DIRECTION('',(0.,0.,1.));
#7512=DIRECTION('',(0.,-1.,0.));
#7513=DIRECTION('center_axis',(0.,-1.,0.));
#7514=DIRECTION('ref_axis',(1.,0.,0.));
#7515=DIRECTION('',(1.,0.,0.));
#7516=DIRECTION('',(0.,0.,-1.));
#7517=DIRECTION('',(1.,0.,0.));
#7518=DIRECTION('center_axis',(0.,0.,1.));
#7519=DIRECTION('ref_axis',(1.,0.,0.));
#7520=DIRECTION('',(0.,-1.,0.));
#7521=DIRECTION('center_axis',(0.,-1.,0.));
#7522=DIRECTION('ref_axis',(1.,0.,0.));
#7523=DIRECTION('',(1.,0.,0.));
#7524=DIRECTION('',(0.,0.,1.));
#7525=DIRECTION('',(1.,0.,0.));
#7526=DIRECTION('',(0.,0.,1.));
#7527=DIRECTION('center_axis',(1.,0.,0.));
#7528=DIRECTION('ref_axis',(0.,1.,0.));
#7529=DIRECTION('',(0.,1.,0.));
#7530=DIRECTION('',(0.,0.,1.));
#7531=DIRECTION('',(0.,1.,0.));
#7532=DIRECTION('center_axis',(0.,-1.,0.));
#7533=DIRECTION('ref_axis',(1.,0.,0.));
#7534=DIRECTION('',(1.,0.,0.));
#7535=DIRECTION('',(0.,0.,1.));
#7536=DIRECTION('',(1.,0.,0.));
#7537=DIRECTION('center_axis',(-1.,0.,0.));
#7538=DIRECTION('ref_axis',(0.,-1.,0.));
#7539=DIRECTION('',(0.,-1.,0.));
#7540=DIRECTION('',(0.,0.,1.));
#7541=DIRECTION('',(0.,-1.,0.));
#7542=DIRECTION('center_axis',(0.,1.,0.));
#7543=DIRECTION('ref_axis',(-1.,0.,0.));
#7544=DIRECTION('',(-1.,0.,0.));
#7545=DIRECTION('',(0.,0.,1.));
#7546=DIRECTION('',(-1.,0.,0.));
#7547=DIRECTION('center_axis',(1.,0.,0.));
#7548=DIRECTION('ref_axis',(0.,1.,0.));
#7549=DIRECTION('',(0.,1.,0.));
#7550=DIRECTION('',(0.,0.,1.));
#7551=DIRECTION('',(0.,1.,0.));
#7552=DIRECTION('center_axis',(0.,1.,0.));
#7553=DIRECTION('ref_axis',(-1.,0.,0.));
#7554=DIRECTION('',(-1.,0.,0.));
#7555=DIRECTION('',(0.,0.,-1.));
#7556=DIRECTION('',(-1.,0.,0.));
#7557=DIRECTION('center_axis',(0.,0.,1.));
#7558=DIRECTION('ref_axis',(1.,0.,0.));
#7559=DIRECTION('',(0.,1.,0.));
#7560=DIRECTION('center_axis',(-1.,0.,0.));
#7561=DIRECTION('ref_axis',(0.,-1.,0.));
#7562=DIRECTION('',(0.,-1.,0.));
#7563=DIRECTION('',(0.,0.,1.));
#7564=DIRECTION('',(0.,0.,1.));
#7565=DIRECTION('',(0.,-1.,0.));
#7566=DIRECTION('',(0.,-1.,0.));
#7567=DIRECTION('center_axis',(1.,0.,0.));
#7568=DIRECTION('ref_axis',(0.,-1.,0.));
#7569=DIRECTION('',(0.,0.,-1.));
#7570=DIRECTION('',(0.,-1.,0.));
#7571=DIRECTION('',(0.,0.,-1.));
#7572=DIRECTION('',(0.,-1.,0.));
#7573=DIRECTION('',(0.,-1.,0.));
#7574=DIRECTION('center_axis',(0.,-1.,0.));
#7575=DIRECTION('ref_axis',(1.,0.,0.));
#7576=DIRECTION('',(0.,0.,-1.));
#7577=DIRECTION('',(1.,0.,0.));
#7578=DIRECTION('center_axis',(0.,1.,0.));
#7579=DIRECTION('ref_axis',(-1.,0.,0.));
#7580=DIRECTION('',(-1.,0.,0.));
#7581=DIRECTION('',(0.,0.,1.));
#7582=DIRECTION('center_axis',(0.,1.,0.));
#7583=DIRECTION('ref_axis',(1.,0.,0.));
#7584=DIRECTION('',(-1.,0.,0.));
#7585=DIRECTION('',(1.,0.,0.));
#7586=DIRECTION('',(0.,0.,-1.));
#7587=DIRECTION('center_axis',(-1.,0.,0.));
#7588=DIRECTION('ref_axis',(0.,1.,0.));
#7589=DIRECTION('',(0.,-1.,0.));
#7590=DIRECTION('',(0.,1.,0.));
#7591=DIRECTION('',(0.,0.,-1.));
#7592=DIRECTION('center_axis',(0.,-1.,0.));
#7593=DIRECTION('ref_axis',(-1.,0.,0.));
#7594=DIRECTION('',(1.,0.,0.));
#7595=DIRECTION('',(-1.,0.,0.));
#7596=DIRECTION('center_axis',(0.,0.,-1.));
#7597=DIRECTION('ref_axis',(-1.,0.,0.));
#7598=DIRECTION('center_axis',(0.,-1.,0.));
#7599=DIRECTION('ref_axis',(-1.,0.,0.));
#7600=DIRECTION('',(1.,0.,0.));
#7601=DIRECTION('',(0.,0.,-1.));
#7602=DIRECTION('',(-1.,0.,0.));
#7603=DIRECTION('',(0.,0.,-1.));
#7604=DIRECTION('center_axis',(1.,0.,0.));
#7605=DIRECTION('ref_axis',(0.,-1.,0.));
#7606=DIRECTION('',(0.,1.,0.));
#7607=DIRECTION('',(0.,-1.,0.));
#7608=DIRECTION('',(0.,0.,-1.));
#7609=DIRECTION('center_axis',(0.,1.,0.));
#7610=DIRECTION('ref_axis',(1.,0.,0.));
#7611=DIRECTION('',(-1.,0.,0.));
#7612=DIRECTION('',(1.,0.,0.));
#7613=DIRECTION('',(0.,0.,-1.));
#7614=DIRECTION('center_axis',(-1.,0.,0.));
#7615=DIRECTION('ref_axis',(0.,1.,0.));
#7616=DIRECTION('',(0.,1.,0.));
#7617=DIRECTION('',(0.,1.,0.));
#7618=DIRECTION('',(0.,1.,0.));
#7619=DIRECTION('center_axis',(0.,0.,-1.));
#7620=DIRECTION('ref_axis',(-1.,0.,0.));
#7621=DIRECTION('center_axis',(1.,0.,0.));
#7622=DIRECTION('ref_axis',(0.,1.,0.));
#7623=DIRECTION('',(0.,1.,0.));
#7624=DIRECTION('',(0.,1.,0.));
#7625=DIRECTION('',(0.,0.,1.));
#7626=DIRECTION('',(0.,1.,0.));
#7627=DIRECTION('center_axis',(0.,1.,0.));
#7628=DIRECTION('ref_axis',(-1.,0.,0.));
#7629=DIRECTION('',(-1.,0.,0.));
#7630=DIRECTION('center_axis',(0.,0.,1.));
#7631=DIRECTION('ref_axis',(1.,0.,0.));
#7632=CARTESIAN_POINT('',(0.,0.,0.));
#7633=CARTESIAN_POINT('Origin',(59.5313983547347,118.450367351379,2.5));
#7634=CARTESIAN_POINT('',(59.5313983547347,118.450367351379,2.5));
#7635=CARTESIAN_POINT('',(59.5332620844992,119.350921420939,2.5));
#7636=CARTESIAN_POINT('',(59.4812539570646,94.2205985035966,2.5));
#7637=CARTESIAN_POINT('',(59.5313983547347,118.450367351379,1.9));
#7638=CARTESIAN_POINT('',(59.5313983547347,118.450367351379,2.5));
#7639=CARTESIAN_POINT('',(59.5332620844992,119.350921420939,1.9));
#7640=CARTESIAN_POINT('',(59.5313983547347,118.450367351379,1.9));
#7641=CARTESIAN_POINT('',(59.5332620844992,119.350921420939,2.5));
#7642=CARTESIAN_POINT('Origin',(59.2417250663435,119.351524767519,2.5));
#7643=CARTESIAN_POINT('',(59.2417250663435,119.351524767519,2.5));
#7644=CARTESIAN_POINT('',(66.2321953504946,97.6045622710467,2.5));
#7645=CARTESIAN_POINT('',(59.2417250663435,119.351524767519,1.9));
#7646=CARTESIAN_POINT('',(59.2417250663435,119.351524767519,2.5));
#7647=CARTESIAN_POINT('',(59.2417250663435,119.351524767519,1.9));
#7648=CARTESIAN_POINT('Origin',(58.8068892522775,119.352424676227,2.5));
#7649=CARTESIAN_POINT('',(58.8068892522775,119.352424676227,2.5));
#7650=CARTESIAN_POINT('',(56.9545208886914,119.356258220676,2.5));
#7651=CARTESIAN_POINT('',(58.8068892522775,119.352424676227,1.9));
#7652=CARTESIAN_POINT('',(58.8068892522775,119.352424676227,2.5));
#7653=CARTESIAN_POINT('',(58.8068892522775,119.352424676227,1.9));
#7654=CARTESIAN_POINT('Origin',(58.802750187222,117.352428780382,2.5));
#7655=CARTESIAN_POINT('',(58.802750187222,117.352428780382,2.5));
#7656=CARTESIAN_POINT('',(58.7537434571974,93.6723808457427,2.5));
#7657=CARTESIAN_POINT('',(58.802750187222,117.352428780382,1.9));
#7658=CARTESIAN_POINT('',(58.802750187222,117.352428780382,2.5));
#7659=CARTESIAN_POINT('',(58.802750187222,117.352428780382,1.9));
#7660=CARTESIAN_POINT('Origin',(59.2375860012881,117.351528871674,2.5));
#7661=CARTESIAN_POINT('',(59.2375860012881,117.351528871674,2.5));
#7662=CARTESIAN_POINT('',(57.1677997306689,117.355812370477,2.5));
#7663=CARTESIAN_POINT('',(59.2375860012881,117.351528871674,1.9));
#7664=CARTESIAN_POINT('',(59.2375860012881,117.351528871674,2.5));
#7665=CARTESIAN_POINT('',(59.2375860012881,117.351528871674,1.9));
#7666=CARTESIAN_POINT('Origin',(59.2394676269048,118.260730215569,2.5));
#7667=CARTESIAN_POINT('',(59.2394676269048,118.260730215569,2.5));
#7668=CARTESIAN_POINT('',(59.1895200840719,94.1260816089819,2.5));
#7669=CARTESIAN_POINT('',(59.2394676269048,118.260730215569,1.9));
#7670=CARTESIAN_POINT('',(59.2394676269048,118.260730215569,2.5));
#7671=CARTESIAN_POINT('',(59.2394676269048,118.260730215569,1.9));
#7672=CARTESIAN_POINT('Origin',(59.5081225599222,117.350968986317,2.5));
#7673=CARTESIAN_POINT('',(59.5081225599222,117.350968986317,2.5));
#7674=CARTESIAN_POINT('',(65.7579834165365,96.186715526676,2.5));
#7675=CARTESIAN_POINT('',(59.5081225599222,117.350968986317,1.9));
#7676=CARTESIAN_POINT('',(59.5081225599222,117.350968986317,2.5));
#7677=CARTESIAN_POINT('',(59.5081225599222,117.350968986317,1.9));
#7678=CARTESIAN_POINT('Origin',(59.9639588335098,117.350025616386,2.5));
#7679=CARTESIAN_POINT('',(59.9639588335098,117.350025616386,2.5));
#7680=CARTESIAN_POINT('',(57.5309861467797,117.355060742833,2.5));
#7681=CARTESIAN_POINT('',(59.9639588335098,117.350025616386,1.9));
#7682=CARTESIAN_POINT('',(59.9639588335098,117.350025616386,2.5));
#7683=CARTESIAN_POINT('',(59.9639588335098,117.350025616386,1.9));
#7684=CARTESIAN_POINT('Origin',(59.9680978985652,119.350021512231,2.5));
#7685=CARTESIAN_POINT('',(59.9680978985652,119.350021512231,2.5));
#7686=CARTESIAN_POINT('',(59.9170216360129,94.6699756296686,2.5));
#7687=CARTESIAN_POINT('',(59.9680978985652,119.350021512231,1.9));
#7688=CARTESIAN_POINT('',(59.9680978985652,119.350021512231,2.5));
#7689=CARTESIAN_POINT('',(59.9680978985652,119.350021512231,1.9));
#7690=CARTESIAN_POINT('Origin',(59.5332620844992,119.350921420939,2.5));
#7691=CARTESIAN_POINT('',(57.3177073048022,119.355506593032,2.5));
#7692=CARTESIAN_POINT('',(59.5332620844992,119.350921420939,1.9));
#7693=CARTESIAN_POINT('Origin',(57.9409246525828,118.354218873889,1.9));
#7694=CARTESIAN_POINT('Origin',(46.5270894784495,118.546785373276,2.5));
#7695=CARTESIAN_POINT('',(46.5270894784495,118.546785373276,2.5));
#7696=CARTESIAN_POINT('',(46.7610039729484,119.323121828769,2.5));
#7697=CARTESIAN_POINT('',(40.1746907474213,97.4638733233379,2.5));
#7698=CARTESIAN_POINT('',(46.5270894784495,118.546785373276,1.9));
#7699=CARTESIAN_POINT('',(46.5270894784495,118.546785373276,2.5));
#7700=CARTESIAN_POINT('',(46.7610039729484,119.323121828769,1.9));
#7701=CARTESIAN_POINT('',(46.5270894784495,118.546785373276,1.9));
#7702=CARTESIAN_POINT('',(46.7610039729484,119.323121828769,2.5));
#7703=CARTESIAN_POINT('Origin',(46.5293807343166,119.323804833676,2.5));
#7704=CARTESIAN_POINT('',(46.5293807343166,119.323804833676,2.5));
#7705=CARTESIAN_POINT('',(46.4566957824523,94.674605725276,2.5));
#7706=CARTESIAN_POINT('',(46.5293807343166,119.323804833676,1.9));
#7707=CARTESIAN_POINT('',(46.5293807343166,119.323804833676,2.5));
#7708=CARTESIAN_POINT('',(46.5293807343166,119.323804833676,1.9));
#7709=CARTESIAN_POINT('Origin',(46.0093087768848,119.325338409069,2.5));
#7710=CARTESIAN_POINT('',(46.0093087768848,119.325338409069,2.5));
#7711=CARTESIAN_POINT('',(50.5773393403068,119.311868312934,2.5));
#7712=CARTESIAN_POINT('',(46.0093087768848,119.325338409069,1.9));
#7713=CARTESIAN_POINT('',(46.0093087768848,119.325338409069,2.5));
#7714=CARTESIAN_POINT('',(46.0093087768848,119.325338409069,1.9));
#7715=CARTESIAN_POINT('Origin',(46.0034112512056,117.325346925475,2.5));
#7716=CARTESIAN_POINT('',(46.0034112512056,117.325346925475,2.5));
#7717=CARTESIAN_POINT('',(45.9336750621809,93.6761435588715,2.5));
#7718=CARTESIAN_POINT('',(46.0034112512056,117.325346925475,1.9));
#7719=CARTESIAN_POINT('',(46.0034112512056,117.325346925475,2.5));
#7720=CARTESIAN_POINT('',(46.0034112512056,117.325346925475,1.9));
#7721=CARTESIAN_POINT('Origin',(46.5234832086374,117.323813350083,2.5));
#7722=CARTESIAN_POINT('',(46.5234832086374,117.323813350083,2.5));
#7723=CARTESIAN_POINT('',(50.8314777933435,117.311110041645,2.5));
#7724=CARTESIAN_POINT('',(46.5234832086374,117.323813350083,1.9));
#7725=CARTESIAN_POINT('',(46.5234832086374,117.323813350083,2.5));
#7726=CARTESIAN_POINT('',(46.5234832086374,117.323813350083,1.9));
#7727=CARTESIAN_POINT('Origin',(46.526011239955,118.181129007606,2.5));
#7728=CARTESIAN_POINT('',(46.526011239955,118.181129007606,2.5));
#7729=CARTESIAN_POINT('',(46.4550110352716,94.1032678122408,2.5));
#7730=CARTESIAN_POINT('',(46.526011239955,118.181129007606,1.9));
#7731=CARTESIAN_POINT('',(46.526011239955,118.181129007606,2.5));
#7732=CARTESIAN_POINT('',(46.526011239955,118.181129007606,1.9));
#7733=CARTESIAN_POINT('Origin',(46.7341060340775,117.323192270677,2.5));
#7734=CARTESIAN_POINT('',(46.7341060340775,117.323192270677,2.5));
#7735=CARTESIAN_POINT('',(52.3840408399237,94.0295454899957,2.5));
#7736=CARTESIAN_POINT('',(46.7341060340775,117.323192270677,1.9));
#7737=CARTESIAN_POINT('',(46.7341060340775,117.323192270677,2.5));
#7738=CARTESIAN_POINT('',(46.7341060340775,117.323192270677,1.9));
#7739=CARTESIAN_POINT('Origin',(47.271472353013,117.321607698097,2.5));
#7740=CARTESIAN_POINT('',(47.271472353013,117.321607698097,2.5));
#7741=CARTESIAN_POINT('',(51.2054723655316,117.310007215652,2.5));
#7742=CARTESIAN_POINT('',(47.271472353013,117.321607698097,1.9));
#7743=CARTESIAN_POINT('',(47.271472353013,117.321607698097,2.5));
#7744=CARTESIAN_POINT('',(47.271472353013,117.321607698097,1.9));
#7745=CARTESIAN_POINT('Origin',(46.9479635741223,118.41953999026,2.5));
#7746=CARTESIAN_POINT('',(46.9479635741223,118.41953999026,2.5));
#7747=CARTESIAN_POINT('',(53.8332009740379,95.0522468166631,2.5));
#7748=CARTESIAN_POINT('',(46.9479635741223,118.41953999026,1.9));
#7749=CARTESIAN_POINT('',(46.9479635741223,118.41953999026,2.5));
#7750=CARTESIAN_POINT('',(46.9479635741223,118.41953999026,1.9));
#7751=CARTESIAN_POINT('Origin',(47.2489576601465,119.321682962942,2.5));
#7752=CARTESIAN_POINT('',(47.2489576601465,119.321682962942,2.5));
#7753=CARTESIAN_POINT('',(40.2334019487968,98.2945778524955,2.5));
#7754=CARTESIAN_POINT('',(47.2489576601465,119.321682962942,1.9));
#7755=CARTESIAN_POINT('',(47.2489576601465,119.321682962942,2.5));
#7756=CARTESIAN_POINT('',(47.2489576601465,119.321682962942,1.9));
#7757=CARTESIAN_POINT('Origin',(46.7610039729484,119.323121828769,2.5));
#7758=CARTESIAN_POINT('',(50.9531869383388,119.310760022785,2.5));
#7759=CARTESIAN_POINT('',(46.7610039729484,119.323121828769,1.9));
#7760=CARTESIAN_POINT('Origin',(47.7648454793409,118.320716442501,1.9));
#7761=CARTESIAN_POINT('Origin',(48.2628208395524,117.318684434071,2.5));
#7762=CARTESIAN_POINT('',(48.2628208395524,117.318684434071,2.5));
#7763=CARTESIAN_POINT('',(47.3610336048502,117.321343602081,2.5));
#7764=CARTESIAN_POINT('',(51.7011466088008,117.308545583639,2.5));
#7765=CARTESIAN_POINT('',(48.2628208395524,117.318684434071,1.9));
#7766=CARTESIAN_POINT('',(48.2628208395524,117.318684434071,2.5));
#7767=CARTESIAN_POINT('',(47.3610336048502,117.321343602081,1.9));
#7768=CARTESIAN_POINT('',(48.2628208395524,117.318684434071,1.9));
#7769=CARTESIAN_POINT('',(47.3610336048502,117.321343602081,2.5));
#7770=CARTESIAN_POINT('Origin',(48.2640010733011,117.718929820771,2.5));
#7771=CARTESIAN_POINT('',(48.2640010733011,117.718929820771,2.5));
#7772=CARTESIAN_POINT('',(48.1936747674023,93.8696037608174,2.5));
#7773=CARTESIAN_POINT('',(48.2640010733011,117.718929820771,1.9));
#7774=CARTESIAN_POINT('',(48.2640010733011,117.718929820771,2.5));
#7775=CARTESIAN_POINT('',(48.2640010733011,117.718929820771,1.9));
#7776=CARTESIAN_POINT('Origin',(47.8822856470198,117.720055413828,2.5));
#7777=CARTESIAN_POINT('',(47.8822856470198,117.720055413828,2.5));
#7778=CARTESIAN_POINT('',(51.5114691294084,117.709353766867,2.5));
#7779=CARTESIAN_POINT('',(47.8822856470198,117.720055413828,1.9));
#7780=CARTESIAN_POINT('',(47.8822856470198,117.720055413828,2.5));
#7781=CARTESIAN_POINT('',(47.8822856470198,117.720055413828,1.9));
#7782=CARTESIAN_POINT('Origin',(47.8835824469616,118.159831174137,2.5));
#7783=CARTESIAN_POINT('',(47.8835824469616,118.159831174137,2.5));
#7784=CARTESIAN_POINT('',(47.8126077410913,94.0906172340293,2.5));
#7785=CARTESIAN_POINT('',(47.8835824469616,118.159831174137,1.9));
#7786=CARTESIAN_POINT('',(47.8835824469616,118.159831174137,2.5));
#7787=CARTESIAN_POINT('',(47.8835824469616,118.159831174137,1.9));
#7788=CARTESIAN_POINT('Origin',(48.2084728401076,118.158873145339,2.5));
#7789=CARTESIAN_POINT('',(48.2084728401076,118.158873145339,2.5));
#7790=CARTESIAN_POINT('',(51.6752111259235,118.148650512777,2.5));
#7791=CARTESIAN_POINT('',(48.2084728401076,118.158873145339,1.9));
#7792=CARTESIAN_POINT('',(48.2084728401076,118.158873145339,2.5));
#7793=CARTESIAN_POINT('',(48.2084728401076,118.158873145339,1.9));
#7794=CARTESIAN_POINT('Origin',(48.20959479054,118.539353270728,2.5));
#7795=CARTESIAN_POINT('',(48.20959479054,118.539353270728,2.5));
#7796=CARTESIAN_POINT('',(48.1380591094537,94.2798992679261,2.5));
#7797=CARTESIAN_POINT('',(48.20959479054,118.539353270728,1.9));
#7798=CARTESIAN_POINT('',(48.20959479054,118.539353270728,2.5));
#7799=CARTESIAN_POINT('',(48.20959479054,118.539353270728,1.9));
#7800=CARTESIAN_POINT('Origin',(47.884704397394,118.540311299526,2.5));
#7801=CARTESIAN_POINT('',(47.884704397394,118.540311299526,2.5));
#7802=CARTESIAN_POINT('',(51.5138878797829,118.529609652565,2.5));
#7803=CARTESIAN_POINT('',(47.884704397394,118.540311299526,1.9));
#7804=CARTESIAN_POINT('',(47.884704397394,118.540311299526,2.5));
#7805=CARTESIAN_POINT('',(47.884704397394,118.540311299526,1.9));
#7806=CARTESIAN_POINT('Origin',(47.8858227052016,118.919556124023,2.5));
#7807=CARTESIAN_POINT('',(47.8858227052016,118.919556124023,2.5));
#7808=CARTESIAN_POINT('',(47.8137278702115,94.4704797089721,2.5));
#7809=CARTESIAN_POINT('',(47.8858227052016,118.919556124023,1.9));
#7810=CARTESIAN_POINT('',(47.8858227052016,118.919556124023,2.5));
#7811=CARTESIAN_POINT('',(47.8858227052016,118.919556124023,1.9));
#7812=CARTESIAN_POINT('Origin',(48.2329491104536,118.91853252622,2.5));
#7813=CARTESIAN_POINT('',(48.2329491104536,118.91853252622,2.5));
#7814=CARTESIAN_POINT('',(51.6885693902166,118.90834267816,2.5));
#7815=CARTESIAN_POINT('',(48.2329491104536,118.91853252622,1.9));
#7816=CARTESIAN_POINT('',(48.2329491104536,118.91853252622,2.5));
#7817=CARTESIAN_POINT('',(48.2329491104536,118.91853252622,1.9));
#7818=CARTESIAN_POINT('Origin',(48.2341293442023,119.318777912919,2.5));
#7819=CARTESIAN_POINT('',(48.2341293442023,119.318777912919,2.5));
#7820=CARTESIAN_POINT('',(48.1614443923382,94.6695788045186,2.5));
#7821=CARTESIAN_POINT('',(48.2341293442023,119.318777912919,1.9));
#7822=CARTESIAN_POINT('',(48.2341293442023,119.318777912919,2.5));
#7823=CARTESIAN_POINT('',(48.2341293442023,119.318777912919,1.9));
#7824=CARTESIAN_POINT('Origin',(47.3669311305294,119.321335085675,2.5));
#7825=CARTESIAN_POINT('',(47.3669311305294,119.321335085675,2.5));
#7826=CARTESIAN_POINT('',(51.2561505171291,119.309866651238,2.5));
#7827=CARTESIAN_POINT('',(47.3669311305294,119.321335085675,1.9));
#7828=CARTESIAN_POINT('',(47.3669311305294,119.321335085675,2.5));
#7829=CARTESIAN_POINT('',(47.3669311305294,119.321335085675,1.9));
#7830=CARTESIAN_POINT('Origin',(47.3610336048502,117.321343602081,2.5));
#7831=CARTESIAN_POINT('',(47.2912974158255,93.6721402354779,2.5));
#7832=CARTESIAN_POINT('',(47.3610336048502,117.321343602081,1.9));
#7833=CARTESIAN_POINT('Origin',(47.7648454793409,118.320716442501,1.9));
#7834=CARTESIAN_POINT('Ctrl Pts',(36.7685818901083,118.875963681574,2.5));
#7835=CARTESIAN_POINT('Ctrl Pts',(36.7685818901083,118.875963681574,1.9));
#7836=CARTESIAN_POINT('Ctrl Pts',(36.7451962436194,118.710444325804,2.5));
#7837=CARTESIAN_POINT('Ctrl Pts',(36.7451962436194,118.710444325804,1.9));
#7838=CARTESIAN_POINT('Ctrl Pts',(36.7057393088223,118.431175312166,2.5));
#7839=CARTESIAN_POINT('Ctrl Pts',(36.7057393088223,118.431175312166,1.9));
#7840=CARTESIAN_POINT('Ctrl Pts',(36.6777244825447,118.150542106212,2.5));
#7841=CARTESIAN_POINT('Ctrl Pts',(36.6777244825447,118.150542106212,1.9));
#7842=CARTESIAN_POINT('Ctrl Pts',(36.6663137038736,118.036236796261,2.5));
#7843=CARTESIAN_POINT('Ctrl Pts',(36.6663137038736,118.036236796261,1.9));
#7844=CARTESIAN_POINT('',(36.7685818901083,118.875963681574,2.5));
#7845=CARTESIAN_POINT('',(36.6663137038736,118.036236796261,2.5));
#7846=CARTESIAN_POINT('Ctrl Pts',(36.7685818901083,118.875963681574,2.5));
#7847=CARTESIAN_POINT('Ctrl Pts',(36.7451962436194,118.710444325804,2.5));
#7848=CARTESIAN_POINT('Ctrl Pts',(36.7057393088223,118.431175312166,2.5));
#7849=CARTESIAN_POINT('Ctrl Pts',(36.6777244825447,118.150542106212,2.5));
#7850=CARTESIAN_POINT('Ctrl Pts',(36.6663137038736,118.036236796261,2.5));
#7851=CARTESIAN_POINT('',(36.7685818901083,118.875963681574,1.9));
#7852=CARTESIAN_POINT('',(36.7685818901083,118.875963681574,2.5));
#7853=CARTESIAN_POINT('',(36.6663137038736,118.036236796261,1.9));
#7854=CARTESIAN_POINT('Ctrl Pts',(36.7685818901083,118.875963681574,1.9));
#7855=CARTESIAN_POINT('Ctrl Pts',(36.7451962436194,118.710444325804,1.9));
#7856=CARTESIAN_POINT('Ctrl Pts',(36.7057393088223,118.431175312166,1.9));
#7857=CARTESIAN_POINT('Ctrl Pts',(36.6777244825447,118.150542106212,1.9));
#7858=CARTESIAN_POINT('Ctrl Pts',(36.6663137038736,118.036236796261,1.9));
#7859=CARTESIAN_POINT('',(36.6663137038736,118.036236796261,2.5));
#7860=CARTESIAN_POINT('Ctrl Pts',(36.845319978996,118.035708946961,2.5));
#7861=CARTESIAN_POINT('Ctrl Pts',(36.845319978996,118.035708946961,1.9));
#7862=CARTESIAN_POINT('Ctrl Pts',(36.8320057213453,118.162334710355,2.5));
#7863=CARTESIAN_POINT('Ctrl Pts',(36.8320057213453,118.162334710355,1.9));
#7864=CARTESIAN_POINT('Ctrl Pts',(36.8025929210163,118.442066287805,2.5));
#7865=CARTESIAN_POINT('Ctrl Pts',(36.8025929210163,118.442066287805,1.9));
#7866=CARTESIAN_POINT('Ctrl Pts',(36.7806124740556,118.722482917219,2.5));
#7867=CARTESIAN_POINT('Ctrl Pts',(36.7806124740556,118.722482917219,1.9));
#7868=CARTESIAN_POINT('Ctrl Pts',(36.7685818901083,118.875963681574,2.5));
#7869=CARTESIAN_POINT('Ctrl Pts',(36.7685818901083,118.875963681574,1.9));
#7870=CARTESIAN_POINT('',(36.845319978996,118.035708946961,2.5));
#7871=CARTESIAN_POINT('Ctrl Pts',(36.845319978996,118.035708946961,2.5));
#7872=CARTESIAN_POINT('Ctrl Pts',(36.8320057213453,118.162334710355,2.5));
#7873=CARTESIAN_POINT('Ctrl Pts',(36.8025929210163,118.442066287805,2.5));
#7874=CARTESIAN_POINT('Ctrl Pts',(36.7806124740556,118.722482917219,2.5));
#7875=CARTESIAN_POINT('Ctrl Pts',(36.7685818901083,118.875963681574,2.5));
#7876=CARTESIAN_POINT('',(36.845319978996,118.035708946961,1.9));
#7877=CARTESIAN_POINT('',(36.845319978996,118.035708946961,2.5));
#7878=CARTESIAN_POINT('Ctrl Pts',(36.845319978996,118.035708946961,1.9));
#7879=CARTESIAN_POINT('Ctrl Pts',(36.8320057213453,118.162334710355,1.9));
#7880=CARTESIAN_POINT('Ctrl Pts',(36.8025929210163,118.442066287805,1.9));
#7881=CARTESIAN_POINT('Ctrl Pts',(36.7806124740556,118.722482917219,1.9));
#7882=CARTESIAN_POINT('Ctrl Pts',(36.7685818901083,118.875963681574,1.9));
#7883=CARTESIAN_POINT('Origin',(36.6663137038736,118.036236796261,2.5));
#7884=CARTESIAN_POINT('',(45.9039005651589,118.008997227405,2.5));
#7885=CARTESIAN_POINT('',(36.6663137038736,118.036236796261,1.9));
#7886=CARTESIAN_POINT('Origin',(36.1018649866754,117.323877097364,2.5));
#7887=CARTESIAN_POINT('',(36.1018649866754,117.323877097364,2.5));
#7888=CARTESIAN_POINT('',(36.373048519863,119.323086312105,2.5));
#7889=CARTESIAN_POINT('',(33.1209396938843,95.3480098912889,2.5));
#7890=CARTESIAN_POINT('',(36.1018649866754,117.323877097364,1.9));
#7891=CARTESIAN_POINT('',(36.1018649866754,117.323877097364,2.5));
#7892=CARTESIAN_POINT('',(36.373048519863,119.323086312105,1.9));
#7893=CARTESIAN_POINT('',(36.1018649866754,117.323877097364,1.9));
#7894=CARTESIAN_POINT('',(36.373048519863,119.323086312105,2.5));
#7895=CARTESIAN_POINT('Origin',(36.6395403543504,117.322291613468,2.5));
#7896=CARTESIAN_POINT('',(36.6395403543504,117.322291613468,2.5));
#7897=CARTESIAN_POINT('',(45.889461151156,117.295015674607,2.5));
#7898=CARTESIAN_POINT('',(36.6395403543504,117.322291613468,1.9));
#7899=CARTESIAN_POINT('',(36.6395403543504,117.322291613468,2.5));
#7900=CARTESIAN_POINT('',(36.6395403543504,117.322291613468,1.9));
#7901=CARTESIAN_POINT('Origin',(36.6718694360305,117.681679120241,2.5));
#7902=CARTESIAN_POINT('',(36.6718694360305,117.681679120241,2.5));
#7903=CARTESIAN_POINT('',(34.6180180126388,94.8499590721087,2.5));
#7904=CARTESIAN_POINT('',(36.6718694360305,117.681679120241,1.9));
#7905=CARTESIAN_POINT('',(36.6718694360305,117.681679120241,2.5));
#7906=CARTESIAN_POINT('',(36.6718694360305,117.681679120241,1.9));
#7907=CARTESIAN_POINT('Origin',(36.8579209495353,117.681130496115,2.5));
#7908=CARTESIAN_POINT('',(36.8579209495353,117.681130496115,2.5));
#7909=CARTESIAN_POINT('',(45.9991814612148,117.654174972029,2.5));
#7910=CARTESIAN_POINT('',(36.8579209495353,117.681130496115,1.9));
#7911=CARTESIAN_POINT('',(36.8579209495353,117.681130496115,2.5));
#7912=CARTESIAN_POINT('',(36.8579209495353,117.681130496115,1.9));
#7913=CARTESIAN_POINT('Origin',(36.8847524988418,117.32156853793,2.5));
#7914=CARTESIAN_POINT('',(36.8847524988418,117.32156853793,2.5));
#7915=CARTESIAN_POINT('',(38.6907695052634,93.1196484800479,2.5));
#7916=CARTESIAN_POINT('',(36.8847524988418,117.32156853793,1.9));
#7917=CARTESIAN_POINT('',(36.8847524988418,117.32156853793,2.5));
#7918=CARTESIAN_POINT('',(36.8847524988418,117.32156853793,1.9));
#7919=CARTESIAN_POINT('Origin',(37.4162510640332,117.320001268038,2.5));
#7920=CARTESIAN_POINT('',(37.4162510640332,117.320001268038,2.5));
#7921=CARTESIAN_POINT('',(46.2778165059972,117.293870501892,2.5));
#7922=CARTESIAN_POINT('',(37.4162510640332,117.320001268038,1.9));
#7923=CARTESIAN_POINT('',(37.4162510640332,117.320001268038,2.5));
#7924=CARTESIAN_POINT('',(37.4162510640332,117.320001268038,1.9));
#7925=CARTESIAN_POINT('Origin',(37.1247438649375,119.320869731366,2.5));
#7926=CARTESIAN_POINT('',(37.1247438649375,119.320869731366,2.5));
#7927=CARTESIAN_POINT('',(40.828620806633,93.8979279046217,2.5));
#7928=CARTESIAN_POINT('',(37.1247438649375,119.320869731366,1.9));
#7929=CARTESIAN_POINT('',(37.1247438649375,119.320869731366,2.5));
#7930=CARTESIAN_POINT('',(37.1247438649375,119.320869731366,1.9));
#7931=CARTESIAN_POINT('Origin',(36.373048519863,119.323086312105,2.5));
#7932=CARTESIAN_POINT('',(45.7591639967522,119.295408765722,2.5));
#7933=CARTESIAN_POINT('',(36.3730485198629,119.323086312105,1.9));
#7934=CARTESIAN_POINT('Origin',(37.3636979462762,118.320113502401,1.9));
#7935=CARTESIAN_POINT('Ctrl Pts',(38.1945861432313,118.811227253172,2.5));
#7936=CARTESIAN_POINT('Ctrl Pts',(38.1945861432313,118.811227253172,1.9));
#7937=CARTESIAN_POINT('Ctrl Pts',(38.1950027461944,118.840286568277,2.5));
#7938=CARTESIAN_POINT('Ctrl Pts',(38.1950027461944,118.840286568277,1.9));
#7939=CARTESIAN_POINT('Ctrl Pts',(38.1956860612779,118.887949859438,2.5));
#7940=CARTESIAN_POINT('Ctrl Pts',(38.1956860612779,118.887949859438,1.9));
#7941=CARTESIAN_POINT('Ctrl Pts',(38.172076456325,118.928794591454,2.5));
#7942=CARTESIAN_POINT('Ctrl Pts',(38.172076456325,118.928794591454,1.9));
#7943=CARTESIAN_POINT('Ctrl Pts',(38.1628611353826,118.944737141746,2.5));
#7944=CARTESIAN_POINT('Ctrl Pts',(38.1628611353826,118.944737141746,1.9));
#7945=CARTESIAN_POINT('',(38.1945861432313,118.811227253172,2.5));
#7946=CARTESIAN_POINT('',(38.1628611353826,118.944737141746,2.5));
#7947=CARTESIAN_POINT('Ctrl Pts',(38.1945861432313,118.811227253172,2.5));
#7948=CARTESIAN_POINT('Ctrl Pts',(38.1950027461944,118.840286568277,2.5));
#7949=CARTESIAN_POINT('Ctrl Pts',(38.1956860612779,118.887949859438,2.5));
#7950=CARTESIAN_POINT('Ctrl Pts',(38.172076456325,118.928794591454,2.5));
#7951=CARTESIAN_POINT('Ctrl Pts',(38.1628611353826,118.944737141746,2.5));
#7952=CARTESIAN_POINT('',(38.1945861432313,118.811227253172,1.9));
#7953=CARTESIAN_POINT('',(38.1945861432313,118.811227253172,2.5));
#7954=CARTESIAN_POINT('',(38.1628611353826,118.944737141746,1.9));
#7955=CARTESIAN_POINT('Ctrl Pts',(38.1945861432313,118.811227253172,1.9));
#7956=CARTESIAN_POINT('Ctrl Pts',(38.1950027461944,118.840286568277,1.9));
#7957=CARTESIAN_POINT('Ctrl Pts',(38.1956860612779,118.887949859438,1.9));
#7958=CARTESIAN_POINT('Ctrl Pts',(38.172076456325,118.928794591454,1.9));
#7959=CARTESIAN_POINT('Ctrl Pts',(38.1628611353826,118.944737141746,1.9));
#7960=CARTESIAN_POINT('',(38.1628611353826,118.944737141746,2.5));
#7961=CARTESIAN_POINT('Origin',(38.1941016644557,118.646928956249,2.5));
#7962=CARTESIAN_POINT('',(38.1941016644557,118.646928956249,2.5));
#7963=CARTESIAN_POINT('',(38.1224509198427,94.3484541698381,2.5));
#7964=CARTESIAN_POINT('',(38.1941016644557,118.646928956249,1.9));
#7965=CARTESIAN_POINT('',(38.1941016644557,118.646928956249,2.5));
#7966=CARTESIAN_POINT('',(38.1941016644557,118.646928956249,1.9));
#7967=CARTESIAN_POINT('Ctrl Pts',(38.1658752879485,118.500624929677,2.5));
#7968=CARTESIAN_POINT('Ctrl Pts',(38.1658752879485,118.500624929677,1.9));
#7969=CARTESIAN_POINT('Ctrl Pts',(38.173936295427,118.518429628599,2.5));
#7970=CARTESIAN_POINT('Ctrl Pts',(38.173936295427,118.518429628599,1.9));
#7971=CARTESIAN_POINT('Ctrl Pts',(38.1948303295107,118.564579193293,2.5));
#7972=CARTESIAN_POINT('Ctrl Pts',(38.1948303295107,118.564579193293,1.9));
#7973=CARTESIAN_POINT('Ctrl Pts',(38.1943789189168,118.615595164411,2.5));
#7974=CARTESIAN_POINT('Ctrl Pts',(38.1943789189168,118.615595164411,1.9));
#7975=CARTESIAN_POINT('Ctrl Pts',(38.1941016644557,118.646928956249,2.5));
#7976=CARTESIAN_POINT('Ctrl Pts',(38.1941016644557,118.646928956249,1.9));
#7977=CARTESIAN_POINT('',(38.1658752879485,118.500624929677,2.5));
#7978=CARTESIAN_POINT('Ctrl Pts',(38.1658752879485,118.500624929677,2.5));
#7979=CARTESIAN_POINT('Ctrl Pts',(38.173936295427,118.518429628599,2.5));
#7980=CARTESIAN_POINT('Ctrl Pts',(38.1948303295107,118.564579193293,2.5));
#7981=CARTESIAN_POINT('Ctrl Pts',(38.1943789189168,118.615595164411,2.5));
#7982=CARTESIAN_POINT('Ctrl Pts',(38.1941016644557,118.646928956249,2.5));
#7983=CARTESIAN_POINT('',(38.1658752879485,118.500624929677,1.9));
#7984=CARTESIAN_POINT('',(38.1658752879485,118.500624929677,2.5));
#7985=CARTESIAN_POINT('Ctrl Pts',(38.1658752879485,118.500624929677,1.9));
#7986=CARTESIAN_POINT('Ctrl Pts',(38.173936295427,118.518429628599,1.9));
#7987=CARTESIAN_POINT('Ctrl Pts',(38.1948303295107,118.564579193293,1.9));
#7988=CARTESIAN_POINT('Ctrl Pts',(38.1943789189168,118.615595164411,1.9));
#7989=CARTESIAN_POINT('Ctrl Pts',(38.1941016644557,118.646928956249,1.9));
#7990=CARTESIAN_POINT('Ctrl Pts',(38.0663278124059,118.465711495216,2.5));
#7991=CARTESIAN_POINT('Ctrl Pts',(38.0663278124059,118.465711495216,1.9));
#7992=CARTESIAN_POINT('Ctrl Pts',(38.0875028820791,118.466153633187,2.5));
#7993=CARTESIAN_POINT('Ctrl Pts',(38.0875028820791,118.466153633187,1.9));
#7994=CARTESIAN_POINT('Ctrl Pts',(38.124872782548,118.466933921149,2.5));
#7995=CARTESIAN_POINT('Ctrl Pts',(38.124872782548,118.466933921149,1.9));
#7996=CARTESIAN_POINT('Ctrl Pts',(38.1534785369243,118.490438746164,2.5));
#7997=CARTESIAN_POINT('Ctrl Pts',(38.1534785369243,118.490438746164,1.9));
#7998=CARTESIAN_POINT('Ctrl Pts',(38.1658752879485,118.500624929677,2.5));
#7999=CARTESIAN_POINT('Ctrl Pts',(38.1658752879485,118.500624929677,1.9));
#8000=CARTESIAN_POINT('',(38.0663278124059,118.465711495216,2.5));
#8001=CARTESIAN_POINT('Ctrl Pts',(38.0663278124059,118.465711495216,2.5));
#8002=CARTESIAN_POINT('Ctrl Pts',(38.0875028820791,118.466153633187,2.5));
#8003=CARTESIAN_POINT('Ctrl Pts',(38.124872782548,118.466933921149,2.5));
#8004=CARTESIAN_POINT('Ctrl Pts',(38.1534785369243,118.490438746164,2.5));
#8005=CARTESIAN_POINT('Ctrl Pts',(38.1658752879485,118.500624929677,2.5));
#8006=CARTESIAN_POINT('',(38.0663278124059,118.465711495216,1.9));
#8007=CARTESIAN_POINT('',(38.0663278124059,118.465711495216,2.5));
#8008=CARTESIAN_POINT('Ctrl Pts',(38.0663278124059,118.465711495216,1.9));
#8009=CARTESIAN_POINT('Ctrl Pts',(38.0875028820791,118.466153633187,1.9));
#8010=CARTESIAN_POINT('Ctrl Pts',(38.124872782548,118.466933921149,1.9));
#8011=CARTESIAN_POINT('Ctrl Pts',(38.1534785369243,118.490438746164,1.9));
#8012=CARTESIAN_POINT('Ctrl Pts',(38.1658752879485,118.500624929677,1.9));
#8013=CARTESIAN_POINT('Ctrl Pts',(38.0280362333025,118.467059720116,2.5));
#8014=CARTESIAN_POINT('Ctrl Pts',(38.0280362333025,118.467059720116,1.9));
#8015=CARTESIAN_POINT('Ctrl Pts',(38.034930812741,118.466679786963,2.5));
#8016=CARTESIAN_POINT('Ctrl Pts',(38.034930812741,118.466679786963,1.9));
#8017=CARTESIAN_POINT('Ctrl Pts',(38.0476860274217,118.465976897254,2.5));
#8018=CARTESIAN_POINT('Ctrl Pts',(38.0476860274217,118.465976897254,1.9));
#8019=CARTESIAN_POINT('Ctrl Pts',(38.0604590122969,118.465795048991,2.5));
#8020=CARTESIAN_POINT('Ctrl Pts',(38.0604590122969,118.465795048991,1.9));
#8021=CARTESIAN_POINT('Ctrl Pts',(38.0663278124059,118.465711495216,2.5));
#8022=CARTESIAN_POINT('Ctrl Pts',(38.0663278124059,118.465711495216,1.9));
#8023=CARTESIAN_POINT('',(38.0280362333025,118.467059720116,2.5));
#8024=CARTESIAN_POINT('Ctrl Pts',(38.0280362333025,118.467059720116,2.5));
#8025=CARTESIAN_POINT('Ctrl Pts',(38.034930812741,118.466679786963,2.5));
#8026=CARTESIAN_POINT('Ctrl Pts',(38.0476860274217,118.465976897254,2.5));
#8027=CARTESIAN_POINT('Ctrl Pts',(38.0604590122969,118.465795048991,2.5));
#8028=CARTESIAN_POINT('Ctrl Pts',(38.0663278124059,118.465711495216,2.5));
#8029=CARTESIAN_POINT('',(38.0280362333025,118.467059720116,1.9));
#8030=CARTESIAN_POINT('',(38.0280362333025,118.467059720116,2.5));
#8031=CARTESIAN_POINT('Ctrl Pts',(38.0280362333025,118.467059720116,1.9));
#8032=CARTESIAN_POINT('Ctrl Pts',(38.034930812741,118.466679786963,1.9));
#8033=CARTESIAN_POINT('Ctrl Pts',(38.0476860274217,118.465976897254,1.9));
#8034=CARTESIAN_POINT('Ctrl Pts',(38.0604590122969,118.465795048991,1.9));
#8035=CARTESIAN_POINT('Ctrl Pts',(38.0663278124059,118.465711495216,1.9));
#8036=CARTESIAN_POINT('Origin',(38.029537024192,118.976013671495,2.5));
#8037=CARTESIAN_POINT('',(38.029537024192,118.976013671495,2.5));
#8038=CARTESIAN_POINT('',(37.9574018008036,94.513240588161,2.5));
#8039=CARTESIAN_POINT('',(38.029537024192,118.976013671495,1.9));
#8040=CARTESIAN_POINT('',(38.029537024192,118.976013671495,2.5));
#8041=CARTESIAN_POINT('',(38.029537024192,118.976013671495,1.9));
#8042=CARTESIAN_POINT('Ctrl Pts',(38.1628611353826,118.944737141746,2.5));
#8043=CARTESIAN_POINT('Ctrl Pts',(38.1628611353826,118.944737141746,1.9));
#8044=CARTESIAN_POINT('Ctrl Pts',(38.1467392106995,118.953694966352,2.5));
#8045=CARTESIAN_POINT('Ctrl Pts',(38.1467392106995,118.953694966352,1.9));
#8046=CARTESIAN_POINT('Ctrl Pts',(38.105696469233,118.976499543758,2.5));
#8047=CARTESIAN_POINT('Ctrl Pts',(38.105696469233,118.976499543758,1.9));
#8048=CARTESIAN_POINT('Ctrl Pts',(38.058309813692,118.976197232448,2.5));
#8049=CARTESIAN_POINT('Ctrl Pts',(38.058309813692,118.976197232448,1.9));
#8050=CARTESIAN_POINT('Ctrl Pts',(38.029537024192,118.976013671495,2.5));
#8051=CARTESIAN_POINT('Ctrl Pts',(38.029537024192,118.976013671495,1.9));
#8052=CARTESIAN_POINT('Ctrl Pts',(38.1628611353826,118.944737141746,2.5));
#8053=CARTESIAN_POINT('Ctrl Pts',(38.1467392106995,118.953694966352,2.5));
#8054=CARTESIAN_POINT('Ctrl Pts',(38.105696469233,118.976499543758,2.5));
#8055=CARTESIAN_POINT('Ctrl Pts',(38.058309813692,118.976197232448,2.5));
#8056=CARTESIAN_POINT('Ctrl Pts',(38.029537024192,118.976013671495,2.5));
#8057=CARTESIAN_POINT('Ctrl Pts',(38.1628611353826,118.944737141746,1.9));
#8058=CARTESIAN_POINT('Ctrl Pts',(38.1467392106995,118.953694966352,1.9));
#8059=CARTESIAN_POINT('Ctrl Pts',(38.105696469233,118.976499543758,1.9));
#8060=CARTESIAN_POINT('Ctrl Pts',(38.058309813692,118.976197232448,1.9));
#8061=CARTESIAN_POINT('Ctrl Pts',(38.029537024192,118.976013671495,1.9));
#8062=CARTESIAN_POINT('Origin',(38.024648525377,117.318207240573,2.5));
#8063=CARTESIAN_POINT('',(38.024648525377,117.318207240573,2.5));
#8064=CARTESIAN_POINT('',(37.5045767169562,117.319740815526,2.5));
#8065=CARTESIAN_POINT('',(46.5820152366695,117.292973488159,2.5));
#8066=CARTESIAN_POINT('',(38.024648525377,117.318207240573,1.9));
#8067=CARTESIAN_POINT('',(38.024648525377,117.318207240573,2.5));
#8068=CARTESIAN_POINT('',(37.5045767169562,117.319740815526,1.9));
#8069=CARTESIAN_POINT('',(38.024648525377,117.318207240573,1.9));
#8070=CARTESIAN_POINT('',(37.5045767169562,117.319740815526,2.5));
#8071=CARTESIAN_POINT('Origin',(38.0270235633739,118.123639217541,2.5));
#8072=CARTESIAN_POINT('',(38.0270235633739,118.123639217541,2.5));
#8073=CARTESIAN_POINT('',(37.9561450703945,94.0870533611841,2.5));
#8074=CARTESIAN_POINT('',(38.0270235633739,118.123639217541,1.9));
#8075=CARTESIAN_POINT('',(38.0270235633739,118.123639217541,2.5));
#8076=CARTESIAN_POINT('',(38.0270235633739,118.123639217541,1.9));
#8077=CARTESIAN_POINT('Origin',(38.1666155444277,118.123227592142,2.5));
#8078=CARTESIAN_POINT('',(38.1666155444277,118.123227592142,2.5));
#8079=CARTESIAN_POINT('',(46.6541862651932,118.098199652428,2.5));
#8080=CARTESIAN_POINT('',(38.1666155444277,118.123227592142,1.9));
#8081=CARTESIAN_POINT('',(38.1666155444277,118.123227592142,2.5));
#8082=CARTESIAN_POINT('',(38.1666155444277,118.123227592142,1.9));
#8083=CARTESIAN_POINT('Ctrl Pts',(38.4428489316313,118.169355778077,2.5));
#8084=CARTESIAN_POINT('Ctrl Pts',(38.4428489316313,118.169355778077,1.9));
#8085=CARTESIAN_POINT('Ctrl Pts',(38.4025441402983,118.155817887956,2.5));
#8086=CARTESIAN_POINT('Ctrl Pts',(38.4025441402983,118.155817887956,1.9));
#8087=CARTESIAN_POINT('Ctrl Pts',(38.3130714744455,118.125765105668,2.5));
#8088=CARTESIAN_POINT('Ctrl Pts',(38.3130714744455,118.125765105668,1.9));
#8089=CARTESIAN_POINT('Ctrl Pts',(38.2185550909012,118.124127503137,2.5));
#8090=CARTESIAN_POINT('Ctrl Pts',(38.2185550909012,118.124127503137,1.9));
#8091=CARTESIAN_POINT('Ctrl Pts',(38.1666155444277,118.123227592142,2.5));
#8092=CARTESIAN_POINT('Ctrl Pts',(38.1666155444277,118.123227592142,1.9));
#8093=CARTESIAN_POINT('',(38.4428489316313,118.169355778077,2.5));
#8094=CARTESIAN_POINT('Ctrl Pts',(38.4428489316313,118.169355778077,2.5));
#8095=CARTESIAN_POINT('Ctrl Pts',(38.4025441402983,118.155817887956,2.5));
#8096=CARTESIAN_POINT('Ctrl Pts',(38.3130714744455,118.125765105668,2.5));
#8097=CARTESIAN_POINT('Ctrl Pts',(38.2185550909012,118.124127503137,2.5));
#8098=CARTESIAN_POINT('Ctrl Pts',(38.1666155444277,118.123227592142,2.5));
#8099=CARTESIAN_POINT('',(38.4428489316313,118.169355778077,1.9));
#8100=CARTESIAN_POINT('',(38.4428489316313,118.169355778077,2.5));
#8101=CARTESIAN_POINT('Ctrl Pts',(38.4428489316313,118.169355778077,1.9));
#8102=CARTESIAN_POINT('Ctrl Pts',(38.4025441402983,118.155817887956,1.9));
#8103=CARTESIAN_POINT('Ctrl Pts',(38.3130714744455,118.125765105668,1.9));
#8104=CARTESIAN_POINT('Ctrl Pts',(38.2185550909012,118.124127503137,1.9));
#8105=CARTESIAN_POINT('Ctrl Pts',(38.1666155444277,118.123227592142,1.9));
#8106=CARTESIAN_POINT('Ctrl Pts',(38.5883966717105,118.303578240768,2.5));
#8107=CARTESIAN_POINT('Ctrl Pts',(38.5883966717105,118.303578240768,1.9));
#8108=CARTESIAN_POINT('Ctrl Pts',(38.5715664944077,118.275741069542,2.5));
#8109=CARTESIAN_POINT('Ctrl Pts',(38.5715664944077,118.275741069542,1.9));
#8110=CARTESIAN_POINT('Ctrl Pts',(38.5361145330755,118.217103403393,2.5));
#8111=CARTESIAN_POINT('Ctrl Pts',(38.5361145330755,118.217103403393,1.9));
#8112=CARTESIAN_POINT('Ctrl Pts',(38.4749675110982,118.185798988375,2.5));
#8113=CARTESIAN_POINT('Ctrl Pts',(38.4749675110982,118.185798988375,1.9));
#8114=CARTESIAN_POINT('Ctrl Pts',(38.4428489316313,118.169355778077,2.5));
#8115=CARTESIAN_POINT('Ctrl Pts',(38.4428489316313,118.169355778077,1.9));
#8116=CARTESIAN_POINT('',(38.5883966717105,118.303578240768,2.5));
#8117=CARTESIAN_POINT('Ctrl Pts',(38.5883966717105,118.303578240768,2.5));
#8118=CARTESIAN_POINT('Ctrl Pts',(38.5715664944077,118.275741069542,2.5));
#8119=CARTESIAN_POINT('Ctrl Pts',(38.5361145330755,118.217103403393,2.5));
#8120=CARTESIAN_POINT('Ctrl Pts',(38.4749675110982,118.185798988375,2.5));
#8121=CARTESIAN_POINT('Ctrl Pts',(38.4428489316313,118.169355778077,2.5));
#8122=CARTESIAN_POINT('',(38.5883966717105,118.303578240768,1.9));
#8123=CARTESIAN_POINT('',(38.5883966717105,118.303578240768,2.5));
#8124=CARTESIAN_POINT('Ctrl Pts',(38.5883966717105,118.303578240768,1.9));
#8125=CARTESIAN_POINT('Ctrl Pts',(38.5715664944077,118.275741069542,1.9));
#8126=CARTESIAN_POINT('Ctrl Pts',(38.5361145330755,118.217103403393,1.9));
#8127=CARTESIAN_POINT('Ctrl Pts',(38.4749675110982,118.185798988375,1.9));
#8128=CARTESIAN_POINT('Ctrl Pts',(38.4428489316313,118.169355778077,1.9));
#8129=CARTESIAN_POINT('Ctrl Pts',(38.6287504438114,118.58264518921,2.5));
#8130=CARTESIAN_POINT('Ctrl Pts',(38.6287504438114,118.58264518921,1.9));
#8131=CARTESIAN_POINT('Ctrl Pts',(38.6284117450504,118.526972678742,2.5));
#8132=CARTESIAN_POINT('Ctrl Pts',(38.6284117450504,118.526972678742,1.9));
#8133=CARTESIAN_POINT('Ctrl Pts',(38.6278331517476,118.431868280949,2.5));
#8134=CARTESIAN_POINT('Ctrl Pts',(38.6278331517476,118.431868280949,1.9));
#8135=CARTESIAN_POINT('Ctrl Pts',(38.5999552994512,118.341179386101,2.5));
#8136=CARTESIAN_POINT('Ctrl Pts',(38.5999552994512,118.341179386101,1.9));
#8137=CARTESIAN_POINT('Ctrl Pts',(38.5883966717105,118.303578240768,2.5));
#8138=CARTESIAN_POINT('Ctrl Pts',(38.5883966717105,118.303578240768,1.9));
#8139=CARTESIAN_POINT('',(38.6287504438114,118.58264518921,2.5));
#8140=CARTESIAN_POINT('Ctrl Pts',(38.6287504438114,118.58264518921,2.5));
#8141=CARTESIAN_POINT('Ctrl Pts',(38.6284117450504,118.526972678742,2.5));
#8142=CARTESIAN_POINT('Ctrl Pts',(38.6278331517476,118.431868280949,2.5));
#8143=CARTESIAN_POINT('Ctrl Pts',(38.5999552994512,118.341179386101,2.5));
#8144=CARTESIAN_POINT('Ctrl Pts',(38.5883966717105,118.303578240768,2.5));
#8145=CARTESIAN_POINT('',(38.6287504438114,118.58264518921,1.9));
#8146=CARTESIAN_POINT('',(38.6287504438114,118.58264518921,2.5));
#8147=CARTESIAN_POINT('Ctrl Pts',(38.6287504438114,118.58264518921,1.9));
#8148=CARTESIAN_POINT('Ctrl Pts',(38.6284117450504,118.526972678742,1.9));
#8149=CARTESIAN_POINT('Ctrl Pts',(38.6278331517476,118.431868280949,1.9));
#8150=CARTESIAN_POINT('Ctrl Pts',(38.5999552994512,118.341179386101,1.9));
#8151=CARTESIAN_POINT('Ctrl Pts',(38.5883966717105,118.303578240768,1.9));
#8152=CARTESIAN_POINT('Origin',(38.6292640640254,118.756826042282,2.5));
#8153=CARTESIAN_POINT('',(38.6292640640254,118.756826042282,2.5));
#8154=CARTESIAN_POINT('',(38.5574493979978,94.4027615981332,2.5));
#8155=CARTESIAN_POINT('',(38.6292640640254,118.756826042282,1.9));
#8156=CARTESIAN_POINT('',(38.6292640640254,118.756826042282,2.5));
#8157=CARTESIAN_POINT('',(38.6292640640254,118.756826042282,1.9));
#8158=CARTESIAN_POINT('Ctrl Pts',(38.6096989378118,119.034216710647,2.5));
#8159=CARTESIAN_POINT('Ctrl Pts',(38.6096989378118,119.034216710647,1.9));
#8160=CARTESIAN_POINT('Ctrl Pts',(38.615488585235,118.996227967825,2.5));
#8161=CARTESIAN_POINT('Ctrl Pts',(38.615488585235,118.996227967825,1.9));
#8162=CARTESIAN_POINT('Ctrl Pts',(38.6294899080844,118.904358357463,2.5));
#8163=CARTESIAN_POINT('Ctrl Pts',(38.6294899080844,118.904358357463,1.9));
#8164=CARTESIAN_POINT('Ctrl Pts',(38.629347553795,118.811365617359,2.5));
#8165=CARTESIAN_POINT('Ctrl Pts',(38.629347553795,118.811365617359,1.9));
#8166=CARTESIAN_POINT('Ctrl Pts',(38.6292640640254,118.756826042282,2.5));
#8167=CARTESIAN_POINT('Ctrl Pts',(38.6292640640254,118.756826042282,1.9));
#8168=CARTESIAN_POINT('',(38.6096989378118,119.034216710647,2.5));
#8169=CARTESIAN_POINT('Ctrl Pts',(38.6096989378118,119.034216710647,2.5));
#8170=CARTESIAN_POINT('Ctrl Pts',(38.615488585235,118.996227967825,2.5));
#8171=CARTESIAN_POINT('Ctrl Pts',(38.6294899080844,118.904358357463,2.5));
#8172=CARTESIAN_POINT('Ctrl Pts',(38.629347553795,118.811365617359,2.5));
#8173=CARTESIAN_POINT('Ctrl Pts',(38.6292640640254,118.756826042282,2.5));
#8174=CARTESIAN_POINT('',(38.6096989378118,119.034216710647,1.9));
#8175=CARTESIAN_POINT('',(38.6096989378118,119.034216710647,2.5));
#8176=CARTESIAN_POINT('Ctrl Pts',(38.6096989378118,119.034216710647,1.9));
#8177=CARTESIAN_POINT('Ctrl Pts',(38.615488585235,118.996227967825,1.9));
#8178=CARTESIAN_POINT('Ctrl Pts',(38.6294899080844,118.904358357463,1.9));
#8179=CARTESIAN_POINT('Ctrl Pts',(38.629347553795,118.811365617359,1.9));
#8180=CARTESIAN_POINT('Ctrl Pts',(38.6292640640254,118.756826042282,1.9));
#8181=CARTESIAN_POINT('Ctrl Pts',(38.5323233644452,119.187008840831,2.5));
#8182=CARTESIAN_POINT('Ctrl Pts',(38.5323233644452,119.187008840831,1.9));
#8183=CARTESIAN_POINT('Ctrl Pts',(38.5499234670794,119.164567869754,2.5));
#8184=CARTESIAN_POINT('Ctrl Pts',(38.5499234670794,119.164567869754,1.9));
#8185=CARTESIAN_POINT('Ctrl Pts',(38.5858261913332,119.118790182354,2.5));
#8186=CARTESIAN_POINT('Ctrl Pts',(38.5858261913332,119.118790182354,1.9));
#8187=CARTESIAN_POINT('Ctrl Pts',(38.6016382227886,119.062773234487,2.5));
#8188=CARTESIAN_POINT('Ctrl Pts',(38.6016382227886,119.062773234487,1.9));
#8189=CARTESIAN_POINT('Ctrl Pts',(38.6096989378118,119.034216710647,2.5));
#8190=CARTESIAN_POINT('Ctrl Pts',(38.6096989378118,119.034216710647,1.9));
#8191=CARTESIAN_POINT('',(38.5323233644452,119.187008840831,2.5));
#8192=CARTESIAN_POINT('Ctrl Pts',(38.5323233644452,119.187008840831,2.5));
#8193=CARTESIAN_POINT('Ctrl Pts',(38.5499234670794,119.164567869754,2.5));
#8194=CARTESIAN_POINT('Ctrl Pts',(38.5858261913332,119.118790182354,2.5));
#8195=CARTESIAN_POINT('Ctrl Pts',(38.6016382227886,119.062773234487,2.5));
#8196=CARTESIAN_POINT('Ctrl Pts',(38.6096989378118,119.034216710647,2.5));
#8197=CARTESIAN_POINT('',(38.5323233644452,119.187008840831,1.9));
#8198=CARTESIAN_POINT('',(38.5323233644452,119.187008840831,2.5));
#8199=CARTESIAN_POINT('Ctrl Pts',(38.5323233644452,119.187008840831,1.9));
#8200=CARTESIAN_POINT('Ctrl Pts',(38.5499234670794,119.164567869754,1.9));
#8201=CARTESIAN_POINT('Ctrl Pts',(38.5858261913332,119.118790182354,1.9));
#8202=CARTESIAN_POINT('Ctrl Pts',(38.6016382227886,119.062773234487,1.9));
#8203=CARTESIAN_POINT('Ctrl Pts',(38.6096989378118,119.034216710647,1.9));
#8204=CARTESIAN_POINT('Ctrl Pts',(38.3608973926214,119.283870582101,2.5));
#8205=CARTESIAN_POINT('Ctrl Pts',(38.3608973926214,119.283870582101,1.9));
#8206=CARTESIAN_POINT('Ctrl Pts',(38.3955495358941,119.272487331849,2.5));
#8207=CARTESIAN_POINT('Ctrl Pts',(38.3955495358941,119.272487331849,1.9));
#8208=CARTESIAN_POINT('Ctrl Pts',(38.4592855312244,119.251550018414,2.5));
#8209=CARTESIAN_POINT('Ctrl Pts',(38.4592855312244,119.251550018414,1.9));
#8210=CARTESIAN_POINT('Ctrl Pts',(38.509437940737,119.207231951656,2.5));
#8211=CARTESIAN_POINT('Ctrl Pts',(38.509437940737,119.207231951656,1.9));
#8212=CARTESIAN_POINT('Ctrl Pts',(38.5323233644452,119.187008840831,2.5));
#8213=CARTESIAN_POINT('Ctrl Pts',(38.5323233644452,119.187008840831,1.9));
#8214=CARTESIAN_POINT('',(38.3608973926214,119.283870582101,2.5));
#8215=CARTESIAN_POINT('Ctrl Pts',(38.3608973926214,119.283870582101,2.5));
#8216=CARTESIAN_POINT('Ctrl Pts',(38.3955495358941,119.272487331849,2.5));
#8217=CARTESIAN_POINT('Ctrl Pts',(38.4592855312244,119.251550018414,2.5));
#8218=CARTESIAN_POINT('Ctrl Pts',(38.509437940737,119.207231951656,2.5));
#8219=CARTESIAN_POINT('Ctrl Pts',(38.5323233644452,119.187008840831,2.5));
#8220=CARTESIAN_POINT('',(38.3608973926214,119.283870582101,1.9));
#8221=CARTESIAN_POINT('',(38.3608973926214,119.283870582101,2.5));
#8222=CARTESIAN_POINT('Ctrl Pts',(38.3608973926214,119.283870582101,1.9));
#8223=CARTESIAN_POINT('Ctrl Pts',(38.3955495358941,119.272487331849,1.9));
#8224=CARTESIAN_POINT('Ctrl Pts',(38.4592855312244,119.251550018414,1.9));
#8225=CARTESIAN_POINT('Ctrl Pts',(38.509437940737,119.207231951656,1.9));
#8226=CARTESIAN_POINT('Ctrl Pts',(38.5323233644452,119.187008840831,1.9));
#8227=CARTESIAN_POINT('Ctrl Pts',(38.0342522517552,119.318187795413,2.5));
#8228=CARTESIAN_POINT('Ctrl Pts',(38.0342522517552,119.318187795413,1.9));
#8229=CARTESIAN_POINT('Ctrl Pts',(38.0971586949611,119.317605993733,2.5));
#8230=CARTESIAN_POINT('Ctrl Pts',(38.0971586949611,119.317605993733,1.9));
#8231=CARTESIAN_POINT('Ctrl Pts',(38.2072363533804,119.316587920492,2.5));
#8232=CARTESIAN_POINT('Ctrl Pts',(38.2072363533804,119.316587920492,1.9));
#8233=CARTESIAN_POINT('Ctrl Pts',(38.3148024490806,119.293685066458,2.5));
#8234=CARTESIAN_POINT('Ctrl Pts',(38.3148024490806,119.293685066458,1.9));
#8235=CARTESIAN_POINT('Ctrl Pts',(38.3608973926214,119.283870582101,2.5));
#8236=CARTESIAN_POINT('Ctrl Pts',(38.3608973926214,119.283870582101,1.9));
#8237=CARTESIAN_POINT('',(38.0342522517552,119.318187795413,2.5));
#8238=CARTESIAN_POINT('Ctrl Pts',(38.0342522517552,119.318187795413,2.5));
#8239=CARTESIAN_POINT('Ctrl Pts',(38.0971586949611,119.317605993733,2.5));
#8240=CARTESIAN_POINT('Ctrl Pts',(38.2072363533804,119.316587920492,2.5));
#8241=CARTESIAN_POINT('Ctrl Pts',(38.3148024490806,119.293685066458,2.5));
#8242=CARTESIAN_POINT('Ctrl Pts',(38.3608973926214,119.283870582101,2.5));
#8243=CARTESIAN_POINT('',(38.0342522517552,119.318187795413,1.9));
#8244=CARTESIAN_POINT('',(38.0342522517552,119.318187795413,2.5));
#8245=CARTESIAN_POINT('Ctrl Pts',(38.0342522517552,119.318187795413,1.9));
#8246=CARTESIAN_POINT('Ctrl Pts',(38.0971586949611,119.317605993733,1.9));
#8247=CARTESIAN_POINT('Ctrl Pts',(38.2072363533804,119.316587920492,1.9));
#8248=CARTESIAN_POINT('Ctrl Pts',(38.3148024490806,119.293685066458,1.9));
#8249=CARTESIAN_POINT('Ctrl Pts',(38.3608973926214,119.283870582101,1.9));
#8250=CARTESIAN_POINT('Origin',(37.5104742426354,119.319732299119,2.5));
#8251=CARTESIAN_POINT('',(37.5104742426354,119.319732299119,2.5));
#8252=CARTESIAN_POINT('',(46.3278768581386,119.293731759229,2.5));
#8253=CARTESIAN_POINT('',(37.5104742426354,119.319732299119,1.9));
#8254=CARTESIAN_POINT('',(37.5104742426354,119.319732299119,2.5));
#8255=CARTESIAN_POINT('',(37.5104742426354,119.319732299119,1.9));
#8256=CARTESIAN_POINT('Origin',(37.5045767169562,117.319740815526,2.5));
#8257=CARTESIAN_POINT('',(37.4348857429752,93.6858709476529,2.5));
#8258=CARTESIAN_POINT('',(37.5045767169562,117.319740815526,1.9));
#8259=CARTESIAN_POINT('Origin',(37.3636979462762,118.320113502401,1.9));
#8260=CARTESIAN_POINT('Origin',(25.4965610225927,117.850440801884,2.5));
#8261=CARTESIAN_POINT('',(25.4965610225927,117.850440801884,2.5));
#8262=CARTESIAN_POINT('',(25.5009067593159,119.324183674573,2.5));
#8263=CARTESIAN_POINT('',(25.4261398039375,93.9689275647772,2.5));
#8264=CARTESIAN_POINT('',(25.4965610225927,117.850440801884,1.9));
#8265=CARTESIAN_POINT('',(25.4965610225927,117.850440801884,2.5));
#8266=CARTESIAN_POINT('',(25.5009067593159,119.324183674573,1.9));
#8267=CARTESIAN_POINT('',(25.4965610225927,117.850440801884,1.9));
#8268=CARTESIAN_POINT('',(25.5009067593159,119.324183674573,2.5));
#8269=CARTESIAN_POINT('Ctrl Pts',(25.4817957594161,117.660860280261,2.5));
#8270=CARTESIAN_POINT('Ctrl Pts',(25.4817957594161,117.660860280261,1.9));
#8271=CARTESIAN_POINT('Ctrl Pts',(25.4859315804021,117.683293247808,2.5));
#8272=CARTESIAN_POINT('Ctrl Pts',(25.4859315804021,117.683293247808,1.9));
#8273=CARTESIAN_POINT('Ctrl Pts',(25.497465043927,117.745851519512,2.5));
#8274=CARTESIAN_POINT('Ctrl Pts',(25.497465043927,117.745851519512,1.9));
#8275=CARTESIAN_POINT('Ctrl Pts',(25.4969142838684,117.809570811415,2.5));
#8276=CARTESIAN_POINT('Ctrl Pts',(25.4969142838684,117.809570811415,1.9));
#8277=CARTESIAN_POINT('Ctrl Pts',(25.4965610225927,117.850440801884,2.5));
#8278=CARTESIAN_POINT('Ctrl Pts',(25.4965610225927,117.850440801884,1.9));
#8279=CARTESIAN_POINT('',(25.4817957594161,117.660860280261,2.5));
#8280=CARTESIAN_POINT('Ctrl Pts',(25.4817957594161,117.660860280261,2.5));
#8281=CARTESIAN_POINT('Ctrl Pts',(25.4859315804021,117.683293247808,2.5));
#8282=CARTESIAN_POINT('Ctrl Pts',(25.497465043927,117.745851519512,2.5));
#8283=CARTESIAN_POINT('Ctrl Pts',(25.4969142838684,117.809570811415,2.5));
#8284=CARTESIAN_POINT('Ctrl Pts',(25.4965610225927,117.850440801884,2.5));
#8285=CARTESIAN_POINT('',(25.4817957594161,117.660860280261,1.9));
#8286=CARTESIAN_POINT('',(25.4817957594161,117.660860280261,2.5));
#8287=CARTESIAN_POINT('Ctrl Pts',(25.4817957594161,117.660860280261,1.9));
#8288=CARTESIAN_POINT('Ctrl Pts',(25.4859315804021,117.683293247808,1.9));
#8289=CARTESIAN_POINT('Ctrl Pts',(25.497465043927,117.745851519512,1.9));
#8290=CARTESIAN_POINT('Ctrl Pts',(25.4969142838684,117.809570811415,1.9));
#8291=CARTESIAN_POINT('Ctrl Pts',(25.4965610225927,117.850440801884,1.9));
#8292=CARTESIAN_POINT('Ctrl Pts',(25.4180580344169,117.62089970633,2.5));
#8293=CARTESIAN_POINT('Ctrl Pts',(25.4180580344169,117.62089970633,1.9));
#8294=CARTESIAN_POINT('Ctrl Pts',(25.4329293964375,117.622172375197,2.5));
#8295=CARTESIAN_POINT('Ctrl Pts',(25.4329293964375,117.622172375197,1.9));
#8296=CARTESIAN_POINT('Ctrl Pts',(25.4612721602034,117.624597906431,2.5));
#8297=CARTESIAN_POINT('Ctrl Pts',(25.4612721602034,117.624597906431,1.9));
#8298=CARTESIAN_POINT('Ctrl Pts',(25.4751836066474,117.649177516773,2.5));
#8299=CARTESIAN_POINT('Ctrl Pts',(25.4751836066474,117.649177516773,1.9));
#8300=CARTESIAN_POINT('Ctrl Pts',(25.4817957594161,117.660860280261,2.5));
#8301=CARTESIAN_POINT('Ctrl Pts',(25.4817957594161,117.660860280261,1.9));
#8302=CARTESIAN_POINT('',(25.4180580344169,117.62089970633,2.5));
#8303=CARTESIAN_POINT('Ctrl Pts',(25.4180580344169,117.62089970633,2.5));
#8304=CARTESIAN_POINT('Ctrl Pts',(25.4329293964375,117.622172375197,2.5));
#8305=CARTESIAN_POINT('Ctrl Pts',(25.4612721602034,117.624597906431,2.5));
#8306=CARTESIAN_POINT('Ctrl Pts',(25.4751836066474,117.649177516773,2.5));
#8307=CARTESIAN_POINT('Ctrl Pts',(25.4817957594161,117.660860280261,2.5));
#8308=CARTESIAN_POINT('',(25.4180580344169,117.62089970633,1.9));
#8309=CARTESIAN_POINT('',(25.4180580344169,117.62089970633,2.5));
#8310=CARTESIAN_POINT('Ctrl Pts',(25.4180580344169,117.62089970633,1.9));
#8311=CARTESIAN_POINT('Ctrl Pts',(25.4329293964375,117.622172375197,1.9));
#8312=CARTESIAN_POINT('Ctrl Pts',(25.4612721602034,117.624597906431,1.9));
#8313=CARTESIAN_POINT('Ctrl Pts',(25.4751836066474,117.649177516773,1.9));
#8314=CARTESIAN_POINT('Ctrl Pts',(25.4817957594161,117.660860280261,1.9));
#8315=CARTESIAN_POINT('Ctrl Pts',(25.3607229594773,117.657511212841,2.5));
#8316=CARTESIAN_POINT('Ctrl Pts',(25.3607229594773,117.657511212841,1.9));
#8317=CARTESIAN_POINT('Ctrl Pts',(25.366860971261,117.646867245087,2.5));
#8318=CARTESIAN_POINT('Ctrl Pts',(25.366860971261,117.646867245087,1.9));
#8319=CARTESIAN_POINT('Ctrl Pts',(25.3795541962344,117.624855837798,2.5));
#8320=CARTESIAN_POINT('Ctrl Pts',(25.3795541962344,117.624855837798,1.9));
#8321=CARTESIAN_POINT('Ctrl Pts',(25.4049452371205,117.622246999287,2.5));
#8322=CARTESIAN_POINT('Ctrl Pts',(25.4049452371205,117.622246999287,1.9));
#8323=CARTESIAN_POINT('Ctrl Pts',(25.4180580344169,117.62089970633,2.5));
#8324=CARTESIAN_POINT('Ctrl Pts',(25.4180580344169,117.62089970633,1.9));
#8325=CARTESIAN_POINT('',(25.3607229594773,117.657511212841,2.5));
#8326=CARTESIAN_POINT('Ctrl Pts',(25.3607229594773,117.657511212841,2.5));
#8327=CARTESIAN_POINT('Ctrl Pts',(25.366860971261,117.646867245087,2.5));
#8328=CARTESIAN_POINT('Ctrl Pts',(25.3795541962344,117.624855837798,2.5));
#8329=CARTESIAN_POINT('Ctrl Pts',(25.4049452371205,117.622246999287,2.5));
#8330=CARTESIAN_POINT('Ctrl Pts',(25.4180580344169,117.62089970633,2.5));
#8331=CARTESIAN_POINT('',(25.3607229594773,117.657511212841,1.9));
#8332=CARTESIAN_POINT('',(25.3607229594773,117.657511212841,2.5));
#8333=CARTESIAN_POINT('Ctrl Pts',(25.3607229594773,117.657511212841,1.9));
#8334=CARTESIAN_POINT('Ctrl Pts',(25.366860971261,117.646867245087,1.9));
#8335=CARTESIAN_POINT('Ctrl Pts',(25.3795541962344,117.624855837798,1.9));
#8336=CARTESIAN_POINT('Ctrl Pts',(25.4049452371205,117.622246999287,1.9));
#8337=CARTESIAN_POINT('Ctrl Pts',(25.4180580344169,117.62089970633,1.9));
#8338=CARTESIAN_POINT('Ctrl Pts',(25.3470102865312,117.82493965306,2.5));
#8339=CARTESIAN_POINT('Ctrl Pts',(25.3470102865312,117.82493965306,1.9));
#8340=CARTESIAN_POINT('Ctrl Pts',(25.3464724926438,117.788998805279,2.5));
#8341=CARTESIAN_POINT('Ctrl Pts',(25.3464724926438,117.788998805279,1.9));
#8342=CARTESIAN_POINT('Ctrl Pts',(25.3456291578184,117.732638609857,2.5));
#8343=CARTESIAN_POINT('Ctrl Pts',(25.3456291578184,117.732638609857,1.9));
#8344=CARTESIAN_POINT('Ctrl Pts',(25.3567087967067,117.677491175939,2.5));
#8345=CARTESIAN_POINT('Ctrl Pts',(25.3567087967067,117.677491175939,1.9));
#8346=CARTESIAN_POINT('Ctrl Pts',(25.3607229594773,117.657511212841,2.5));
#8347=CARTESIAN_POINT('Ctrl Pts',(25.3607229594773,117.657511212841,1.9));
#8348=CARTESIAN_POINT('',(25.3470102865312,117.82493965306,2.5));
#8349=CARTESIAN_POINT('Ctrl Pts',(25.3470102865312,117.82493965306,2.5));
#8350=CARTESIAN_POINT('Ctrl Pts',(25.3464724926438,117.788998805279,2.5));
#8351=CARTESIAN_POINT('Ctrl Pts',(25.3456291578184,117.732638609857,2.5));
#8352=CARTESIAN_POINT('Ctrl Pts',(25.3567087967067,117.677491175939,2.5));
#8353=CARTESIAN_POINT('Ctrl Pts',(25.3607229594773,117.657511212841,2.5));
#8354=CARTESIAN_POINT('',(25.3470102865312,117.82493965306,1.9));
#8355=CARTESIAN_POINT('',(25.3470102865312,117.82493965306,2.5));
#8356=CARTESIAN_POINT('Ctrl Pts',(25.3470102865312,117.82493965306,1.9));
#8357=CARTESIAN_POINT('Ctrl Pts',(25.3464724926438,117.788998805279,1.9));
#8358=CARTESIAN_POINT('Ctrl Pts',(25.3456291578184,117.732638609857,1.9));
#8359=CARTESIAN_POINT('Ctrl Pts',(25.3567087967067,117.677491175939,1.9));
#8360=CARTESIAN_POINT('Ctrl Pts',(25.3607229594773,117.657511212841,1.9));
#8361=CARTESIAN_POINT('Origin',(25.3514325201344,119.324624440532,2.5));
#8362=CARTESIAN_POINT('',(25.3514325201344,119.324624440532,2.5));
#8363=CARTESIAN_POINT('',(25.2788384331176,94.7062397670806,2.5));
#8364=CARTESIAN_POINT('',(25.3514325201344,119.324624440532,1.9));
#8365=CARTESIAN_POINT('',(25.3514325201344,119.324624440532,2.5));
#8366=CARTESIAN_POINT('',(25.3514325201344,119.324624440532,1.9));
#8367=CARTESIAN_POINT('Origin',(24.8313605627026,119.326158015924,2.5));
#8368=CARTESIAN_POINT('',(24.8313605627026,119.326158015924,2.5));
#8369=CARTESIAN_POINT('',(39.9882743683681,119.281463681413,2.5));
#8370=CARTESIAN_POINT('',(24.8313605627026,119.326158015924,1.9));
#8371=CARTESIAN_POINT('',(24.8313605627026,119.326158015924,2.5));
#8372=CARTESIAN_POINT('',(24.8313605627026,119.326158015924,1.9));
#8373=CARTESIAN_POINT('Origin',(24.827870859523,118.142716515351,2.5));
#8374=CARTESIAN_POINT('',(24.827870859523,118.142716515351,2.5));
#8375=CARTESIAN_POINT('',(24.757021624096,94.1160525921866,2.5));
#8376=CARTESIAN_POINT('',(24.827870859523,118.142716515351,1.9));
#8377=CARTESIAN_POINT('',(24.827870859523,118.142716515351,2.5));
#8378=CARTESIAN_POINT('',(24.827870859523,118.142716515351,1.9));
#8379=CARTESIAN_POINT('Ctrl Pts',(24.8389146169,117.698580625781,2.5));
#8380=CARTESIAN_POINT('Ctrl Pts',(24.8389146169,117.698580625781,1.9));
#8381=CARTESIAN_POINT('Ctrl Pts',(24.8355283785583,117.75318731256,2.5));
#8382=CARTESIAN_POINT('Ctrl Pts',(24.8355283785583,117.75318731256,1.9));
#8383=CARTESIAN_POINT('Ctrl Pts',(24.8263583676414,117.901063469922,2.5));
#8384=CARTESIAN_POINT('Ctrl Pts',(24.8263583676414,117.901063469922,1.9));
#8385=CARTESIAN_POINT('Ctrl Pts',(24.8272858631527,118.049250787592,2.5));
#8386=CARTESIAN_POINT('Ctrl Pts',(24.8272858631527,118.049250787592,1.9));
#8387=CARTESIAN_POINT('Ctrl Pts',(24.827870859523,118.142716515351,2.5));
#8388=CARTESIAN_POINT('Ctrl Pts',(24.827870859523,118.142716515351,1.9));
#8389=CARTESIAN_POINT('',(24.8389146169,117.698580625781,2.5));
#8390=CARTESIAN_POINT('Ctrl Pts',(24.8389146169,117.698580625781,2.5));
#8391=CARTESIAN_POINT('Ctrl Pts',(24.8355283785583,117.75318731256,2.5));
#8392=CARTESIAN_POINT('Ctrl Pts',(24.8263583676414,117.901063469922,2.5));
#8393=CARTESIAN_POINT('Ctrl Pts',(24.8272858631527,118.049250787592,2.5));
#8394=CARTESIAN_POINT('Ctrl Pts',(24.827870859523,118.142716515351,2.5));
#8395=CARTESIAN_POINT('',(24.8389146169,117.698580625781,1.9));
#8396=CARTESIAN_POINT('',(24.8389146169,117.698580625781,2.5));
#8397=CARTESIAN_POINT('Ctrl Pts',(24.8389146169,117.698580625781,1.9));
#8398=CARTESIAN_POINT('Ctrl Pts',(24.8355283785583,117.75318731256,1.9));
#8399=CARTESIAN_POINT('Ctrl Pts',(24.8263583676414,117.901063469922,1.9));
#8400=CARTESIAN_POINT('Ctrl Pts',(24.8272858631527,118.049250787592,1.9));
#8401=CARTESIAN_POINT('Ctrl Pts',(24.827870859523,118.142716515351,1.9));
#8402=CARTESIAN_POINT('Ctrl Pts',(24.9186187270447,117.497603581479,2.5));
#8403=CARTESIAN_POINT('Ctrl Pts',(24.9186187270447,117.497603581479,1.9));
#8404=CARTESIAN_POINT('Ctrl Pts',(24.8984373623726,117.529349530151,2.5));
#8405=CARTESIAN_POINT('Ctrl Pts',(24.8984373623726,117.529349530151,1.9));
#8406=CARTESIAN_POINT('Ctrl Pts',(24.859051021599,117.591305536244,2.5));
#8407=CARTESIAN_POINT('Ctrl Pts',(24.859051021599,117.591305536244,1.9));
#8408=CARTESIAN_POINT('Ctrl Pts',(24.8455148981642,117.663418153921,2.5));
#8409=CARTESIAN_POINT('Ctrl Pts',(24.8455148981642,117.663418153921,1.9));
#8410=CARTESIAN_POINT('Ctrl Pts',(24.8389146169,117.698580625781,2.5));
#8411=CARTESIAN_POINT('Ctrl Pts',(24.8389146169,117.698580625781,1.9));
#8412=CARTESIAN_POINT('',(24.9186187270447,117.497603581479,2.5));
#8413=CARTESIAN_POINT('Ctrl Pts',(24.9186187270447,117.497603581479,2.5));
#8414=CARTESIAN_POINT('Ctrl Pts',(24.8984373623726,117.529349530151,2.5));
#8415=CARTESIAN_POINT('Ctrl Pts',(24.859051021599,117.591305536244,2.5));
#8416=CARTESIAN_POINT('Ctrl Pts',(24.8455148981642,117.663418153921,2.5));
#8417=CARTESIAN_POINT('Ctrl Pts',(24.8389146169,117.698580625781,2.5));
#8418=CARTESIAN_POINT('',(24.9186187270447,117.497603581479,1.9));
#8419=CARTESIAN_POINT('',(24.9186187270447,117.497603581479,2.5));
#8420=CARTESIAN_POINT('Ctrl Pts',(24.9186187270447,117.497603581479,1.9));
#8421=CARTESIAN_POINT('Ctrl Pts',(24.8984373623726,117.529349530151,1.9));
#8422=CARTESIAN_POINT('Ctrl Pts',(24.859051021599,117.591305536244,1.9));
#8423=CARTESIAN_POINT('Ctrl Pts',(24.8455148981642,117.663418153921,1.9));
#8424=CARTESIAN_POINT('Ctrl Pts',(24.8389146169,117.698580625781,1.9));
#8425=CARTESIAN_POINT('Ctrl Pts',(25.1232273611321,117.342583153113,2.5));
#8426=CARTESIAN_POINT('Ctrl Pts',(25.1232273611321,117.342583153113,1.9));
#8427=CARTESIAN_POINT('Ctrl Pts',(25.0813180733509,117.362815467682,2.5));
#8428=CARTESIAN_POINT('Ctrl Pts',(25.0813180733509,117.362815467682,1.9));
#8429=CARTESIAN_POINT('Ctrl Pts',(25.0025748491637,117.40082989757,2.5));
#8430=CARTESIAN_POINT('Ctrl Pts',(25.0025748491637,117.40082989757,1.9));
#8431=CARTESIAN_POINT('Ctrl Pts',(24.9453751765643,117.466762230986,2.5));
#8432=CARTESIAN_POINT('Ctrl Pts',(24.9453751765643,117.466762230986,1.9));
#8433=CARTESIAN_POINT('Ctrl Pts',(24.9186187270447,117.497603581479,2.5));
#8434=CARTESIAN_POINT('Ctrl Pts',(24.9186187270447,117.497603581479,1.9));
#8435=CARTESIAN_POINT('',(25.1232273611321,117.342583153113,2.5));
#8436=CARTESIAN_POINT('Ctrl Pts',(25.1232273611321,117.342583153113,2.5));
#8437=CARTESIAN_POINT('Ctrl Pts',(25.0813180733509,117.362815467682,2.5));
#8438=CARTESIAN_POINT('Ctrl Pts',(25.0025748491637,117.40082989757,2.5));
#8439=CARTESIAN_POINT('Ctrl Pts',(24.9453751765643,117.466762230986,2.5));
#8440=CARTESIAN_POINT('Ctrl Pts',(24.9186187270447,117.497603581479,2.5));
#8441=CARTESIAN_POINT('',(25.1232273611321,117.342583153113,1.9));
#8442=CARTESIAN_POINT('',(25.1232273611321,117.342583153113,2.5));
#8443=CARTESIAN_POINT('Ctrl Pts',(25.1232273611321,117.342583153113,1.9));
#8444=CARTESIAN_POINT('Ctrl Pts',(25.0813180733509,117.362815467682,1.9));
#8445=CARTESIAN_POINT('Ctrl Pts',(25.0025748491637,117.40082989757,1.9));
#8446=CARTESIAN_POINT('Ctrl Pts',(24.9453751765643,117.466762230986,1.9));
#8447=CARTESIAN_POINT('Ctrl Pts',(24.9186187270447,117.497603581479,1.9));
#8448=CARTESIAN_POINT('Ctrl Pts',(25.4392957985223,117.282354987769,2.5));
#8449=CARTESIAN_POINT('Ctrl Pts',(25.4392957985223,117.282354987769,1.9));
#8450=CARTESIAN_POINT('Ctrl Pts',(25.3825235010079,117.284497895323,2.5));
#8451=CARTESIAN_POINT('Ctrl Pts',(25.3825235010079,117.284497895323,1.9));
#8452=CARTESIAN_POINT('Ctrl Pts',(25.2740424803109,117.288592582502,2.5));
#8453=CARTESIAN_POINT('Ctrl Pts',(25.2740424803109,117.288592582502,1.9));
#8454=CARTESIAN_POINT('Ctrl Pts',(25.1719099862521,117.325155174251,2.5));
#8455=CARTESIAN_POINT('Ctrl Pts',(25.1719099862521,117.325155174251,1.9));
#8456=CARTESIAN_POINT('Ctrl Pts',(25.1232273611321,117.342583153113,2.5));
#8457=CARTESIAN_POINT('Ctrl Pts',(25.1232273611321,117.342583153113,1.9));
#8458=CARTESIAN_POINT('',(25.4392957985223,117.282354987769,2.5));
#8459=CARTESIAN_POINT('Ctrl Pts',(25.4392957985223,117.282354987769,2.5));
#8460=CARTESIAN_POINT('Ctrl Pts',(25.3825235010079,117.284497895323,2.5));
#8461=CARTESIAN_POINT('Ctrl Pts',(25.2740424803109,117.288592582502,2.5));
#8462=CARTESIAN_POINT('Ctrl Pts',(25.1719099862521,117.325155174251,2.5));
#8463=CARTESIAN_POINT('Ctrl Pts',(25.1232273611321,117.342583153113,2.5));
#8464=CARTESIAN_POINT('',(25.4392957985223,117.282354987769,1.9));
#8465=CARTESIAN_POINT('',(25.4392957985223,117.282354987769,2.5));
#8466=CARTESIAN_POINT('Ctrl Pts',(25.4392957985223,117.282354987769,1.9));
#8467=CARTESIAN_POINT('Ctrl Pts',(25.3825235010079,117.284497895323,1.9));
#8468=CARTESIAN_POINT('Ctrl Pts',(25.2740424803109,117.288592582502,1.9));
#8469=CARTESIAN_POINT('Ctrl Pts',(25.1719099862521,117.325155174251,1.9));
#8470=CARTESIAN_POINT('Ctrl Pts',(25.1232273611321,117.342583153113,1.9));
#8471=CARTESIAN_POINT('Ctrl Pts',(25.7204797943188,117.331557003568,2.5));
#8472=CARTESIAN_POINT('Ctrl Pts',(25.7204797943188,117.331557003568,1.9));
#8473=CARTESIAN_POINT('Ctrl Pts',(25.677529979268,117.317104293771,2.5));
#8474=CARTESIAN_POINT('Ctrl Pts',(25.677529979268,117.317104293771,1.9));
#8475=CARTESIAN_POINT('Ctrl Pts',(25.5863835116781,117.286433301508,2.5));
#8476=CARTESIAN_POINT('Ctrl Pts',(25.5863835116781,117.286433301508,1.9));
#8477=CARTESIAN_POINT('Ctrl Pts',(25.4901711872547,117.283765614071,2.5));
#8478=CARTESIAN_POINT('Ctrl Pts',(25.4901711872547,117.283765614071,1.9));
#8479=CARTESIAN_POINT('Ctrl Pts',(25.4392957985223,117.282354987769,2.5));
#8480=CARTESIAN_POINT('Ctrl Pts',(25.4392957985223,117.282354987769,1.9));
#8481=CARTESIAN_POINT('',(25.7204797943188,117.331557003568,2.5));
#8482=CARTESIAN_POINT('Ctrl Pts',(25.7204797943188,117.331557003568,2.5));
#8483=CARTESIAN_POINT('Ctrl Pts',(25.677529979268,117.317104293771,2.5));
#8484=CARTESIAN_POINT('Ctrl Pts',(25.5863835116781,117.286433301508,2.5));
#8485=CARTESIAN_POINT('Ctrl Pts',(25.4901711872547,117.283765614071,2.5));
#8486=CARTESIAN_POINT('Ctrl Pts',(25.4392957985223,117.282354987769,2.5));
#8487=CARTESIAN_POINT('',(25.7204797943188,117.331557003568,1.9));
#8488=CARTESIAN_POINT('',(25.7204797943188,117.331557003568,2.5));
#8489=CARTESIAN_POINT('Ctrl Pts',(25.7204797943188,117.331557003568,1.9));
#8490=CARTESIAN_POINT('Ctrl Pts',(25.677529979268,117.317104293771,1.9));
#8491=CARTESIAN_POINT('Ctrl Pts',(25.5863835116781,117.286433301508,1.9));
#8492=CARTESIAN_POINT('Ctrl Pts',(25.4901711872547,117.283765614071,1.9));
#8493=CARTESIAN_POINT('Ctrl Pts',(25.4392957985223,117.282354987769,1.9));
#8494=CARTESIAN_POINT('Ctrl Pts',(25.9130064385113,117.477994350383,2.5));
#8495=CARTESIAN_POINT('Ctrl Pts',(25.9130064385113,117.477994350383,1.9));
#8496=CARTESIAN_POINT('Ctrl Pts',(25.8863683649869,117.447570060063,2.5));
#8497=CARTESIAN_POINT('Ctrl Pts',(25.8863683649869,117.447570060063,1.9));
#8498=CARTESIAN_POINT('Ctrl Pts',(25.8321837200808,117.385683851739,2.5));
#8499=CARTESIAN_POINT('Ctrl Pts',(25.8321837200808,117.385683851739,1.9));
#8500=CARTESIAN_POINT('Ctrl Pts',(25.7581283245178,117.349799838491,2.5));
#8501=CARTESIAN_POINT('Ctrl Pts',(25.7581283245178,117.349799838491,1.9));
#8502=CARTESIAN_POINT('Ctrl Pts',(25.7204797943188,117.331557003568,2.5));
#8503=CARTESIAN_POINT('Ctrl Pts',(25.7204797943188,117.331557003568,1.9));
#8504=CARTESIAN_POINT('',(25.9130064385113,117.477994350383,2.5));
#8505=CARTESIAN_POINT('Ctrl Pts',(25.9130064385113,117.477994350383,2.5));
#8506=CARTESIAN_POINT('Ctrl Pts',(25.8863683649869,117.447570060063,2.5));
#8507=CARTESIAN_POINT('Ctrl Pts',(25.8321837200808,117.385683851739,2.5));
#8508=CARTESIAN_POINT('Ctrl Pts',(25.7581283245178,117.349799838491,2.5));
#8509=CARTESIAN_POINT('Ctrl Pts',(25.7204797943188,117.331557003568,2.5));
#8510=CARTESIAN_POINT('',(25.9130064385113,117.477994350383,1.9));
#8511=CARTESIAN_POINT('',(25.9130064385113,117.477994350383,2.5));
#8512=CARTESIAN_POINT('Ctrl Pts',(25.9130064385113,117.477994350383,1.9));
#8513=CARTESIAN_POINT('Ctrl Pts',(25.8863683649869,117.447570060063,1.9));
#8514=CARTESIAN_POINT('Ctrl Pts',(25.8321837200808,117.385683851739,1.9));
#8515=CARTESIAN_POINT('Ctrl Pts',(25.7581283245178,117.349799838491,1.9));
#8516=CARTESIAN_POINT('Ctrl Pts',(25.7204797943188,117.331557003568,1.9));
#8517=CARTESIAN_POINT('Ctrl Pts',(26.001271624129,117.666740332414,2.5));
#8518=CARTESIAN_POINT('Ctrl Pts',(26.001271624129,117.666740332414,1.9));
#8519=CARTESIAN_POINT('Ctrl Pts',(25.9930717295777,117.634915493451,2.5));
#8520=CARTESIAN_POINT('Ctrl Pts',(25.9930717295777,117.634915493451,1.9));
#8521=CARTESIAN_POINT('Ctrl Pts',(25.9754680224816,117.566593255894,2.5));
#8522=CARTESIAN_POINT('Ctrl Pts',(25.9754680224816,117.566593255894,1.9));
#8523=CARTESIAN_POINT('Ctrl Pts',(25.9347550860998,117.508843814169,2.5));
#8524=CARTESIAN_POINT('Ctrl Pts',(25.9347550860998,117.508843814169,1.9));
#8525=CARTESIAN_POINT('Ctrl Pts',(25.9130064385113,117.477994350383,2.5));
#8526=CARTESIAN_POINT('Ctrl Pts',(25.9130064385113,117.477994350383,1.9));
#8527=CARTESIAN_POINT('',(26.001271624129,117.666740332414,2.5));
#8528=CARTESIAN_POINT('Ctrl Pts',(26.001271624129,117.666740332414,2.5));
#8529=CARTESIAN_POINT('Ctrl Pts',(25.9930717295777,117.634915493451,2.5));
#8530=CARTESIAN_POINT('Ctrl Pts',(25.9754680224816,117.566593255894,2.5));
#8531=CARTESIAN_POINT('Ctrl Pts',(25.9347550860998,117.508843814169,2.5));
#8532=CARTESIAN_POINT('Ctrl Pts',(25.9130064385113,117.477994350383,2.5));
#8533=CARTESIAN_POINT('',(26.001271624129,117.666740332414,1.9));
#8534=CARTESIAN_POINT('',(26.001271624129,117.666740332414,2.5));
#8535=CARTESIAN_POINT('Ctrl Pts',(26.001271624129,117.666740332414,1.9));
#8536=CARTESIAN_POINT('Ctrl Pts',(25.9930717295777,117.634915493451,1.9));
#8537=CARTESIAN_POINT('Ctrl Pts',(25.9754680224816,117.566593255894,1.9));
#8538=CARTESIAN_POINT('Ctrl Pts',(25.9347550860998,117.508843814169,1.9));
#8539=CARTESIAN_POINT('Ctrl Pts',(25.9130064385113,117.477994350383,1.9));
#8540=CARTESIAN_POINT('Ctrl Pts',(26.0170374683062,117.986028307299,2.5));
#8541=CARTESIAN_POINT('Ctrl Pts',(26.0170374683062,117.986028307299,1.9));
#8542=CARTESIAN_POINT('Ctrl Pts',(26.016955183714,117.921461532018,2.5));
#8543=CARTESIAN_POINT('Ctrl Pts',(26.016955183714,117.921461532018,1.9));
#8544=CARTESIAN_POINT('Ctrl Pts',(26.0168191794937,117.814742233901,2.5));
#8545=CARTESIAN_POINT('Ctrl Pts',(26.0168191794937,117.814742233901,1.9));
#8546=CARTESIAN_POINT('Ctrl Pts',(26.0056738587384,117.708646540669,2.5));
#8547=CARTESIAN_POINT('Ctrl Pts',(26.0056738587384,117.708646540669,1.9));
#8548=CARTESIAN_POINT('Ctrl Pts',(26.001271624129,117.666740332414,2.5));
#8549=CARTESIAN_POINT('Ctrl Pts',(26.001271624129,117.666740332414,1.9));
#8550=CARTESIAN_POINT('',(26.0170374683062,117.986028307299,2.5));
#8551=CARTESIAN_POINT('Ctrl Pts',(26.0170374683062,117.986028307299,2.5));
#8552=CARTESIAN_POINT('Ctrl Pts',(26.016955183714,117.921461532018,2.5));
#8553=CARTESIAN_POINT('Ctrl Pts',(26.0168191794937,117.814742233901,2.5));
#8554=CARTESIAN_POINT('Ctrl Pts',(26.0056738587384,117.708646540669,2.5));
#8555=CARTESIAN_POINT('Ctrl Pts',(26.001271624129,117.666740332414,2.5));
#8556=CARTESIAN_POINT('',(26.0170374683062,117.986028307299,1.9));
#8557=CARTESIAN_POINT('',(26.0170374683062,117.986028307299,2.5));
#8558=CARTESIAN_POINT('Ctrl Pts',(26.0170374683062,117.986028307299,1.9));
#8559=CARTESIAN_POINT('Ctrl Pts',(26.016955183714,117.921461532018,1.9));
#8560=CARTESIAN_POINT('Ctrl Pts',(26.0168191794937,117.814742233901,1.9));
#8561=CARTESIAN_POINT('Ctrl Pts',(26.0056738587384,117.708646540669,1.9));
#8562=CARTESIAN_POINT('Ctrl Pts',(26.001271624129,117.666740332414,1.9));
#8563=CARTESIAN_POINT('Origin',(26.0209788657587,119.322650098741,2.5));
#8564=CARTESIAN_POINT('',(26.0209788657587,119.322650098741,2.5));
#8565=CARTESIAN_POINT('',(25.9483847787419,94.70426542529,2.5));
#8566=CARTESIAN_POINT('',(26.0209788657587,119.322650098741,1.9));
#8567=CARTESIAN_POINT('',(26.0209788657587,119.322650098741,2.5));
#8568=CARTESIAN_POINT('',(26.0209788657587,119.322650098741,1.9));
#8569=CARTESIAN_POINT('Origin',(25.5009067593159,119.324183674573,2.5));
#8570=CARTESIAN_POINT('',(40.3230474666747,119.280476510737,2.5));
#8571=CARTESIAN_POINT('',(25.5009067593159,119.324183674573,1.9));
#8572=CARTESIAN_POINT('Origin',(26.8615872719513,118.306265449081,1.9));
#8573=CARTESIAN_POINT('Origin',(27.0281032848117,118.385766242494,2.5));
#8574=CARTESIAN_POINT('',(27.0281032848117,118.385766242494,2.5));
#8575=CARTESIAN_POINT('',(27.150374685698,119.319319764135,2.5));
#8576=CARTESIAN_POINT('',(24.1487713802136,96.4017992639179,2.5));
#8577=CARTESIAN_POINT('',(27.0281032848117,118.385766242494,1.9));
#8578=CARTESIAN_POINT('',(27.0281032848117,118.385766242494,2.5));
#8579=CARTESIAN_POINT('',(27.150374685698,119.319319764135,1.9));
#8580=CARTESIAN_POINT('',(27.0281032848117,118.385766242494,1.9));
#8581=CARTESIAN_POINT('',(27.150374685698,119.319319764135,2.5));
#8582=CARTESIAN_POINT('Origin',(26.9557541555521,118.894706544661,2.5));
#8583=CARTESIAN_POINT('',(26.9557541555521,118.894706544661,2.5));
#8584=CARTESIAN_POINT('',(30.6400144200845,92.9777597689178,2.5));
#8585=CARTESIAN_POINT('',(26.9557541555521,118.894706544661,1.9));
#8586=CARTESIAN_POINT('',(26.9557541555521,118.894706544661,2.5));
#8587=CARTESIAN_POINT('',(26.9557541555521,118.894706544661,1.9));
#8588=CARTESIAN_POINT('Ctrl Pts',(26.8952801340679,119.320071980672,2.5));
#8589=CARTESIAN_POINT('Ctrl Pts',(26.8952801340679,119.320071980672,1.9));
#8590=CARTESIAN_POINT('Ctrl Pts',(26.905484449387,119.254588255819,2.5));
#8591=CARTESIAN_POINT('Ctrl Pts',(26.905484449387,119.254588255819,1.9));
#8592=CARTESIAN_POINT('Ctrl Pts',(26.9275371480186,119.113070397512,2.5));
#8593=CARTESIAN_POINT('Ctrl Pts',(26.9275371480186,119.113070397512,1.9));
#8594=CARTESIAN_POINT('Ctrl Pts',(26.9458923487301,118.971024422493,2.5));
#8595=CARTESIAN_POINT('Ctrl Pts',(26.9458923487301,118.971024422493,1.9));
#8596=CARTESIAN_POINT('Ctrl Pts',(26.9557541555521,118.894706544661,2.5));
#8597=CARTESIAN_POINT('Ctrl Pts',(26.9557541555521,118.894706544661,1.9));
#8598=CARTESIAN_POINT('',(26.8952801340679,119.320071980672,2.5));
#8599=CARTESIAN_POINT('Ctrl Pts',(26.8952801340679,119.320071980672,2.5));
#8600=CARTESIAN_POINT('Ctrl Pts',(26.905484449387,119.254588255819,2.5));
#8601=CARTESIAN_POINT('Ctrl Pts',(26.9275371480186,119.113070397512,2.5));
#8602=CARTESIAN_POINT('Ctrl Pts',(26.9458923487301,118.971024422493,2.5));
#8603=CARTESIAN_POINT('Ctrl Pts',(26.9557541555521,118.894706544661,2.5));
#8604=CARTESIAN_POINT('',(26.8952801340679,119.320071980672,1.9));
#8605=CARTESIAN_POINT('',(26.8952801340679,119.320071980672,2.5));
#8606=CARTESIAN_POINT('Ctrl Pts',(26.8952801340679,119.320071980672,1.9));
#8607=CARTESIAN_POINT('Ctrl Pts',(26.905484449387,119.254588255819,1.9));
#8608=CARTESIAN_POINT('Ctrl Pts',(26.9275371480186,119.113070397512,1.9));
#8609=CARTESIAN_POINT('Ctrl Pts',(26.9458923487301,118.971024422493,1.9));
#8610=CARTESIAN_POINT('Ctrl Pts',(26.9557541555521,118.894706544661,1.9));
#8611=CARTESIAN_POINT('Origin',(26.2223367854952,119.322056339462,2.5));
#8612=CARTESIAN_POINT('',(26.2223367854952,119.322056339462,2.5));
#8613=CARTESIAN_POINT('',(40.6837624797641,119.279412843182,2.5));
#8614=CARTESIAN_POINT('',(26.2223367854952,119.322056339462,1.9));
#8615=CARTESIAN_POINT('',(26.2223367854952,119.322056339462,2.5));
#8616=CARTESIAN_POINT('',(26.2223367854952,119.322056339462,1.9));
#8617=CARTESIAN_POINT('Origin',(26.216439259816,117.322064855868,2.5));
#8618=CARTESIAN_POINT('',(26.216439259816,117.322064855868,2.5));
#8619=CARTESIAN_POINT('',(26.1467939356388,93.7036759242138,2.5));
#8620=CARTESIAN_POINT('',(26.216439259816,117.322064855868,1.9));
#8621=CARTESIAN_POINT('',(26.216439259816,117.322064855868,2.5));
#8622=CARTESIAN_POINT('',(26.216439259816,117.322064855868,1.9));
#8623=CARTESIAN_POINT('Origin',(26.6710389288551,117.320724343549,2.5));
#8624=CARTESIAN_POINT('',(26.6710389288551,117.320724343549,2.5));
#8625=CARTESIAN_POINT('',(40.9051647886048,117.278751103429,2.5));
#8626=CARTESIAN_POINT('',(26.6710389288551,117.320724343549,1.9));
#8627=CARTESIAN_POINT('',(26.6710389288551,117.320724343549,2.5));
#8628=CARTESIAN_POINT('',(26.6710389288551,117.320724343549,1.9));
#8629=CARTESIAN_POINT('Origin',(26.6755468301157,118.640049803603,2.5));
#8630=CARTESIAN_POINT('',(26.6755468301157,118.640049803603,2.5));
#8631=CARTESIAN_POINT('',(26.5926159231155,94.3686980801489,2.5));
#8632=CARTESIAN_POINT('',(26.6755468301157,118.640049803603,1.9));
#8633=CARTESIAN_POINT('',(26.6755468301157,118.640049803603,2.5));
#8634=CARTESIAN_POINT('',(26.6755468301157,118.640049803603,1.9));
#8635=CARTESIAN_POINT('Origin',(26.8625144414529,117.320159725268,2.5));
#8636=CARTESIAN_POINT('',(26.8625144414529,117.320159725268,2.5));
#8637=CARTESIAN_POINT('',(30.4248769312177,92.1718098477491,2.5));
#8638=CARTESIAN_POINT('',(26.8625144414529,117.320159725268,1.9));
#8639=CARTESIAN_POINT('',(26.8625144414529,117.320159725268,2.5));
#8640=CARTESIAN_POINT('',(26.8625144414529,117.320159725268,1.9));
#8641=CARTESIAN_POINT('Origin',(27.1849342328142,117.31920898172,2.5));
#8642=CARTESIAN_POINT('',(27.1849342328142,117.31920898172,2.5));
#8643=CARTESIAN_POINT('',(41.162112440584,117.277993422515,2.5));
#8644=CARTESIAN_POINT('',(27.1849342328142,117.31920898172,1.9));
#8645=CARTESIAN_POINT('',(27.1849342328142,117.31920898172,2.5));
#8646=CARTESIAN_POINT('',(27.1849342328142,117.31920898172,1.9));
#8647=CARTESIAN_POINT('Origin',(27.3698907079992,118.668885726349,2.5));
#8648=CARTESIAN_POINT('',(27.3698907079992,118.668885726349,2.5));
#8649=CARTESIAN_POINT('',(24.3512813564991,96.6412879427958,2.5));
#8650=CARTESIAN_POINT('',(27.3698907079992,118.668885726349,1.9));
#8651=CARTESIAN_POINT('',(27.3698907079992,118.668885726349,2.5));
#8652=CARTESIAN_POINT('',(27.3698907079992,118.668885726349,1.9));
#8653=CARTESIAN_POINT('Origin',(27.3665270402514,117.318673505318,2.5));
#8654=CARTESIAN_POINT('',(27.3665270402514,117.318673505318,2.5));
#8655=CARTESIAN_POINT('',(27.3076726804694,93.6939038204592,2.5));
#8656=CARTESIAN_POINT('',(27.3665270402514,117.318673505318,1.9));
#8657=CARTESIAN_POINT('',(27.3665270402514,117.318673505318,2.5));
#8658=CARTESIAN_POINT('',(27.3665270402514,117.318673505318,1.9));
#8659=CARTESIAN_POINT('Origin',(27.8211267092905,117.317332992999,2.5));
#8660=CARTESIAN_POINT('',(27.8211267092905,117.317332992999,2.5));
#8661=CARTESIAN_POINT('',(41.4802086788225,117.277055428154,2.5));
#8662=CARTESIAN_POINT('',(27.8211267092905,117.317332992999,1.9));
#8663=CARTESIAN_POINT('',(27.8211267092905,117.317332992999,2.5));
#8664=CARTESIAN_POINT('',(27.8211267092905,117.317332992999,1.9));
#8665=CARTESIAN_POINT('Origin',(27.8270242349697,119.317324476592,2.5));
#8666=CARTESIAN_POINT('',(27.8270242349697,119.317324476592,2.5));
#8667=CARTESIAN_POINT('',(27.7544301479529,94.6989398031411,2.5));
#8668=CARTESIAN_POINT('',(27.8270242349697,119.317324476592,1.9));
#8669=CARTESIAN_POINT('',(27.8270242349697,119.317324476592,2.5));
#8670=CARTESIAN_POINT('',(27.8270242349697,119.317324476592,1.9));
#8671=CARTESIAN_POINT('Origin',(27.150374685698,119.319319764135,2.5));
#8672=CARTESIAN_POINT('',(41.1477814298658,119.278044555518,2.5));
#8673=CARTESIAN_POINT('',(27.150374685698,119.319319764135,1.9));
#8674=CARTESIAN_POINT('Origin',(26.8615872719513,118.306265449081,1.9));
#8675=CARTESIAN_POINT('Origin',(28.029896434381,117.31671737797,2.5));
#8676=CARTESIAN_POINT('',(28.029896434381,117.31671737797,2.5));
#8677=CARTESIAN_POINT('',(28.0357939600603,119.316708861563,2.5));
#8678=CARTESIAN_POINT('',(27.9602511102039,93.6983284463155,2.5));
#8679=CARTESIAN_POINT('',(28.029896434381,117.31671737797,1.9));
#8680=CARTESIAN_POINT('',(28.029896434381,117.31671737797,2.5));
#8681=CARTESIAN_POINT('',(28.0357939600603,119.316708861563,1.9));
#8682=CARTESIAN_POINT('',(28.029896434381,117.31671737797,1.9));
#8683=CARTESIAN_POINT('',(28.0357939600603,119.316708861563,2.5));
#8684=CARTESIAN_POINT('Origin',(28.8662121257454,117.314251270836,2.5));
#8685=CARTESIAN_POINT('',(28.8662121257454,117.314251270836,2.5));
#8686=CARTESIAN_POINT('',(42.0027513870496,117.275514567072,2.5));
#8687=CARTESIAN_POINT('',(28.8662121257454,117.314251270836,1.9));
#8688=CARTESIAN_POINT('',(28.8662121257454,117.314251270836,2.5));
#8689=CARTESIAN_POINT('',(28.8662121257454,117.314251270836,1.9));
#8690=CARTESIAN_POINT('Origin',(28.8673923594941,117.714496657535,2.5));
#8691=CARTESIAN_POINT('',(28.8673923594941,117.714496657535,2.5));
#8692=CARTESIAN_POINT('',(28.7971569184426,93.8959850325312,2.5));
#8693=CARTESIAN_POINT('',(28.8673923594941,117.714496657535,1.9));
#8694=CARTESIAN_POINT('',(28.8673923594941,117.714496657535,2.5));
#8695=CARTESIAN_POINT('',(28.8673923594941,117.714496657535,1.9));
#8696=CARTESIAN_POINT('Origin',(28.5511481785287,117.715429190595,2.5));
#8697=CARTESIAN_POINT('',(28.5511481785287,117.715429190595,2.5));
#8698=CARTESIAN_POINT('',(41.8458095303151,117.676226220302,2.5));
#8699=CARTESIAN_POINT('',(28.5511481785287,117.715429190595,1.9));
#8700=CARTESIAN_POINT('',(28.5511481785287,117.715429190595,2.5));
#8701=CARTESIAN_POINT('',(28.5511481785287,117.715429190595,1.9));
#8702=CARTESIAN_POINT('Origin',(28.5558654704592,119.315175287489,2.5));
#8703=CARTESIAN_POINT('',(28.5558654704592,119.315175287489,2.5));
#8704=CARTESIAN_POINT('',(28.4832713834424,94.6967906140382,2.5));
#8705=CARTESIAN_POINT('',(28.5558654704592,119.315175287489,1.9));
#8706=CARTESIAN_POINT('',(28.5558654704592,119.315175287489,2.5));
#8707=CARTESIAN_POINT('',(28.5558654704592,119.315175287489,1.9));
#8708=CARTESIAN_POINT('Origin',(28.0357939600603,119.316708861563,2.5));
#8709=CARTESIAN_POINT('',(41.590491067047,119.276739104233,2.5));
#8710=CARTESIAN_POINT('',(28.0357939600603,119.316708861563,1.9));
#8711=CARTESIAN_POINT('Origin',(26.8615872719513,118.306265449081,1.9));
#8712=CARTESIAN_POINT('Origin',(29.5158929811505,118.535318165187,2.5));
#8713=CARTESIAN_POINT('',(29.5158929811505,118.535318165187,2.5));
#8714=CARTESIAN_POINT('',(29.7498068796055,119.311654622438,2.5));
#8715=CARTESIAN_POINT('',(23.8730005035489,99.8071314963195,2.5));
#8716=CARTESIAN_POINT('',(29.5158929811505,118.535318165187,1.9));
#8717=CARTESIAN_POINT('',(29.5158929811505,118.535318165187,2.5));
#8718=CARTESIAN_POINT('',(29.7498068796055,119.311654622438,1.9));
#8719=CARTESIAN_POINT('',(29.5158929811505,118.535318165187,1.9));
#8720=CARTESIAN_POINT('',(29.7498068796055,119.311654622438,2.5));
#8721=CARTESIAN_POINT('Origin',(29.5181842370176,119.312337625587,2.5));
#8722=CARTESIAN_POINT('',(29.5181842370176,119.312337625587,2.5));
#8723=CARTESIAN_POINT('',(29.4455901500009,94.6939529521362,2.5));
#8724=CARTESIAN_POINT('',(29.5181842370176,119.312337625587,1.9));
#8725=CARTESIAN_POINT('',(29.5181842370176,119.312337625587,2.5));
#8726=CARTESIAN_POINT('',(29.5181842370176,119.312337625587,1.9));
#8727=CARTESIAN_POINT('Origin',(28.9981121305749,119.313871201419,2.5));
#8728=CARTESIAN_POINT('',(28.9981121305749,119.313871201419,2.5));
#8729=CARTESIAN_POINT('',(42.0716501523042,119.27532027416,2.5));
#8730=CARTESIAN_POINT('',(28.9981121305749,119.313871201419,1.9));
#8731=CARTESIAN_POINT('',(28.9981121305749,119.313871201419,2.5));
#8732=CARTESIAN_POINT('',(28.9981121305749,119.313871201419,1.9));
#8733=CARTESIAN_POINT('Origin',(28.9922146048956,117.313879717825,2.5));
#8734=CARTESIAN_POINT('',(28.9922146048956,117.313879717825,2.5));
#8735=CARTESIAN_POINT('',(28.9225692807185,93.6954907861711,2.5));
#8736=CARTESIAN_POINT('',(28.9922146048956,117.313879717825,1.9));
#8737=CARTESIAN_POINT('',(28.9922146048956,117.313879717825,2.5));
#8738=CARTESIAN_POINT('',(28.9922146048956,117.313879717825,1.9));
#8739=CARTESIAN_POINT('Origin',(29.5122867113384,117.312346141994,2.5));
#8740=CARTESIAN_POINT('',(29.5122867113384,117.312346141994,2.5));
#8741=CARTESIAN_POINT('',(42.3257886798464,117.274562002651,2.5));
#8742=CARTESIAN_POINT('',(29.5122867113384,117.312346141994,1.9));
#8743=CARTESIAN_POINT('',(29.5122867113384,117.312346141994,2.5));
#8744=CARTESIAN_POINT('',(29.5122867113384,117.312346141994,1.9));
#8745=CARTESIAN_POINT('Origin',(29.514814742656,118.169661799517,2.5));
#8746=CARTESIAN_POINT('',(29.514814742656,118.169661799517,2.5));
#8747=CARTESIAN_POINT('',(29.44390540282,94.122615039101,2.5));
#8748=CARTESIAN_POINT('',(29.514814742656,118.169661799517,1.9));
#8749=CARTESIAN_POINT('',(29.514814742656,118.169661799517,2.5));
#8750=CARTESIAN_POINT('',(29.514814742656,118.169661799517,1.9));
#8751=CARTESIAN_POINT('Origin',(29.7229095367785,117.311725062588,2.5));
#8752=CARTESIAN_POINT('',(29.7229095367785,117.311725062588,2.5));
#8753=CARTESIAN_POINT('',(35.8441266552702,92.0750675920505,2.5));
#8754=CARTESIAN_POINT('',(29.7229095367785,117.311725062588,1.9));
#8755=CARTESIAN_POINT('',(29.7229095367785,117.311725062588,2.5));
#8756=CARTESIAN_POINT('',(29.7229095367785,117.311725062588,1.9));
#8757=CARTESIAN_POINT('Origin',(30.2602752596701,117.310140491766,2.5));
#8758=CARTESIAN_POINT('',(30.2602752596701,117.310140491766,2.5));
#8759=CARTESIAN_POINT('',(42.6997829540126,117.273459177537,2.5));
#8760=CARTESIAN_POINT('',(30.2602752596701,117.310140491766,1.9));
#8761=CARTESIAN_POINT('',(30.2602752596701,117.310140491766,2.5));
#8762=CARTESIAN_POINT('',(30.2602752596701,117.310140491766,1.9));
#8763=CARTESIAN_POINT('Origin',(29.9367670768233,118.408072782171,2.5));
#8764=CARTESIAN_POINT('',(29.9367670768233,118.408072782171,2.5));
#8765=CARTESIAN_POINT('',(37.4999031578615,92.740062634717,2.5));
#8766=CARTESIAN_POINT('',(29.9367670768233,118.408072782171,1.9));
#8767=CARTESIAN_POINT('',(29.9367670768233,118.408072782171,2.5));
#8768=CARTESIAN_POINT('',(29.9367670768233,118.408072782171,1.9));
#8769=CARTESIAN_POINT('Origin',(30.2377605668036,119.31021575661,2.5));
#8770=CARTESIAN_POINT('',(30.2377605668036,119.31021575661,2.5));
#8771=CARTESIAN_POINT('',(24.0759181105011,100.84183332774,2.5));
#8772=CARTESIAN_POINT('',(30.2377605668036,119.31021575661,1.9));
#8773=CARTESIAN_POINT('',(30.2377605668036,119.31021575661,2.5));
#8774=CARTESIAN_POINT('',(30.2377605668036,119.31021575661,1.9));
#8775=CARTESIAN_POINT('Origin',(29.7498068796056,119.311654622438,2.5));
#8776=CARTESIAN_POINT('',(42.4474975268198,119.27421198467,2.5));
#8777=CARTESIAN_POINT('',(29.7498068796056,119.311654622438,1.9));
#8778=CARTESIAN_POINT('Origin',(26.8615872719513,118.306265449081,1.9));
#8779=CARTESIAN_POINT('Origin',(24.1925124858961,118.427481922045,2.5));
#8780=CARTESIAN_POINT('',(24.1925124858961,118.427481922045,2.5));
#8781=CARTESIAN_POINT('',(24.1951680117208,119.328034004865,2.5));
#8782=CARTESIAN_POINT('',(24.1212461617917,94.259373290004,2.5));
#8783=CARTESIAN_POINT('',(24.1925124858961,118.427481922045,1.9));
#8784=CARTESIAN_POINT('',(24.1925124858961,118.427481922045,2.5));
#8785=CARTESIAN_POINT('',(24.1951680117208,119.328034004865,1.9));
#8786=CARTESIAN_POINT('',(24.1925124858961,118.427481922045,1.9));
#8787=CARTESIAN_POINT('',(24.1951680117208,119.328034004865,2.5));
#8788=CARTESIAN_POINT('Origin',(23.9036313014591,119.328893681144,2.5));
#8789=CARTESIAN_POINT('',(23.9036313014592,119.328893681144,2.5));
#8790=CARTESIAN_POINT('',(32.5199429178782,92.4429453067625,2.5));
#8791=CARTESIAN_POINT('',(23.9036313014592,119.328893681144,1.9));
#8792=CARTESIAN_POINT('',(23.9036313014592,119.328893681144,2.5));
#8793=CARTESIAN_POINT('',(23.9036313014591,119.328893681144,1.9));
#8794=CARTESIAN_POINT('Origin',(23.4687968099117,119.330175910394,2.5));
#8795=CARTESIAN_POINT('',(23.4687968099117,119.330175910394,2.5));
#8796=CARTESIAN_POINT('',(39.3069924919725,119.283472628648,2.5));
#8797=CARTESIAN_POINT('',(23.4687968099117,119.330175910394,1.9));
#8798=CARTESIAN_POINT('',(23.4687968099117,119.330175910394,2.5));
#8799=CARTESIAN_POINT('',(23.4687968099117,119.330175910394,1.9));
#8800=CARTESIAN_POINT('Origin',(23.4628992842325,117.3301844268,2.5));
#8801=CARTESIAN_POINT('',(23.4628992842325,117.3301844268,2.5));
#8802=CARTESIAN_POINT('',(23.3932539600553,93.711795495146,2.5));
#8803=CARTESIAN_POINT('',(23.4628992842325,117.3301844268,1.9));
#8804=CARTESIAN_POINT('',(23.4628992842325,117.3301844268,2.5));
#8805=CARTESIAN_POINT('',(23.4628992842325,117.3301844268,1.9));
#8806=CARTESIAN_POINT('Origin',(23.8977337757799,117.32890219755,2.5));
#8807=CARTESIAN_POINT('',(23.8977337757799,117.32890219755,2.5));
#8808=CARTESIAN_POINT('',(39.518512212067,117.282840030429,2.5));
#8809=CARTESIAN_POINT('',(23.8977337757799,117.32890219755,1.9));
#8810=CARTESIAN_POINT('',(23.8977337757799,117.32890219755,2.5));
#8811=CARTESIAN_POINT('',(23.8977337757799,117.32890219755,1.9));
#8812=CARTESIAN_POINT('Origin',(23.9004148004182,118.238101535628,2.5));
#8813=CARTESIAN_POINT('',(23.9004148004182,118.238101535628,2.5));
#8814=CARTESIAN_POINT('',(23.8294289639219,94.165112934935,2.5));
#8815=CARTESIAN_POINT('',(23.9004148004182,118.238101535628,1.9));
#8816=CARTESIAN_POINT('',(23.9004148004182,118.238101535628,2.5));
#8817=CARTESIAN_POINT('',(23.9004148004182,118.238101535628,1.9));
#8818=CARTESIAN_POINT('Origin',(24.1682699238389,117.328104447213,2.5));
#8819=CARTESIAN_POINT('',(24.1682699238389,117.328104447213,2.5));
#8820=CARTESIAN_POINT('',(31.8074890526145,91.3750180317898,2.5));
#8821=CARTESIAN_POINT('',(24.1682699238389,117.328104447213,1.9));
#8822=CARTESIAN_POINT('',(24.1682699238389,117.328104447213,2.5));
#8823=CARTESIAN_POINT('',(24.1682699238389,117.328104447213,1.9));
#8824=CARTESIAN_POINT('Origin',(24.6241049682759,117.326760292049,2.5));
#8825=CARTESIAN_POINT('',(24.6241049682759,117.326760292049,2.5));
#8826=CARTESIAN_POINT('',(39.8816978083147,117.281769077679,2.5));
#8827=CARTESIAN_POINT('',(24.6241049682759,117.326760292049,1.9));
#8828=CARTESIAN_POINT('',(24.6241049682759,117.326760292049,2.5));
#8829=CARTESIAN_POINT('',(24.6241049682759,117.326760292049,1.9));
#8830=CARTESIAN_POINT('Origin',(24.6300024939551,119.326751775643,2.5));
#8831=CARTESIAN_POINT('',(24.6300024939551,119.326751775643,2.5));
#8832=CARTESIAN_POINT('',(24.5574084069383,94.7083671021918,2.5));
#8833=CARTESIAN_POINT('',(24.6300024939551,119.326751775643,1.9));
#8834=CARTESIAN_POINT('',(24.6300024939551,119.326751775643,2.5));
#8835=CARTESIAN_POINT('',(24.6300024939551,119.326751775643,1.9));
#8836=CARTESIAN_POINT('Origin',(24.1951680117208,119.328034004865,2.5));
#8837=CARTESIAN_POINT('',(39.6701780928771,119.282401675884,2.5));
#8838=CARTESIAN_POINT('',(24.1951680117208,119.328034004865,1.9));
#8839=CARTESIAN_POINT('Origin',(26.8615872719513,118.306265449081,1.9));
#8840=CARTESIAN_POINT('Ctrl Pts',(39.8354184075532,119.124487811534,2.5));
#8841=CARTESIAN_POINT('Ctrl Pts',(39.8354184075532,119.124487811534,1.9));
#8842=CARTESIAN_POINT('Ctrl Pts',(39.8486805828345,119.080002539577,2.5));
#8843=CARTESIAN_POINT('Ctrl Pts',(39.8486805828345,119.080002539577,1.9));
#8844=CARTESIAN_POINT('Ctrl Pts',(39.8814614559279,118.970045762228,2.5));
#8845=CARTESIAN_POINT('Ctrl Pts',(39.8814614559279,118.970045762228,1.9));
#8846=CARTESIAN_POINT('Ctrl Pts',(39.8810134276391,118.854994577199,2.5));
#8847=CARTESIAN_POINT('Ctrl Pts',(39.8810134276391,118.854994577199,1.9));
#8848=CARTESIAN_POINT('Ctrl Pts',(39.8807466583936,118.786489711356,2.5));
#8849=CARTESIAN_POINT('Ctrl Pts',(39.8807466583936,118.786489711356,1.9));
#8850=CARTESIAN_POINT('',(39.8354184075532,119.124487811534,2.5));
#8851=CARTESIAN_POINT('',(39.8807466583936,118.786489711356,2.5));
#8852=CARTESIAN_POINT('Ctrl Pts',(39.8354184075532,119.124487811534,2.5));
#8853=CARTESIAN_POINT('Ctrl Pts',(39.8486805828345,119.080002539577,2.5));
#8854=CARTESIAN_POINT('Ctrl Pts',(39.8814614559279,118.970045762228,2.5));
#8855=CARTESIAN_POINT('Ctrl Pts',(39.8810134276391,118.854994577199,2.5));
#8856=CARTESIAN_POINT('Ctrl Pts',(39.8807466583936,118.786489711356,2.5));
#8857=CARTESIAN_POINT('',(39.8354184075532,119.124487811534,1.9));
#8858=CARTESIAN_POINT('',(39.8354184075532,119.124487811534,2.5));
#8859=CARTESIAN_POINT('',(39.8807466583936,118.786489711356,1.9));
#8860=CARTESIAN_POINT('Ctrl Pts',(39.8354184075532,119.124487811534,1.9));
#8861=CARTESIAN_POINT('Ctrl Pts',(39.8486805828345,119.080002539577,1.9));
#8862=CARTESIAN_POINT('Ctrl Pts',(39.8814614559279,118.970045762228,1.9));
#8863=CARTESIAN_POINT('Ctrl Pts',(39.8810134276391,118.854994577199,1.9));
#8864=CARTESIAN_POINT('Ctrl Pts',(39.8807466583936,118.786489711356,1.9));
#8865=CARTESIAN_POINT('',(39.8807466583936,118.786489711356,2.5));
#8866=CARTESIAN_POINT('Ctrl Pts',(39.6468997963887,119.289960942923,2.5));
#8867=CARTESIAN_POINT('Ctrl Pts',(39.6468997963887,119.289960942923,1.9));
#8868=CARTESIAN_POINT('Ctrl Pts',(39.6893874420329,119.268522334414,2.5));
#8869=CARTESIAN_POINT('Ctrl Pts',(39.6893874420329,119.268522334414,1.9));
#8870=CARTESIAN_POINT('Ctrl Pts',(39.7668404610526,119.229440739577,2.5));
#8871=CARTESIAN_POINT('Ctrl Pts',(39.7668404610526,119.229440739577,1.9));
#8872=CARTESIAN_POINT('Ctrl Pts',(39.8140886815749,119.157131209449,2.5));
#8873=CARTESIAN_POINT('Ctrl Pts',(39.8140886815749,119.157131209449,1.9));
#8874=CARTESIAN_POINT('Ctrl Pts',(39.8354184075532,119.124487811534,2.5));
#8875=CARTESIAN_POINT('Ctrl Pts',(39.8354184075532,119.124487811534,1.9));
#8876=CARTESIAN_POINT('',(39.6468997963887,119.289960942923,2.5));
#8877=CARTESIAN_POINT('Ctrl Pts',(39.6468997963887,119.289960942923,2.5));
#8878=CARTESIAN_POINT('Ctrl Pts',(39.6893874420329,119.268522334414,2.5));
#8879=CARTESIAN_POINT('Ctrl Pts',(39.7668404610526,119.229440739577,2.5));
#8880=CARTESIAN_POINT('Ctrl Pts',(39.8140886815749,119.157131209449,2.5));
#8881=CARTESIAN_POINT('Ctrl Pts',(39.8354184075532,119.124487811534,2.5));
#8882=CARTESIAN_POINT('',(39.6468997963887,119.289960942923,1.9));
#8883=CARTESIAN_POINT('',(39.6468997963887,119.289960942923,2.5));
#8884=CARTESIAN_POINT('Ctrl Pts',(39.6468997963887,119.289960942923,1.9));
#8885=CARTESIAN_POINT('Ctrl Pts',(39.6893874420329,119.268522334414,1.9));
#8886=CARTESIAN_POINT('Ctrl Pts',(39.7668404610526,119.229440739577,1.9));
#8887=CARTESIAN_POINT('Ctrl Pts',(39.8140886815749,119.157131209449,1.9));
#8888=CARTESIAN_POINT('Ctrl Pts',(39.8354184075532,119.124487811534,1.9));
#8889=CARTESIAN_POINT('Ctrl Pts',(39.3018195545593,119.356451364742,2.5));
#8890=CARTESIAN_POINT('Ctrl Pts',(39.3018195545593,119.356451364742,1.9));
#8891=CARTESIAN_POINT('Ctrl Pts',(39.3650454270922,119.354328560548,2.5));
#8892=CARTESIAN_POINT('Ctrl Pts',(39.3650454270922,119.354328560548,1.9));
#8893=CARTESIAN_POINT('Ctrl Pts',(39.4837086685789,119.350344450617,2.5));
#8894=CARTESIAN_POINT('Ctrl Pts',(39.4837086685789,119.350344450617,1.9));
#8895=CARTESIAN_POINT('Ctrl Pts',(39.5949362407211,119.309188347044,2.5));
#8896=CARTESIAN_POINT('Ctrl Pts',(39.5949362407211,119.309188347044,1.9));
#8897=CARTESIAN_POINT('Ctrl Pts',(39.6468997963887,119.289960942923,2.5));
#8898=CARTESIAN_POINT('Ctrl Pts',(39.6468997963887,119.289960942923,1.9));
#8899=CARTESIAN_POINT('',(39.3018195545593,119.356451364742,2.5));
#8900=CARTESIAN_POINT('Ctrl Pts',(39.3018195545593,119.356451364742,2.5));
#8901=CARTESIAN_POINT('Ctrl Pts',(39.3650454270922,119.354328560548,2.5));
#8902=CARTESIAN_POINT('Ctrl Pts',(39.4837086685789,119.350344450617,2.5));
#8903=CARTESIAN_POINT('Ctrl Pts',(39.5949362407211,119.309188347044,2.5));
#8904=CARTESIAN_POINT('Ctrl Pts',(39.6468997963887,119.289960942923,2.5));
#8905=CARTESIAN_POINT('',(39.3018195545593,119.356451364742,1.9));
#8906=CARTESIAN_POINT('',(39.3018195545593,119.356451364742,2.5));
#8907=CARTESIAN_POINT('Ctrl Pts',(39.3018195545593,119.356451364742,1.9));
#8908=CARTESIAN_POINT('Ctrl Pts',(39.3650454270922,119.354328560548,1.9));
#8909=CARTESIAN_POINT('Ctrl Pts',(39.4837086685789,119.350344450617,1.9));
#8910=CARTESIAN_POINT('Ctrl Pts',(39.5949362407211,119.309188347044,1.9));
#8911=CARTESIAN_POINT('Ctrl Pts',(39.6468997963887,119.289960942923,1.9));
#8912=CARTESIAN_POINT('Ctrl Pts',(38.9853998948598,119.297470608921,2.5));
#8913=CARTESIAN_POINT('Ctrl Pts',(38.9853998948598,119.297470608921,1.9));
#8914=CARTESIAN_POINT('Ctrl Pts',(39.0331418452382,119.314784966044,2.5));
#8915=CARTESIAN_POINT('Ctrl Pts',(39.0331418452382,119.314784966044,1.9));
#8916=CARTESIAN_POINT('Ctrl Pts',(39.1352513542539,119.35181655966,2.5));
#8917=CARTESIAN_POINT('Ctrl Pts',(39.1352513542539,119.35181655966,1.9));
#8918=CARTESIAN_POINT('Ctrl Pts',(39.2439458575822,119.35484101352,2.5));
#8919=CARTESIAN_POINT('Ctrl Pts',(39.2439458575822,119.35484101352,1.9));
#8920=CARTESIAN_POINT('Ctrl Pts',(39.3018195545593,119.356451364742,2.5));
#8921=CARTESIAN_POINT('Ctrl Pts',(39.3018195545593,119.356451364742,1.9));
#8922=CARTESIAN_POINT('',(38.9853998948598,119.297470608921,2.5));
#8923=CARTESIAN_POINT('Ctrl Pts',(38.9853998948598,119.297470608921,2.5));
#8924=CARTESIAN_POINT('Ctrl Pts',(39.0331418452382,119.314784966044,2.5));
#8925=CARTESIAN_POINT('Ctrl Pts',(39.1352513542539,119.35181655966,2.5));
#8926=CARTESIAN_POINT('Ctrl Pts',(39.2439458575822,119.35484101352,2.5));
#8927=CARTESIAN_POINT('Ctrl Pts',(39.3018195545593,119.356451364742,2.5));
#8928=CARTESIAN_POINT('',(38.9853998948598,119.297470608921,1.9));
#8929=CARTESIAN_POINT('',(38.9853998948598,119.297470608921,2.5));
#8930=CARTESIAN_POINT('Ctrl Pts',(38.9853998948598,119.297470608921,1.9));
#8931=CARTESIAN_POINT('Ctrl Pts',(39.0331418452382,119.314784966044,1.9));
#8932=CARTESIAN_POINT('Ctrl Pts',(39.1352513542539,119.35181655966,1.9));
#8933=CARTESIAN_POINT('Ctrl Pts',(39.2439458575822,119.35484101352,1.9));
#8934=CARTESIAN_POINT('Ctrl Pts',(39.3018195545593,119.356451364742,1.9));
#8935=CARTESIAN_POINT('Ctrl Pts',(38.7952872418766,119.131878515442,2.5));
#8936=CARTESIAN_POINT('Ctrl Pts',(38.7952872418766,119.131878515442,1.9));
#8937=CARTESIAN_POINT('Ctrl Pts',(38.8188856418013,119.165702950759,2.5));
#8938=CARTESIAN_POINT('Ctrl Pts',(38.8188856418013,119.165702950759,1.9));
#8939=CARTESIAN_POINT('Ctrl Pts',(38.8683589892662,119.236614878965,2.5));
#8940=CARTESIAN_POINT('Ctrl Pts',(38.8683589892662,119.236614878965,1.9));
#8941=CARTESIAN_POINT('Ctrl Pts',(38.9452075150311,119.276572474198,2.5));
#8942=CARTESIAN_POINT('Ctrl Pts',(38.9452075150311,119.276572474198,1.9));
#8943=CARTESIAN_POINT('Ctrl Pts',(38.9853998948598,119.297470608921,2.5));
#8944=CARTESIAN_POINT('Ctrl Pts',(38.9853998948598,119.297470608921,1.9));
#8945=CARTESIAN_POINT('',(38.7952872418766,119.131878515442,2.5));
#8946=CARTESIAN_POINT('Ctrl Pts',(38.7952872418766,119.131878515442,2.5));
#8947=CARTESIAN_POINT('Ctrl Pts',(38.8188856418013,119.165702950759,2.5));
#8948=CARTESIAN_POINT('Ctrl Pts',(38.8683589892662,119.236614878965,2.5));
#8949=CARTESIAN_POINT('Ctrl Pts',(38.9452075150311,119.276572474198,2.5));
#8950=CARTESIAN_POINT('Ctrl Pts',(38.9853998948598,119.297470608921,2.5));
#8951=CARTESIAN_POINT('',(38.7952872418766,119.131878515442,1.9));
#8952=CARTESIAN_POINT('',(38.7952872418766,119.131878515442,2.5));
#8953=CARTESIAN_POINT('Ctrl Pts',(38.7952872418766,119.131878515442,1.9));
#8954=CARTESIAN_POINT('Ctrl Pts',(38.8188856418013,119.165702950759,1.9));
#8955=CARTESIAN_POINT('Ctrl Pts',(38.8683589892662,119.236614878965,1.9));
#8956=CARTESIAN_POINT('Ctrl Pts',(38.9452075150311,119.276572474198,1.9));
#8957=CARTESIAN_POINT('Ctrl Pts',(38.9853998948598,119.297470608921,1.9));
#8958=CARTESIAN_POINT('Ctrl Pts',(38.7356185931133,118.796043144001,2.5));
#8959=CARTESIAN_POINT('Ctrl Pts',(38.7356185931133,118.796043144001,1.9));
#8960=CARTESIAN_POINT('Ctrl Pts',(38.7362281078457,118.863208706826,2.5));
#8961=CARTESIAN_POINT('Ctrl Pts',(38.7362281078457,118.863208706826,1.9));
#8962=CARTESIAN_POINT('Ctrl Pts',(38.7372777638239,118.97887569698,2.5));
#8963=CARTESIAN_POINT('Ctrl Pts',(38.7372777638239,118.97887569698,1.9));
#8964=CARTESIAN_POINT('Ctrl Pts',(38.7781490948,119.086675819366,2.5));
#8965=CARTESIAN_POINT('Ctrl Pts',(38.7781490948,119.086675819366,1.9));
#8966=CARTESIAN_POINT('Ctrl Pts',(38.7952872418766,119.131878515442,2.5));
#8967=CARTESIAN_POINT('Ctrl Pts',(38.7952872418766,119.131878515442,1.9));
#8968=CARTESIAN_POINT('',(38.7356185931133,118.796043144001,2.5));
#8969=CARTESIAN_POINT('Ctrl Pts',(38.7356185931133,118.796043144001,2.5));
#8970=CARTESIAN_POINT('Ctrl Pts',(38.7362281078457,118.863208706826,2.5));
#8971=CARTESIAN_POINT('Ctrl Pts',(38.7372777638239,118.97887569698,2.5));
#8972=CARTESIAN_POINT('Ctrl Pts',(38.7781490948,119.086675819366,2.5));
#8973=CARTESIAN_POINT('Ctrl Pts',(38.7952872418766,119.131878515442,2.5));
#8974=CARTESIAN_POINT('',(38.7356185931133,118.796043144001,1.9));
#8975=CARTESIAN_POINT('',(38.7356185931133,118.796043144001,2.5));
#8976=CARTESIAN_POINT('Ctrl Pts',(38.7356185931133,118.796043144001,1.9));
#8977=CARTESIAN_POINT('Ctrl Pts',(38.7362281078457,118.863208706826,1.9));
#8978=CARTESIAN_POINT('Ctrl Pts',(38.7372777638239,118.97887569698,1.9));
#8979=CARTESIAN_POINT('Ctrl Pts',(38.7781490948,119.086675819366,1.9));
#8980=CARTESIAN_POINT('Ctrl Pts',(38.7952872418766,119.131878515442,1.9));
#8981=CARTESIAN_POINT('Ctrl Pts',(38.7762296662083,118.53403210931,2.5));
#8982=CARTESIAN_POINT('Ctrl Pts',(38.7762296662083,118.53403210931,1.9));
#8983=CARTESIAN_POINT('Ctrl Pts',(38.7643004985693,118.572696908953,2.5));
#8984=CARTESIAN_POINT('Ctrl Pts',(38.7643004985693,118.572696908953,1.9));
#8985=CARTESIAN_POINT('Ctrl Pts',(38.7380004179549,118.657940689432,2.5));
#8986=CARTESIAN_POINT('Ctrl Pts',(38.7380004179549,118.657940689432,1.9));
#8987=CARTESIAN_POINT('Ctrl Pts',(38.7364602002269,118.747245261748,2.5));
#8988=CARTESIAN_POINT('Ctrl Pts',(38.7364602002269,118.747245261748,1.9));
#8989=CARTESIAN_POINT('Ctrl Pts',(38.7356185931133,118.796043144001,2.5));
#8990=CARTESIAN_POINT('Ctrl Pts',(38.7356185931133,118.796043144001,1.9));
#8991=CARTESIAN_POINT('',(38.7762296662083,118.53403210931,2.5));
#8992=CARTESIAN_POINT('Ctrl Pts',(38.7762296662083,118.53403210931,2.5));
#8993=CARTESIAN_POINT('Ctrl Pts',(38.7643004985693,118.572696908953,2.5));
#8994=CARTESIAN_POINT('Ctrl Pts',(38.7380004179549,118.657940689432,2.5));
#8995=CARTESIAN_POINT('Ctrl Pts',(38.7364602002269,118.747245261748,2.5));
#8996=CARTESIAN_POINT('Ctrl Pts',(38.7356185931133,118.796043144001,2.5));
#8997=CARTESIAN_POINT('',(38.7762296662083,118.53403210931,1.9));
#8998=CARTESIAN_POINT('',(38.7762296662083,118.53403210931,2.5));
#8999=CARTESIAN_POINT('Ctrl Pts',(38.7762296662083,118.53403210931,1.9));
#9000=CARTESIAN_POINT('Ctrl Pts',(38.7643004985693,118.572696908953,1.9));
#9001=CARTESIAN_POINT('Ctrl Pts',(38.7380004179549,118.657940689432,1.9));
#9002=CARTESIAN_POINT('Ctrl Pts',(38.7364602002269,118.747245261748,1.9));
#9003=CARTESIAN_POINT('Ctrl Pts',(38.7356185931133,118.796043144001,1.9));
#9004=CARTESIAN_POINT('Ctrl Pts',(38.8801412767534,118.373132204694,2.5));
#9005=CARTESIAN_POINT('Ctrl Pts',(38.8801412767534,118.373132204694,1.9));
#9006=CARTESIAN_POINT('Ctrl Pts',(38.8597167130554,118.395399339329,2.5));
#9007=CARTESIAN_POINT('Ctrl Pts',(38.8597167130554,118.395399339329,1.9));
#9008=CARTESIAN_POINT('Ctrl Pts',(38.8159916252941,118.443069019355,2.5));
#9009=CARTESIAN_POINT('Ctrl Pts',(38.8159916252941,118.443069019355,1.9));
#9010=CARTESIAN_POINT('Ctrl Pts',(38.7900523596424,118.502410053074,2.5));
#9011=CARTESIAN_POINT('Ctrl Pts',(38.7900523596424,118.502410053074,1.9));
#9012=CARTESIAN_POINT('Ctrl Pts',(38.7762296662083,118.53403210931,2.5));
#9013=CARTESIAN_POINT('Ctrl Pts',(38.7762296662083,118.53403210931,1.9));
#9014=CARTESIAN_POINT('',(38.8801412767534,118.373132204694,2.5));
#9015=CARTESIAN_POINT('Ctrl Pts',(38.8801412767534,118.373132204694,2.5));
#9016=CARTESIAN_POINT('Ctrl Pts',(38.8597167130554,118.395399339329,2.5));
#9017=CARTESIAN_POINT('Ctrl Pts',(38.8159916252941,118.443069019355,2.5));
#9018=CARTESIAN_POINT('Ctrl Pts',(38.7900523596424,118.502410053074,2.5));
#9019=CARTESIAN_POINT('Ctrl Pts',(38.7762296662083,118.53403210931,2.5));
#9020=CARTESIAN_POINT('',(38.8801412767534,118.373132204694,1.9));
#9021=CARTESIAN_POINT('',(38.8801412767534,118.373132204694,2.5));
#9022=CARTESIAN_POINT('Ctrl Pts',(38.8801412767534,118.373132204694,1.9));
#9023=CARTESIAN_POINT('Ctrl Pts',(38.8597167130554,118.395399339329,1.9));
#9024=CARTESIAN_POINT('Ctrl Pts',(38.8159916252941,118.443069019355,1.9));
#9025=CARTESIAN_POINT('Ctrl Pts',(38.7900523596424,118.502410053074,1.9));
#9026=CARTESIAN_POINT('Ctrl Pts',(38.7762296662083,118.53403210931,1.9));
#9027=CARTESIAN_POINT('Ctrl Pts',(39.1365391794133,118.185840362883,2.5));
#9028=CARTESIAN_POINT('Ctrl Pts',(39.1365391794133,118.185840362883,1.9));
#9029=CARTESIAN_POINT('Ctrl Pts',(39.0821171435547,118.221885652558,2.5));
#9030=CARTESIAN_POINT('Ctrl Pts',(39.0821171435547,118.221885652558,1.9));
#9031=CARTESIAN_POINT('Ctrl Pts',(38.993752817945,118.280411903244,2.5));
#9032=CARTESIAN_POINT('Ctrl Pts',(38.993752817945,118.280411903244,1.9));
#9033=CARTESIAN_POINT('Ctrl Pts',(38.9116705267356,118.347400650204,2.5));
#9034=CARTESIAN_POINT('Ctrl Pts',(38.9116705267356,118.347400650204,1.9));
#9035=CARTESIAN_POINT('Ctrl Pts',(38.8801412767534,118.373132204694,2.5));
#9036=CARTESIAN_POINT('Ctrl Pts',(38.8801412767534,118.373132204694,1.9));
#9037=CARTESIAN_POINT('',(39.1365391794133,118.185840362883,2.5));
#9038=CARTESIAN_POINT('Ctrl Pts',(39.1365391794133,118.185840362883,2.5));
#9039=CARTESIAN_POINT('Ctrl Pts',(39.0821171435547,118.221885652558,2.5));
#9040=CARTESIAN_POINT('Ctrl Pts',(38.993752817945,118.280411903244,2.5));
#9041=CARTESIAN_POINT('Ctrl Pts',(38.9116705267356,118.347400650204,2.5));
#9042=CARTESIAN_POINT('Ctrl Pts',(38.8801412767534,118.373132204694,2.5));
#9043=CARTESIAN_POINT('',(39.1365391794133,118.185840362883,1.9));
#9044=CARTESIAN_POINT('',(39.1365391794133,118.185840362883,2.5));
#9045=CARTESIAN_POINT('Ctrl Pts',(39.1365391794133,118.185840362883,1.9));
#9046=CARTESIAN_POINT('Ctrl Pts',(39.0821171435547,118.221885652558,1.9));
#9047=CARTESIAN_POINT('Ctrl Pts',(38.993752817945,118.280411903244,1.9));
#9048=CARTESIAN_POINT('Ctrl Pts',(38.9116705267356,118.347400650204,1.9));
#9049=CARTESIAN_POINT('Ctrl Pts',(38.8801412767534,118.373132204694,1.9));
#9050=CARTESIAN_POINT('Ctrl Pts',(39.3793624491306,118.003529945163,2.5));
#9051=CARTESIAN_POINT('Ctrl Pts',(39.3793624491306,118.003529945163,1.9));
#9052=CARTESIAN_POINT('Ctrl Pts',(39.3513353662793,118.028346613493,2.5));
#9053=CARTESIAN_POINT('Ctrl Pts',(39.3513353662793,118.028346613493,1.9));
#9054=CARTESIAN_POINT('Ctrl Pts',(39.2753894536785,118.095593159771,2.5));
#9055=CARTESIAN_POINT('Ctrl Pts',(39.2753894536785,118.095593159771,1.9));
#9056=CARTESIAN_POINT('Ctrl Pts',(39.190255374409,118.150926954279,2.5));
#9057=CARTESIAN_POINT('Ctrl Pts',(39.190255374409,118.150926954279,1.9));
#9058=CARTESIAN_POINT('Ctrl Pts',(39.1365391794133,118.185840362883,2.5));
#9059=CARTESIAN_POINT('Ctrl Pts',(39.1365391794133,118.185840362883,1.9));
#9060=CARTESIAN_POINT('',(39.3793624491306,118.003529945163,2.5));
#9061=CARTESIAN_POINT('Ctrl Pts',(39.3793624491306,118.003529945163,2.5));
#9062=CARTESIAN_POINT('Ctrl Pts',(39.3513353662793,118.028346613493,2.5));
#9063=CARTESIAN_POINT('Ctrl Pts',(39.2753894536785,118.095593159771,2.5));
#9064=CARTESIAN_POINT('Ctrl Pts',(39.190255374409,118.150926954279,2.5));
#9065=CARTESIAN_POINT('Ctrl Pts',(39.1365391794133,118.185840362883,2.5));
#9066=CARTESIAN_POINT('',(39.3793624491306,118.003529945163,1.9));
#9067=CARTESIAN_POINT('',(39.3793624491306,118.003529945163,2.5));
#9068=CARTESIAN_POINT('Ctrl Pts',(39.3793624491306,118.003529945163,1.9));
#9069=CARTESIAN_POINT('Ctrl Pts',(39.3513353662793,118.028346613493,1.9));
#9070=CARTESIAN_POINT('Ctrl Pts',(39.2753894536785,118.095593159771,1.9));
#9071=CARTESIAN_POINT('Ctrl Pts',(39.190255374409,118.150926954279,1.9));
#9072=CARTESIAN_POINT('Ctrl Pts',(39.1365391794133,118.185840362883,1.9));
#9073=CARTESIAN_POINT('Ctrl Pts',(39.4268588935241,117.772381993949,2.5));
#9074=CARTESIAN_POINT('Ctrl Pts',(39.4268588935241,117.772381993949,1.9));
#9075=CARTESIAN_POINT('Ctrl Pts',(39.427627810307,117.822218368749,2.5));
#9076=CARTESIAN_POINT('Ctrl Pts',(39.427627810307,117.822218368749,1.9));
#9077=CARTESIAN_POINT('Ctrl Pts',(39.4288809073075,117.903436275772,2.5));
#9078=CARTESIAN_POINT('Ctrl Pts',(39.4288809073075,117.903436275772,1.9));
#9079=CARTESIAN_POINT('Ctrl Pts',(39.3931632735512,117.975633778607,2.5));
#9080=CARTESIAN_POINT('Ctrl Pts',(39.3931632735512,117.975633778607,1.9));
#9081=CARTESIAN_POINT('Ctrl Pts',(39.3793624491306,118.003529945163,2.5));
#9082=CARTESIAN_POINT('Ctrl Pts',(39.3793624491306,118.003529945163,1.9));
#9083=CARTESIAN_POINT('',(39.4268588935241,117.772381993949,2.5));
#9084=CARTESIAN_POINT('Ctrl Pts',(39.4268588935241,117.772381993949,2.5));
#9085=CARTESIAN_POINT('Ctrl Pts',(39.427627810307,117.822218368749,2.5));
#9086=CARTESIAN_POINT('Ctrl Pts',(39.4288809073075,117.903436275772,2.5));
#9087=CARTESIAN_POINT('Ctrl Pts',(39.3931632735512,117.975633778607,2.5));
#9088=CARTESIAN_POINT('Ctrl Pts',(39.3793624491306,118.003529945163,2.5));
#9089=CARTESIAN_POINT('',(39.4268588935241,117.772381993949,1.9));
#9090=CARTESIAN_POINT('',(39.4268588935241,117.772381993949,2.5));
#9091=CARTESIAN_POINT('Ctrl Pts',(39.4268588935241,117.772381993949,1.9));
#9092=CARTESIAN_POINT('Ctrl Pts',(39.427627810307,117.822218368749,1.9));
#9093=CARTESIAN_POINT('Ctrl Pts',(39.4288809073075,117.903436275772,1.9));
#9094=CARTESIAN_POINT('Ctrl Pts',(39.3931632735512,117.975633778607,1.9));
#9095=CARTESIAN_POINT('Ctrl Pts',(39.3793624491306,118.003529945163,1.9));
#9096=CARTESIAN_POINT('Ctrl Pts',(39.4011777939297,117.651394797452,2.5));
#9097=CARTESIAN_POINT('Ctrl Pts',(39.4011777939297,117.651394797452,1.9));
#9098=CARTESIAN_POINT('Ctrl Pts',(39.4085800425735,117.668022746233,2.5));
#9099=CARTESIAN_POINT('Ctrl Pts',(39.4085800425735,117.668022746233,1.9));
#9100=CARTESIAN_POINT('Ctrl Pts',(39.4256569052296,117.706383143355,2.5));
#9101=CARTESIAN_POINT('Ctrl Pts',(39.4256569052296,117.706383143355,1.9));
#9102=CARTESIAN_POINT('Ctrl Pts',(39.426424197042,117.748513651552,2.5));
#9103=CARTESIAN_POINT('Ctrl Pts',(39.426424197042,117.748513651552,1.9));
#9104=CARTESIAN_POINT('Ctrl Pts',(39.4268588935241,117.772381993949,2.5));
#9105=CARTESIAN_POINT('Ctrl Pts',(39.4268588935241,117.772381993949,1.9));
#9106=CARTESIAN_POINT('',(39.4011777939297,117.651394797452,2.5));
#9107=CARTESIAN_POINT('Ctrl Pts',(39.4011777939297,117.651394797452,2.5));
#9108=CARTESIAN_POINT('Ctrl Pts',(39.4085800425735,117.668022746233,2.5));
#9109=CARTESIAN_POINT('Ctrl Pts',(39.4256569052296,117.706383143355,2.5));
#9110=CARTESIAN_POINT('Ctrl Pts',(39.426424197042,117.748513651552,2.5));
#9111=CARTESIAN_POINT('Ctrl Pts',(39.4268588935241,117.772381993949,2.5));
#9112=CARTESIAN_POINT('',(39.4011777939297,117.651394797452,1.9));
#9113=CARTESIAN_POINT('',(39.4011777939297,117.651394797452,2.5));
#9114=CARTESIAN_POINT('Ctrl Pts',(39.4011777939297,117.651394797452,1.9));
#9115=CARTESIAN_POINT('Ctrl Pts',(39.4085800425735,117.668022746233,1.9));
#9116=CARTESIAN_POINT('Ctrl Pts',(39.4256569052296,117.706383143355,1.9));
#9117=CARTESIAN_POINT('Ctrl Pts',(39.426424197042,117.748513651552,1.9));
#9118=CARTESIAN_POINT('Ctrl Pts',(39.4268588935241,117.772381993949,1.9));
#9119=CARTESIAN_POINT('Ctrl Pts',(39.3238496402199,117.610856791838,2.5));
#9120=CARTESIAN_POINT('Ctrl Pts',(39.3238496402199,117.610856791838,1.9));
#9121=CARTESIAN_POINT('Ctrl Pts',(39.3399360669586,117.612341171722,2.5));
#9122=CARTESIAN_POINT('Ctrl Pts',(39.3399360669586,117.612341171722,1.9));
#9123=CARTESIAN_POINT('Ctrl Pts',(39.3713648199747,117.615241269395,2.5));
#9124=CARTESIAN_POINT('Ctrl Pts',(39.3713648199747,117.615241269395,1.9));
#9125=CARTESIAN_POINT('Ctrl Pts',(39.3913982382593,117.639535348581,2.5));
#9126=CARTESIAN_POINT('Ctrl Pts',(39.3913982382593,117.639535348581,1.9));
#9127=CARTESIAN_POINT('Ctrl Pts',(39.4011777939297,117.651394797452,2.5));
#9128=CARTESIAN_POINT('Ctrl Pts',(39.4011777939297,117.651394797452,1.9));
#9129=CARTESIAN_POINT('',(39.3238496402199,117.610856791838,2.5));
#9130=CARTESIAN_POINT('Ctrl Pts',(39.3238496402199,117.610856791838,2.5));
#9131=CARTESIAN_POINT('Ctrl Pts',(39.3399360669586,117.612341171722,2.5));
#9132=CARTESIAN_POINT('Ctrl Pts',(39.3713648199747,117.615241269395,2.5));
#9133=CARTESIAN_POINT('Ctrl Pts',(39.3913982382593,117.639535348581,2.5));
#9134=CARTESIAN_POINT('Ctrl Pts',(39.4011777939297,117.651394797452,2.5));
#9135=CARTESIAN_POINT('',(39.3238496402199,117.610856791838,1.9));
#9136=CARTESIAN_POINT('',(39.3238496402199,117.610856791838,2.5));
#9137=CARTESIAN_POINT('Ctrl Pts',(39.3238496402199,117.610856791838,1.9));
#9138=CARTESIAN_POINT('Ctrl Pts',(39.3399360669586,117.612341171722,1.9));
#9139=CARTESIAN_POINT('Ctrl Pts',(39.3713648199747,117.615241269395,1.9));
#9140=CARTESIAN_POINT('Ctrl Pts',(39.3913982382593,117.639535348581,1.9));
#9141=CARTESIAN_POINT('Ctrl Pts',(39.4011777939297,117.651394797452,1.9));
#9142=CARTESIAN_POINT('Ctrl Pts',(39.2516776093412,117.643188458483,2.5));
#9143=CARTESIAN_POINT('Ctrl Pts',(39.2516776093412,117.643188458483,1.9));
#9144=CARTESIAN_POINT('Ctrl Pts',(39.2604442981661,117.633815783698,2.5));
#9145=CARTESIAN_POINT('Ctrl Pts',(39.2604442981661,117.633815783698,1.9));
#9146=CARTESIAN_POINT('Ctrl Pts',(39.2797725791473,117.61315146044,2.5));
#9147=CARTESIAN_POINT('Ctrl Pts',(39.2797725791473,117.61315146044,1.9));
#9148=CARTESIAN_POINT('Ctrl Pts',(39.3082750026042,117.61166761341,2.5));
#9149=CARTESIAN_POINT('Ctrl Pts',(39.3082750026042,117.61166761341,1.9));
#9150=CARTESIAN_POINT('Ctrl Pts',(39.3238496402199,117.610856791838,2.5));
#9151=CARTESIAN_POINT('Ctrl Pts',(39.3238496402199,117.610856791838,1.9));
#9152=CARTESIAN_POINT('',(39.2516776093412,117.643188458483,2.5));
#9153=CARTESIAN_POINT('Ctrl Pts',(39.2516776093412,117.643188458483,2.5));
#9154=CARTESIAN_POINT('Ctrl Pts',(39.2604442981661,117.633815783698,2.5));
#9155=CARTESIAN_POINT('Ctrl Pts',(39.2797725791473,117.61315146044,2.5));
#9156=CARTESIAN_POINT('Ctrl Pts',(39.3082750026042,117.61166761341,2.5));
#9157=CARTESIAN_POINT('Ctrl Pts',(39.3238496402199,117.610856791838,2.5));
#9158=CARTESIAN_POINT('',(39.2516776093412,117.643188458483,1.9));
#9159=CARTESIAN_POINT('',(39.2516776093412,117.643188458483,2.5));
#9160=CARTESIAN_POINT('Ctrl Pts',(39.2516776093412,117.643188458483,1.9));
#9161=CARTESIAN_POINT('Ctrl Pts',(39.2604442981661,117.633815783698,1.9));
#9162=CARTESIAN_POINT('Ctrl Pts',(39.2797725791473,117.61315146044,1.9));
#9163=CARTESIAN_POINT('Ctrl Pts',(39.3082750026042,117.61166761341,1.9));
#9164=CARTESIAN_POINT('Ctrl Pts',(39.3238496402199,117.610856791838,1.9));
#9165=CARTESIAN_POINT('Ctrl Pts',(39.2317214886485,117.787781447955,2.5));
#9166=CARTESIAN_POINT('Ctrl Pts',(39.2317214886485,117.787781447955,1.9));
#9167=CARTESIAN_POINT('Ctrl Pts',(39.2311347750689,117.756626193319,2.5));
#9168=CARTESIAN_POINT('Ctrl Pts',(39.2311347750689,117.756626193319,1.9));
#9169=CARTESIAN_POINT('Ctrl Pts',(39.2302030341828,117.707149539689,2.5));
#9170=CARTESIAN_POINT('Ctrl Pts',(39.2302030341828,117.707149539689,1.9));
#9171=CARTESIAN_POINT('Ctrl Pts',(39.2458744299803,117.660472973945,2.5));
#9172=CARTESIAN_POINT('Ctrl Pts',(39.2458744299803,117.660472973945,1.9));
#9173=CARTESIAN_POINT('Ctrl Pts',(39.2516776093412,117.643188458483,2.5));
#9174=CARTESIAN_POINT('Ctrl Pts',(39.2516776093412,117.643188458483,1.9));
#9175=CARTESIAN_POINT('',(39.2317214886485,117.787781447955,2.5));
#9176=CARTESIAN_POINT('Ctrl Pts',(39.2317214886485,117.787781447955,2.5));
#9177=CARTESIAN_POINT('Ctrl Pts',(39.2311347750689,117.756626193319,2.5));
#9178=CARTESIAN_POINT('Ctrl Pts',(39.2302030341828,117.707149539689,2.5));
#9179=CARTESIAN_POINT('Ctrl Pts',(39.2458744299803,117.660472973945,2.5));
#9180=CARTESIAN_POINT('Ctrl Pts',(39.2516776093412,117.643188458483,2.5));
#9181=CARTESIAN_POINT('',(39.2317214886485,117.787781447955,1.9));
#9182=CARTESIAN_POINT('',(39.2317214886485,117.787781447955,2.5));
#9183=CARTESIAN_POINT('Ctrl Pts',(39.2317214886485,117.787781447955,1.9));
#9184=CARTESIAN_POINT('Ctrl Pts',(39.2311347750689,117.756626193319,1.9));
#9185=CARTESIAN_POINT('Ctrl Pts',(39.2302030341828,117.707149539689,1.9));
#9186=CARTESIAN_POINT('Ctrl Pts',(39.2458744299803,117.660472973945,1.9));
#9187=CARTESIAN_POINT('Ctrl Pts',(39.2516776093412,117.643188458483,1.9));
#9188=CARTESIAN_POINT('Origin',(39.2324390998103,118.031140492097,2.5));
#9189=CARTESIAN_POINT('',(39.2324390998103,118.031140492097,2.5));
#9190=CARTESIAN_POINT('',(39.161691743963,94.0390263619302,2.5));
#9191=CARTESIAN_POINT('',(39.2324390998103,118.031140492097,1.9));
#9192=CARTESIAN_POINT('',(39.2324390998103,118.031140492097,2.5));
#9193=CARTESIAN_POINT('',(39.2324390998103,118.031140492097,1.9));
#9194=CARTESIAN_POINT('Origin',(38.7494266161816,118.032564787425,2.5));
#9195=CARTESIAN_POINT('',(38.7494266161816,118.032564787425,2.5));
#9196=CARTESIAN_POINT('',(46.9454606639377,118.008396523879,2.5));
#9197=CARTESIAN_POINT('',(38.7494266161816,118.032564787425,1.9));
#9198=CARTESIAN_POINT('',(38.7494266161816,118.032564787425,2.5));
#9199=CARTESIAN_POINT('',(38.7494266161816,118.032564787425,1.9));
#9200=CARTESIAN_POINT('Origin',(38.7490404909141,117.901620508661,2.5));
#9201=CARTESIAN_POINT('',(38.7490404909141,117.901620508661,2.5));
#9202=CARTESIAN_POINT('',(38.6784861977,93.9749785178764,2.5));
#9203=CARTESIAN_POINT('',(38.7490404909141,117.901620508661,1.9));
#9204=CARTESIAN_POINT('',(38.7490404909141,117.901620508661,2.5));
#9205=CARTESIAN_POINT('',(38.7490404909141,117.901620508661,1.9));
#9206=CARTESIAN_POINT('Ctrl Pts',(38.7937239201933,117.554359323652,2.5));
#9207=CARTESIAN_POINT('Ctrl Pts',(38.7937239201933,117.554359323652,1.9));
#9208=CARTESIAN_POINT('Ctrl Pts',(38.7805990685455,117.603444071486,2.5));
#9209=CARTESIAN_POINT('Ctrl Pts',(38.7805990685455,117.603444071486,1.9));
#9210=CARTESIAN_POINT('Ctrl Pts',(38.7502287759481,117.717023881285,2.5));
#9211=CARTESIAN_POINT('Ctrl Pts',(38.7502287759481,117.717023881285,1.9));
#9212=CARTESIAN_POINT('Ctrl Pts',(38.7494708633532,117.834763400731,2.5));
#9213=CARTESIAN_POINT('Ctrl Pts',(38.7494708633532,117.834763400731,1.9));
#9214=CARTESIAN_POINT('Ctrl Pts',(38.7490404909141,117.901620508661,2.5));
#9215=CARTESIAN_POINT('Ctrl Pts',(38.7490404909141,117.901620508661,1.9));
#9216=CARTESIAN_POINT('',(38.7937239201933,117.554359323652,2.5));
#9217=CARTESIAN_POINT('Ctrl Pts',(38.7937239201933,117.554359323652,2.5));
#9218=CARTESIAN_POINT('Ctrl Pts',(38.7805990685455,117.603444071486,2.5));
#9219=CARTESIAN_POINT('Ctrl Pts',(38.7502287759481,117.717023881285,2.5));
#9220=CARTESIAN_POINT('Ctrl Pts',(38.7494708633532,117.834763400731,2.5));
#9221=CARTESIAN_POINT('Ctrl Pts',(38.7490404909141,117.901620508661,2.5));
#9222=CARTESIAN_POINT('',(38.7937239201933,117.554359323652,1.9));
#9223=CARTESIAN_POINT('',(38.7937239201933,117.554359323652,2.5));
#9224=CARTESIAN_POINT('Ctrl Pts',(38.7937239201933,117.554359323652,1.9));
#9225=CARTESIAN_POINT('Ctrl Pts',(38.7805990685455,117.603444071486,1.9));
#9226=CARTESIAN_POINT('Ctrl Pts',(38.7502287759481,117.717023881285,1.9));
#9227=CARTESIAN_POINT('Ctrl Pts',(38.7494708633532,117.834763400731,1.9));
#9228=CARTESIAN_POINT('Ctrl Pts',(38.7490404909141,117.901620508661,1.9));
#9229=CARTESIAN_POINT('Ctrl Pts',(38.9864581769384,117.352431024994,2.5));
#9230=CARTESIAN_POINT('Ctrl Pts',(38.9864581769384,117.352431024994,1.9));
#9231=CARTESIAN_POINT('Ctrl Pts',(38.9422140674898,117.379140989647,2.5));
#9232=CARTESIAN_POINT('Ctrl Pts',(38.9422140674898,117.379140989647,1.9));
#9233=CARTESIAN_POINT('Ctrl Pts',(38.8593762328461,117.42914980806,2.5));
#9234=CARTESIAN_POINT('Ctrl Pts',(38.8593762328461,117.42914980806,1.9));
#9235=CARTESIAN_POINT('Ctrl Pts',(38.8145897257245,117.514564877769,2.5));
#9236=CARTESIAN_POINT('Ctrl Pts',(38.8145897257245,117.514564877769,1.9));
#9237=CARTESIAN_POINT('Ctrl Pts',(38.7937239201933,117.554359323652,2.5));
#9238=CARTESIAN_POINT('Ctrl Pts',(38.7937239201933,117.554359323652,1.9));
#9239=CARTESIAN_POINT('',(38.9864581769384,117.352431024994,2.5));
#9240=CARTESIAN_POINT('Ctrl Pts',(38.9864581769384,117.352431024994,2.5));
#9241=CARTESIAN_POINT('Ctrl Pts',(38.9422140674898,117.379140989647,2.5));
#9242=CARTESIAN_POINT('Ctrl Pts',(38.8593762328461,117.42914980806,2.5));
#9243=CARTESIAN_POINT('Ctrl Pts',(38.8145897257245,117.514564877769,2.5));
#9244=CARTESIAN_POINT('Ctrl Pts',(38.7937239201933,117.554359323652,2.5));
#9245=CARTESIAN_POINT('',(38.9864581769384,117.352431024994,1.9));
#9246=CARTESIAN_POINT('',(38.9864581769384,117.352431024994,2.5));
#9247=CARTESIAN_POINT('Ctrl Pts',(38.9864581769384,117.352431024994,1.9));
#9248=CARTESIAN_POINT('Ctrl Pts',(38.9422140674898,117.379140989647,1.9));
#9249=CARTESIAN_POINT('Ctrl Pts',(38.8593762328461,117.42914980806,1.9));
#9250=CARTESIAN_POINT('Ctrl Pts',(38.8145897257245,117.514564877769,1.9));
#9251=CARTESIAN_POINT('Ctrl Pts',(38.7937239201933,117.554359323652,1.9));
#9252=CARTESIAN_POINT('Ctrl Pts',(39.3426163555077,117.272319359846,2.5));
#9253=CARTESIAN_POINT('Ctrl Pts',(39.3426163555077,117.272319359846,1.9));
#9254=CARTESIAN_POINT('Ctrl Pts',(39.2771846214921,117.274980627699,2.5));
#9255=CARTESIAN_POINT('Ctrl Pts',(39.2771846214921,117.274980627699,1.9));
#9256=CARTESIAN_POINT('Ctrl Pts',(39.1534281062385,117.280014106342,2.5));
#9257=CARTESIAN_POINT('Ctrl Pts',(39.1534281062385,117.280014106342,1.9));
#9258=CARTESIAN_POINT('Ctrl Pts',(39.0399424435128,117.329234238615,2.5));
#9259=CARTESIAN_POINT('Ctrl Pts',(39.0399424435128,117.329234238615,1.9));
#9260=CARTESIAN_POINT('Ctrl Pts',(38.9864581769384,117.352431024994,2.5));
#9261=CARTESIAN_POINT('Ctrl Pts',(38.9864581769384,117.352431024994,1.9));
#9262=CARTESIAN_POINT('',(39.3426163555077,117.272319359846,2.5));
#9263=CARTESIAN_POINT('Ctrl Pts',(39.3426163555077,117.272319359846,2.5));
#9264=CARTESIAN_POINT('Ctrl Pts',(39.2771846214921,117.274980627699,2.5));
#9265=CARTESIAN_POINT('Ctrl Pts',(39.1534281062385,117.280014106342,2.5));
#9266=CARTESIAN_POINT('Ctrl Pts',(39.0399424435128,117.329234238615,2.5));
#9267=CARTESIAN_POINT('Ctrl Pts',(38.9864581769384,117.352431024994,2.5));
#9268=CARTESIAN_POINT('',(39.3426163555077,117.272319359846,1.9));
#9269=CARTESIAN_POINT('',(39.3426163555077,117.272319359846,2.5));
#9270=CARTESIAN_POINT('Ctrl Pts',(39.3426163555077,117.272319359846,1.9));
#9271=CARTESIAN_POINT('Ctrl Pts',(39.2771846214921,117.274980627699,1.9));
#9272=CARTESIAN_POINT('Ctrl Pts',(39.1534281062385,117.280014106342,1.9));
#9273=CARTESIAN_POINT('Ctrl Pts',(39.0399424435128,117.329234238615,1.9));
#9274=CARTESIAN_POINT('Ctrl Pts',(38.9864581769384,117.352431024994,1.9));
#9275=CARTESIAN_POINT('Ctrl Pts',(39.6763569186012,117.339896370661,2.5));
#9276=CARTESIAN_POINT('Ctrl Pts',(39.6763569186012,117.339896370661,1.9));
#9277=CARTESIAN_POINT('Ctrl Pts',(39.6252205679749,117.320062045036,2.5));
#9278=CARTESIAN_POINT('Ctrl Pts',(39.6252205679749,117.320062045036,1.9));
#9279=CARTESIAN_POINT('Ctrl Pts',(39.5179426003722,117.278451994344,2.5));
#9280=CARTESIAN_POINT('Ctrl Pts',(39.5179426003722,117.278451994344,1.9));
#9281=CARTESIAN_POINT('Ctrl Pts',(39.4028484195559,117.274426182097,2.5));
#9282=CARTESIAN_POINT('Ctrl Pts',(39.4028484195559,117.274426182097,1.9));
#9283=CARTESIAN_POINT('Ctrl Pts',(39.3426163555077,117.272319359846,2.5));
#9284=CARTESIAN_POINT('Ctrl Pts',(39.3426163555077,117.272319359846,1.9));
#9285=CARTESIAN_POINT('',(39.6763569186012,117.339896370661,2.5));
#9286=CARTESIAN_POINT('Ctrl Pts',(39.6763569186012,117.339896370661,2.5));
#9287=CARTESIAN_POINT('Ctrl Pts',(39.6252205679749,117.320062045036,2.5));
#9288=CARTESIAN_POINT('Ctrl Pts',(39.5179426003722,117.278451994344,2.5));
#9289=CARTESIAN_POINT('Ctrl Pts',(39.4028484195559,117.274426182097,2.5));
#9290=CARTESIAN_POINT('Ctrl Pts',(39.3426163555077,117.272319359846,2.5));
#9291=CARTESIAN_POINT('',(39.6763569186012,117.339896370661,1.9));
#9292=CARTESIAN_POINT('',(39.6763569186012,117.339896370661,2.5));
#9293=CARTESIAN_POINT('Ctrl Pts',(39.6763569186012,117.339896370661,1.9));
#9294=CARTESIAN_POINT('Ctrl Pts',(39.6252205679749,117.320062045036,1.9));
#9295=CARTESIAN_POINT('Ctrl Pts',(39.5179426003722,117.278451994344,1.9));
#9296=CARTESIAN_POINT('Ctrl Pts',(39.4028484195559,117.274426182097,1.9));
#9297=CARTESIAN_POINT('Ctrl Pts',(39.3426163555077,117.272319359846,1.9));
#9298=CARTESIAN_POINT('Ctrl Pts',(39.8701858065316,117.50918358971,2.5));
#9299=CARTESIAN_POINT('Ctrl Pts',(39.8701858065316,117.50918358971,1.9));
#9300=CARTESIAN_POINT('Ctrl Pts',(39.8476451452962,117.475998376495,2.5));
#9301=CARTESIAN_POINT('Ctrl Pts',(39.8476451452962,117.475998376495,1.9));
#9302=CARTESIAN_POINT('Ctrl Pts',(39.7980200658508,117.40293845935,2.5));
#9303=CARTESIAN_POINT('Ctrl Pts',(39.7980200658508,117.40293845935,1.9));
#9304=CARTESIAN_POINT('Ctrl Pts',(39.7193134710695,117.36215513062,2.5));
#9305=CARTESIAN_POINT('Ctrl Pts',(39.7193134710695,117.36215513062,1.9));
#9306=CARTESIAN_POINT('Ctrl Pts',(39.6763569186012,117.339896370661,2.5));
#9307=CARTESIAN_POINT('Ctrl Pts',(39.6763569186012,117.339896370661,1.9));
#9308=CARTESIAN_POINT('',(39.8701858065316,117.50918358971,2.5));
#9309=CARTESIAN_POINT('Ctrl Pts',(39.8701858065316,117.50918358971,2.5));
#9310=CARTESIAN_POINT('Ctrl Pts',(39.8476451452962,117.475998376495,2.5));
#9311=CARTESIAN_POINT('Ctrl Pts',(39.7980200658508,117.40293845935,2.5));
#9312=CARTESIAN_POINT('Ctrl Pts',(39.7193134710695,117.36215513062,2.5));
#9313=CARTESIAN_POINT('Ctrl Pts',(39.6763569186012,117.339896370661,2.5));
#9314=CARTESIAN_POINT('',(39.8701858065316,117.50918358971,1.9));
#9315=CARTESIAN_POINT('',(39.8701858065316,117.50918358971,2.5));
#9316=CARTESIAN_POINT('Ctrl Pts',(39.8701858065316,117.50918358971,1.9));
#9317=CARTESIAN_POINT('Ctrl Pts',(39.8476451452962,117.475998376495,1.9));
#9318=CARTESIAN_POINT('Ctrl Pts',(39.7980200658508,117.40293845935,1.9));
#9319=CARTESIAN_POINT('Ctrl Pts',(39.7193134710695,117.36215513062,1.9));
#9320=CARTESIAN_POINT('Ctrl Pts',(39.6763569186012,117.339896370661,1.9));
#9321=CARTESIAN_POINT('Ctrl Pts',(39.9211454235469,117.824044046334,2.5));
#9322=CARTESIAN_POINT('Ctrl Pts',(39.9211454235469,117.824044046334,1.9));
#9323=CARTESIAN_POINT('Ctrl Pts',(39.9205908963769,117.761505121249,2.5));
#9324=CARTESIAN_POINT('Ctrl Pts',(39.9205908963769,117.761505121249,1.9));
#9325=CARTESIAN_POINT('Ctrl Pts',(39.9196347539877,117.653672501872,2.5));
#9326=CARTESIAN_POINT('Ctrl Pts',(39.9196347539877,117.653672501872,1.9));
#9327=CARTESIAN_POINT('Ctrl Pts',(39.8848124598835,117.551922400951,2.5));
#9328=CARTESIAN_POINT('Ctrl Pts',(39.8848124598835,117.551922400951,1.9));
#9329=CARTESIAN_POINT('Ctrl Pts',(39.8701858065316,117.50918358971,2.5));
#9330=CARTESIAN_POINT('Ctrl Pts',(39.8701858065316,117.50918358971,1.9));
#9331=CARTESIAN_POINT('',(39.9211454235469,117.824044046334,2.5));
#9332=CARTESIAN_POINT('Ctrl Pts',(39.9211454235469,117.824044046334,2.5));
#9333=CARTESIAN_POINT('Ctrl Pts',(39.9205908963769,117.761505121249,2.5));
#9334=CARTESIAN_POINT('Ctrl Pts',(39.9196347539877,117.653672501872,2.5));
#9335=CARTESIAN_POINT('Ctrl Pts',(39.8848124598835,117.551922400951,2.5));
#9336=CARTESIAN_POINT('Ctrl Pts',(39.8701858065316,117.50918358971,2.5));
#9337=CARTESIAN_POINT('',(39.9211454235469,117.824044046334,1.9));
#9338=CARTESIAN_POINT('',(39.9211454235469,117.824044046334,2.5));
#9339=CARTESIAN_POINT('Ctrl Pts',(39.9211454235469,117.824044046334,1.9));
#9340=CARTESIAN_POINT('Ctrl Pts',(39.9205908963769,117.761505121249,1.9));
#9341=CARTESIAN_POINT('Ctrl Pts',(39.9196347539877,117.653672501872,1.9));
#9342=CARTESIAN_POINT('Ctrl Pts',(39.8848124598835,117.551922400951,1.9));
#9343=CARTESIAN_POINT('Ctrl Pts',(39.8701858065316,117.50918358971,1.9));
#9344=CARTESIAN_POINT('Ctrl Pts',(39.8322236984857,118.250497114816,2.5));
#9345=CARTESIAN_POINT('Ctrl Pts',(39.8322236984857,118.250497114816,1.9));
#9346=CARTESIAN_POINT('Ctrl Pts',(39.8581981099311,118.193720636529,2.5));
#9347=CARTESIAN_POINT('Ctrl Pts',(39.8581981099311,118.193720636529,1.9));
#9348=CARTESIAN_POINT('Ctrl Pts',(39.9198325448938,118.058996268828,2.5));
#9349=CARTESIAN_POINT('Ctrl Pts',(39.9198325448938,118.058996268828,1.9));
#9350=CARTESIAN_POINT('Ctrl Pts',(39.9206642318698,117.910157910479,2.5));
#9351=CARTESIAN_POINT('Ctrl Pts',(39.9206642318698,117.910157910479,1.9));
#9352=CARTESIAN_POINT('Ctrl Pts',(39.9211454235469,117.824044046334,2.5));
#9353=CARTESIAN_POINT('Ctrl Pts',(39.9211454235469,117.824044046334,1.9));
#9354=CARTESIAN_POINT('',(39.8322236984857,118.250497114816,2.5));
#9355=CARTESIAN_POINT('Ctrl Pts',(39.8322236984857,118.250497114816,2.5));
#9356=CARTESIAN_POINT('Ctrl Pts',(39.8581981099311,118.193720636529,2.5));
#9357=CARTESIAN_POINT('Ctrl Pts',(39.9198325448938,118.058996268828,2.5));
#9358=CARTESIAN_POINT('Ctrl Pts',(39.9206642318698,117.910157910479,2.5));
#9359=CARTESIAN_POINT('Ctrl Pts',(39.9211454235469,117.824044046334,2.5));
#9360=CARTESIAN_POINT('',(39.8322236984857,118.250497114816,1.9));
#9361=CARTESIAN_POINT('',(39.8322236984857,118.250497114816,2.5));
#9362=CARTESIAN_POINT('Ctrl Pts',(39.8322236984857,118.250497114816,1.9));
#9363=CARTESIAN_POINT('Ctrl Pts',(39.8581981099311,118.193720636529,1.9));
#9364=CARTESIAN_POINT('Ctrl Pts',(39.9198325448938,118.058996268828,1.9));
#9365=CARTESIAN_POINT('Ctrl Pts',(39.9206642318698,117.910157910479,1.9));
#9366=CARTESIAN_POINT('Ctrl Pts',(39.9211454235469,117.824044046334,1.9));
#9367=CARTESIAN_POINT('Ctrl Pts',(39.3957810655552,118.590073059389,2.5));
#9368=CARTESIAN_POINT('Ctrl Pts',(39.3957810655552,118.590073059389,1.9));
#9369=CARTESIAN_POINT('Ctrl Pts',(39.4940118761439,118.532282447489,2.5));
#9370=CARTESIAN_POINT('Ctrl Pts',(39.4940118761439,118.532282447489,1.9));
#9371=CARTESIAN_POINT('Ctrl Pts',(39.6546641183072,118.437768401213,2.5));
#9372=CARTESIAN_POINT('Ctrl Pts',(39.6546641183072,118.437768401213,1.9));
#9373=CARTESIAN_POINT('Ctrl Pts',(39.7825382156638,118.3029001689,2.5));
#9374=CARTESIAN_POINT('Ctrl Pts',(39.7825382156638,118.3029001689,1.9));
#9375=CARTESIAN_POINT('Ctrl Pts',(39.8322236984857,118.250497114816,2.5));
#9376=CARTESIAN_POINT('Ctrl Pts',(39.8322236984857,118.250497114816,1.9));
#9377=CARTESIAN_POINT('',(39.3957810655552,118.590073059389,2.5));
#9378=CARTESIAN_POINT('Ctrl Pts',(39.3957810655552,118.590073059389,2.5));
#9379=CARTESIAN_POINT('Ctrl Pts',(39.4940118761439,118.532282447489,2.5));
#9380=CARTESIAN_POINT('Ctrl Pts',(39.6546641183072,118.437768401213,2.5));
#9381=CARTESIAN_POINT('Ctrl Pts',(39.7825382156638,118.3029001689,2.5));
#9382=CARTESIAN_POINT('Ctrl Pts',(39.8322236984857,118.250497114816,2.5));
#9383=CARTESIAN_POINT('',(39.3957810655552,118.590073059389,1.9));
#9384=CARTESIAN_POINT('',(39.3957810655552,118.590073059389,2.5));
#9385=CARTESIAN_POINT('Ctrl Pts',(39.3957810655552,118.590073059389,1.9));
#9386=CARTESIAN_POINT('Ctrl Pts',(39.4940118761439,118.532282447489,1.9));
#9387=CARTESIAN_POINT('Ctrl Pts',(39.6546641183072,118.437768401213,1.9));
#9388=CARTESIAN_POINT('Ctrl Pts',(39.7825382156638,118.3029001689,1.9));
#9389=CARTESIAN_POINT('Ctrl Pts',(39.8322236984857,118.250497114816,1.9));
#9390=CARTESIAN_POINT('Ctrl Pts',(39.2491762937475,118.712784228264,2.5));
#9391=CARTESIAN_POINT('Ctrl Pts',(39.2491762937475,118.712784228264,1.9));
#9392=CARTESIAN_POINT('Ctrl Pts',(39.2648925576007,118.693208917391,2.5));
#9393=CARTESIAN_POINT('Ctrl Pts',(39.2648925576007,118.693208917391,1.9));
#9394=CARTESIAN_POINT('Ctrl Pts',(39.3053566439758,118.642809084621,2.5));
#9395=CARTESIAN_POINT('Ctrl Pts',(39.3053566439758,118.642809084621,1.9));
#9396=CARTESIAN_POINT('Ctrl Pts',(39.361465131936,118.610086302599,2.5));
#9397=CARTESIAN_POINT('Ctrl Pts',(39.361465131936,118.610086302599,1.9));
#9398=CARTESIAN_POINT('Ctrl Pts',(39.3957810655552,118.590073059389,2.5));
#9399=CARTESIAN_POINT('Ctrl Pts',(39.3957810655552,118.590073059389,1.9));
#9400=CARTESIAN_POINT('',(39.2491762937475,118.712784228264,2.5));
#9401=CARTESIAN_POINT('Ctrl Pts',(39.2491762937475,118.712784228264,2.5));
#9402=CARTESIAN_POINT('Ctrl Pts',(39.2648925576007,118.693208917391,2.5));
#9403=CARTESIAN_POINT('Ctrl Pts',(39.3053566439758,118.642809084621,2.5));
#9404=CARTESIAN_POINT('Ctrl Pts',(39.361465131936,118.610086302599,2.5));
#9405=CARTESIAN_POINT('Ctrl Pts',(39.3957810655552,118.590073059389,2.5));
#9406=CARTESIAN_POINT('',(39.2491762937475,118.712784228264,1.9));
#9407=CARTESIAN_POINT('',(39.2491762937475,118.712784228264,2.5));
#9408=CARTESIAN_POINT('Ctrl Pts',(39.2491762937475,118.712784228264,1.9));
#9409=CARTESIAN_POINT('Ctrl Pts',(39.2648925576007,118.693208917391,1.9));
#9410=CARTESIAN_POINT('Ctrl Pts',(39.3053566439758,118.642809084621,1.9));
#9411=CARTESIAN_POINT('Ctrl Pts',(39.361465131936,118.610086302599,1.9));
#9412=CARTESIAN_POINT('Ctrl Pts',(39.3957810655552,118.590073059389,1.9));
#9413=CARTESIAN_POINT('Ctrl Pts',(39.2225403309312,118.863670331228,2.5));
#9414=CARTESIAN_POINT('Ctrl Pts',(39.2225403309312,118.863670331228,1.9));
#9415=CARTESIAN_POINT('Ctrl Pts',(39.2227864652079,118.834037129237,2.5));
#9416=CARTESIAN_POINT('Ctrl Pts',(39.2227864652079,118.834037129237,1.9));
#9417=CARTESIAN_POINT('Ctrl Pts',(39.2232178141071,118.782105113813,2.5));
#9418=CARTESIAN_POINT('Ctrl Pts',(39.2232178141071,118.782105113813,1.9));
#9419=CARTESIAN_POINT('Ctrl Pts',(39.2413784110695,118.733608103165,2.5));
#9420=CARTESIAN_POINT('Ctrl Pts',(39.2413784110695,118.733608103165,1.9));
#9421=CARTESIAN_POINT('Ctrl Pts',(39.2491762937475,118.712784228264,2.5));
#9422=CARTESIAN_POINT('Ctrl Pts',(39.2491762937475,118.712784228264,1.9));
#9423=CARTESIAN_POINT('',(39.2225403309312,118.863670331228,2.5));
#9424=CARTESIAN_POINT('Ctrl Pts',(39.2225403309312,118.863670331228,2.5));
#9425=CARTESIAN_POINT('Ctrl Pts',(39.2227864652079,118.834037129237,2.5));
#9426=CARTESIAN_POINT('Ctrl Pts',(39.2232178141071,118.782105113813,2.5));
#9427=CARTESIAN_POINT('Ctrl Pts',(39.2413784110695,118.733608103165,2.5));
#9428=CARTESIAN_POINT('Ctrl Pts',(39.2491762937475,118.712784228264,2.5));
#9429=CARTESIAN_POINT('',(39.2225403309312,118.863670331228,1.9));
#9430=CARTESIAN_POINT('',(39.2225403309312,118.863670331228,2.5));
#9431=CARTESIAN_POINT('Ctrl Pts',(39.2225403309312,118.863670331228,1.9));
#9432=CARTESIAN_POINT('Ctrl Pts',(39.2227864652079,118.834037129237,1.9));
#9433=CARTESIAN_POINT('Ctrl Pts',(39.2232178141071,118.782105113813,1.9));
#9434=CARTESIAN_POINT('Ctrl Pts',(39.2413784110695,118.733608103165,1.9));
#9435=CARTESIAN_POINT('Ctrl Pts',(39.2491762937475,118.712784228264,1.9));
#9436=CARTESIAN_POINT('Ctrl Pts',(39.2469715168424,118.97980669204,2.5));
#9437=CARTESIAN_POINT('Ctrl Pts',(39.2469715168424,118.97980669204,1.9));
#9438=CARTESIAN_POINT('Ctrl Pts',(39.2399336375913,118.963976230778,2.5));
#9439=CARTESIAN_POINT('Ctrl Pts',(39.2399336375913,118.963976230778,1.9));
#9440=CARTESIAN_POINT('Ctrl Pts',(39.2235652549496,118.927158456831,2.5));
#9441=CARTESIAN_POINT('Ctrl Pts',(39.2235652549496,118.927158456831,1.9));
#9442=CARTESIAN_POINT('Ctrl Pts',(39.222912450447,118.886720986827,2.5));
#9443=CARTESIAN_POINT('Ctrl Pts',(39.222912450447,118.886720986827,1.9));
#9444=CARTESIAN_POINT('Ctrl Pts',(39.2225403309312,118.863670331228,2.5));
#9445=CARTESIAN_POINT('Ctrl Pts',(39.2225403309312,118.863670331228,1.9));
#9446=CARTESIAN_POINT('',(39.2469715168424,118.97980669204,2.5));
#9447=CARTESIAN_POINT('Ctrl Pts',(39.2469715168424,118.97980669204,2.5));
#9448=CARTESIAN_POINT('Ctrl Pts',(39.2399336375913,118.963976230778,2.5));
#9449=CARTESIAN_POINT('Ctrl Pts',(39.2235652549496,118.927158456831,2.5));
#9450=CARTESIAN_POINT('Ctrl Pts',(39.222912450447,118.886720986827,2.5));
#9451=CARTESIAN_POINT('Ctrl Pts',(39.2225403309312,118.863670331228,2.5));
#9452=CARTESIAN_POINT('',(39.2469715168424,118.97980669204,1.9));
#9453=CARTESIAN_POINT('',(39.2469715168424,118.97980669204,2.5));
#9454=CARTESIAN_POINT('Ctrl Pts',(39.2469715168424,118.97980669204,1.9));
#9455=CARTESIAN_POINT('Ctrl Pts',(39.2399336375913,118.963976230778,1.9));
#9456=CARTESIAN_POINT('Ctrl Pts',(39.2235652549496,118.927158456831,1.9));
#9457=CARTESIAN_POINT('Ctrl Pts',(39.222912450447,118.886720986827,1.9));
#9458=CARTESIAN_POINT('Ctrl Pts',(39.2225403309312,118.863670331228,1.9));
#9459=CARTESIAN_POINT('Ctrl Pts',(39.3181162641063,119.017921216241,2.5));
#9460=CARTESIAN_POINT('Ctrl Pts',(39.3181162641063,119.017921216241,1.9));
#9461=CARTESIAN_POINT('Ctrl Pts',(39.3034618133079,119.016439237606,2.5));
#9462=CARTESIAN_POINT('Ctrl Pts',(39.3034618133079,119.016439237606,1.9));
#9463=CARTESIAN_POINT('Ctrl Pts',(39.2744726830174,119.013507618239,2.5));
#9464=CARTESIAN_POINT('Ctrl Pts',(39.2744726830174,119.013507618239,1.9));
#9465=CARTESIAN_POINT('Ctrl Pts',(39.2560709105651,118.990957419044,2.5));
#9466=CARTESIAN_POINT('Ctrl Pts',(39.2560709105651,118.990957419044,1.9));
#9467=CARTESIAN_POINT('Ctrl Pts',(39.2469715168424,118.97980669204,2.5));
#9468=CARTESIAN_POINT('Ctrl Pts',(39.2469715168424,118.97980669204,1.9));
#9469=CARTESIAN_POINT('',(39.3181162641063,119.017921216241,2.5));
#9470=CARTESIAN_POINT('Ctrl Pts',(39.3181162641063,119.017921216241,2.5));
#9471=CARTESIAN_POINT('Ctrl Pts',(39.3034618133079,119.016439237606,2.5));
#9472=CARTESIAN_POINT('Ctrl Pts',(39.2744726830174,119.013507618239,2.5));
#9473=CARTESIAN_POINT('Ctrl Pts',(39.2560709105651,118.990957419044,2.5));
#9474=CARTESIAN_POINT('Ctrl Pts',(39.2469715168424,118.97980669204,2.5));
#9475=CARTESIAN_POINT('',(39.3181162641063,119.017921216241,1.9));
#9476=CARTESIAN_POINT('',(39.3181162641063,119.017921216241,2.5));
#9477=CARTESIAN_POINT('Ctrl Pts',(39.3181162641063,119.017921216241,1.9));
#9478=CARTESIAN_POINT('Ctrl Pts',(39.3034618133079,119.016439237606,1.9));
#9479=CARTESIAN_POINT('Ctrl Pts',(39.2744726830174,119.013507618239,1.9));
#9480=CARTESIAN_POINT('Ctrl Pts',(39.2560709105651,118.990957419044,1.9));
#9481=CARTESIAN_POINT('Ctrl Pts',(39.2469715168424,118.97980669204,1.9));
#9482=CARTESIAN_POINT('Ctrl Pts',(39.3797987191206,118.989326713926,2.5));
#9483=CARTESIAN_POINT('Ctrl Pts',(39.3797987191206,118.989326713926,1.9));
#9484=CARTESIAN_POINT('Ctrl Pts',(39.3721546011073,118.997624617539,2.5));
#9485=CARTESIAN_POINT('Ctrl Pts',(39.3721546011073,118.997624617539,1.9));
#9486=CARTESIAN_POINT('Ctrl Pts',(39.3556697221051,119.015519414139,2.5));
#9487=CARTESIAN_POINT('Ctrl Pts',(39.3556697221051,119.015519414139,1.9));
#9488=CARTESIAN_POINT('Ctrl Pts',(39.3312255536086,119.017082786952,2.5));
#9489=CARTESIAN_POINT('Ctrl Pts',(39.3312255536086,119.017082786952,1.9));
#9490=CARTESIAN_POINT('Ctrl Pts',(39.3181162641063,119.017921216241,2.5));
#9491=CARTESIAN_POINT('Ctrl Pts',(39.3181162641063,119.017921216241,1.9));
#9492=CARTESIAN_POINT('',(39.3797987191206,118.989326713926,2.5));
#9493=CARTESIAN_POINT('Ctrl Pts',(39.3797987191206,118.989326713926,2.5));
#9494=CARTESIAN_POINT('Ctrl Pts',(39.3721546011073,118.997624617539,2.5));
#9495=CARTESIAN_POINT('Ctrl Pts',(39.3556697221051,119.015519414139,2.5));
#9496=CARTESIAN_POINT('Ctrl Pts',(39.3312255536086,119.017082786952,2.5));
#9497=CARTESIAN_POINT('Ctrl Pts',(39.3181162641063,119.017921216241,2.5));
#9498=CARTESIAN_POINT('',(39.3797987191206,118.989326713926,1.9));
#9499=CARTESIAN_POINT('',(39.3797987191206,118.989326713926,2.5));
#9500=CARTESIAN_POINT('Ctrl Pts',(39.3797987191206,118.989326713926,1.9));
#9501=CARTESIAN_POINT('Ctrl Pts',(39.3721546011073,118.997624617539,1.9));
#9502=CARTESIAN_POINT('Ctrl Pts',(39.3556697221051,119.015519414139,1.9));
#9503=CARTESIAN_POINT('Ctrl Pts',(39.3312255536086,119.017082786952,1.9));
#9504=CARTESIAN_POINT('Ctrl Pts',(39.3181162641063,119.017921216241,1.9));
#9505=CARTESIAN_POINT('Ctrl Pts',(39.3979387617565,118.857092195996,2.5));
#9506=CARTESIAN_POINT('Ctrl Pts',(39.3979387617565,118.857092195996,1.9));
#9507=CARTESIAN_POINT('Ctrl Pts',(39.3985232721218,118.88575173306,2.5));
#9508=CARTESIAN_POINT('Ctrl Pts',(39.3985232721218,118.88575173306,1.9));
#9509=CARTESIAN_POINT('Ctrl Pts',(39.3994462537097,118.931007089672,2.5));
#9510=CARTESIAN_POINT('Ctrl Pts',(39.3994462537097,118.931007089672,1.9));
#9511=CARTESIAN_POINT('Ctrl Pts',(39.3850705176352,118.973678475358,2.5));
#9512=CARTESIAN_POINT('Ctrl Pts',(39.3850705176352,118.973678475358,1.9));
#9513=CARTESIAN_POINT('Ctrl Pts',(39.3797987191206,118.989326713926,2.5));
#9514=CARTESIAN_POINT('Ctrl Pts',(39.3797987191206,118.989326713926,1.9));
#9515=CARTESIAN_POINT('',(39.3979387617565,118.857092195996,2.5));
#9516=CARTESIAN_POINT('Ctrl Pts',(39.3979387617565,118.857092195996,2.5));
#9517=CARTESIAN_POINT('Ctrl Pts',(39.3985232721218,118.88575173306,2.5));
#9518=CARTESIAN_POINT('Ctrl Pts',(39.3994462537097,118.931007089672,2.5));
#9519=CARTESIAN_POINT('Ctrl Pts',(39.3850705176352,118.973678475358,2.5));
#9520=CARTESIAN_POINT('Ctrl Pts',(39.3797987191206,118.989326713926,2.5));
#9521=CARTESIAN_POINT('',(39.3979387617565,118.857092195996,1.9));
#9522=CARTESIAN_POINT('',(39.3979387617565,118.857092195996,2.5));
#9523=CARTESIAN_POINT('Ctrl Pts',(39.3979387617565,118.857092195996,1.9));
#9524=CARTESIAN_POINT('Ctrl Pts',(39.3985232721218,118.88575173306,1.9));
#9525=CARTESIAN_POINT('Ctrl Pts',(39.3994462537097,118.931007089672,1.9));
#9526=CARTESIAN_POINT('Ctrl Pts',(39.3850705176352,118.973678475358,1.9));
#9527=CARTESIAN_POINT('Ctrl Pts',(39.3797987191206,118.989326713926,1.9));
#9528=CARTESIAN_POINT('Origin',(39.3975016384225,118.708853257707,2.5));
#9529=CARTESIAN_POINT('',(39.3975016384225,118.708853257707,2.5));
#9530=CARTESIAN_POINT('',(39.3257543622733,94.3776423270991,2.5));
#9531=CARTESIAN_POINT('',(39.3975016384225,118.708853257707,1.9));
#9532=CARTESIAN_POINT('',(39.3975016384225,118.708853257707,2.5));
#9533=CARTESIAN_POINT('',(39.3975016384225,118.708853257707,1.9));
#9534=CARTESIAN_POINT('Origin',(39.8805135260074,118.707428964137,2.5));
#9535=CARTESIAN_POINT('',(39.8805135260074,118.707428964137,2.5));
#9536=CARTESIAN_POINT('',(47.5120040391527,118.684925412676,2.5));
#9537=CARTESIAN_POINT('',(39.8805135260074,118.707428964137,1.9));
#9538=CARTESIAN_POINT('',(39.8805135260074,118.707428964137,2.5));
#9539=CARTESIAN_POINT('',(39.8805135260074,118.707428964137,1.9));
#9540=CARTESIAN_POINT('Origin',(39.8807466583936,118.786489711356,2.5));
#9541=CARTESIAN_POINT('',(39.8088828160516,94.4157484071386,2.5));
#9542=CARTESIAN_POINT('',(39.8807466583936,118.786489711356,1.9));
#9543=CARTESIAN_POINT('Origin',(37.3636979462762,118.320113502401,1.9));
#9544=CARTESIAN_POINT('Ctrl Pts',(35.9914685807556,119.055940860031,2.5));
#9545=CARTESIAN_POINT('Ctrl Pts',(35.9914685807556,119.055940860031,1.9));
#9546=CARTESIAN_POINT('Ctrl Pts',(36.0048987323315,118.9996478435,2.5));
#9547=CARTESIAN_POINT('Ctrl Pts',(36.0048987323315,118.9996478435,1.9));
#9548=CARTESIAN_POINT('Ctrl Pts',(36.037219472989,118.864174168625,2.5));
#9549=CARTESIAN_POINT('Ctrl Pts',(36.037219472989,118.864174168625,1.9));
#9550=CARTESIAN_POINT('Ctrl Pts',(36.0372034632074,118.724683875397,2.5));
#9551=CARTESIAN_POINT('Ctrl Pts',(36.0372034632074,118.724683875397,1.9));
#9552=CARTESIAN_POINT('Ctrl Pts',(36.0371941059278,118.643155613463,2.5));
#9553=CARTESIAN_POINT('Ctrl Pts',(36.0371941059278,118.643155613463,1.9));
#9554=CARTESIAN_POINT('',(35.9914685807556,119.055940860031,2.5));
#9555=CARTESIAN_POINT('',(36.0371941059278,118.643155613463,2.5));
#9556=CARTESIAN_POINT('Ctrl Pts',(35.9914685807556,119.055940860031,2.5));
#9557=CARTESIAN_POINT('Ctrl Pts',(36.0048987323315,118.9996478435,2.5));
#9558=CARTESIAN_POINT('Ctrl Pts',(36.037219472989,118.864174168625,2.5));
#9559=CARTESIAN_POINT('Ctrl Pts',(36.0372034632074,118.724683875397,2.5));
#9560=CARTESIAN_POINT('Ctrl Pts',(36.0371941059278,118.643155613463,2.5));
#9561=CARTESIAN_POINT('',(35.9914685807556,119.055940860031,1.9));
#9562=CARTESIAN_POINT('',(35.9914685807556,119.055940860031,2.5));
#9563=CARTESIAN_POINT('',(36.0371941059278,118.643155613463,1.9));
#9564=CARTESIAN_POINT('Ctrl Pts',(35.9914685807556,119.055940860031,1.9));
#9565=CARTESIAN_POINT('Ctrl Pts',(36.0048987323315,118.9996478435,1.9));
#9566=CARTESIAN_POINT('Ctrl Pts',(36.037219472989,118.864174168625,1.9));
#9567=CARTESIAN_POINT('Ctrl Pts',(36.0372034632074,118.724683875397,1.9));
#9568=CARTESIAN_POINT('Ctrl Pts',(36.0371941059278,118.643155613463,1.9));
#9569=CARTESIAN_POINT('',(36.0371941059278,118.643155613463,2.5));
#9570=CARTESIAN_POINT('Ctrl Pts',(35.7957048466211,119.277961815299,2.5));
#9571=CARTESIAN_POINT('Ctrl Pts',(35.7957048466211,119.277961815299,1.9));
#9572=CARTESIAN_POINT('Ctrl Pts',(35.8406316446884,119.24781524553,2.5));
#9573=CARTESIAN_POINT('Ctrl Pts',(35.8406316446884,119.24781524553,1.9));
#9574=CARTESIAN_POINT('Ctrl Pts',(35.9255798237637,119.190813715989,2.5));
#9575=CARTESIAN_POINT('Ctrl Pts',(35.9255798237637,119.190813715989,1.9));
#9576=CARTESIAN_POINT('Ctrl Pts',(35.9703677699185,119.099133761985,2.5));
#9577=CARTESIAN_POINT('Ctrl Pts',(35.9703677699185,119.099133761985,1.9));
#9578=CARTESIAN_POINT('Ctrl Pts',(35.9914685807556,119.055940860031,2.5));
#9579=CARTESIAN_POINT('Ctrl Pts',(35.9914685807556,119.055940860031,1.9));
#9580=CARTESIAN_POINT('',(35.7957048466211,119.277961815299,2.5));
#9581=CARTESIAN_POINT('Ctrl Pts',(35.7957048466211,119.277961815299,2.5));
#9582=CARTESIAN_POINT('Ctrl Pts',(35.8406316446884,119.24781524553,2.5));
#9583=CARTESIAN_POINT('Ctrl Pts',(35.9255798237637,119.190813715989,2.5));
#9584=CARTESIAN_POINT('Ctrl Pts',(35.9703677699185,119.099133761985,2.5));
#9585=CARTESIAN_POINT('Ctrl Pts',(35.9914685807556,119.055940860031,2.5));
#9586=CARTESIAN_POINT('',(35.7957048466211,119.277961815299,1.9));
#9587=CARTESIAN_POINT('',(35.7957048466211,119.277961815299,2.5));
#9588=CARTESIAN_POINT('Ctrl Pts',(35.7957048466211,119.277961815299,1.9));
#9589=CARTESIAN_POINT('Ctrl Pts',(35.8406316446884,119.24781524553,1.9));
#9590=CARTESIAN_POINT('Ctrl Pts',(35.9255798237637,119.190813715989,1.9));
#9591=CARTESIAN_POINT('Ctrl Pts',(35.9703677699185,119.099133761985,1.9));
#9592=CARTESIAN_POINT('Ctrl Pts',(35.9914685807556,119.055940860031,1.9));
#9593=CARTESIAN_POINT('Ctrl Pts',(35.4167219545353,119.367907644956,2.5));
#9594=CARTESIAN_POINT('Ctrl Pts',(35.4167219545353,119.367907644956,1.9));
#9595=CARTESIAN_POINT('Ctrl Pts',(35.4878147767363,119.365205713104,2.5));
#9596=CARTESIAN_POINT('Ctrl Pts',(35.4878147767363,119.365205713104,1.9));
#9597=CARTESIAN_POINT('Ctrl Pts',(35.6203238200137,119.360169615314,2.5));
#9598=CARTESIAN_POINT('Ctrl Pts',(35.6203238200137,119.360169615314,1.9));
#9599=CARTESIAN_POINT('Ctrl Pts',(35.7401615942314,119.303997063655,2.5));
#9600=CARTESIAN_POINT('Ctrl Pts',(35.7401615942314,119.303997063655,1.9));
#9601=CARTESIAN_POINT('Ctrl Pts',(35.7957048466211,119.277961815299,2.5));
#9602=CARTESIAN_POINT('Ctrl Pts',(35.7957048466211,119.277961815299,1.9));
#9603=CARTESIAN_POINT('',(35.4167219545353,119.367907644956,2.5));
#9604=CARTESIAN_POINT('Ctrl Pts',(35.4167219545353,119.367907644956,2.5));
#9605=CARTESIAN_POINT('Ctrl Pts',(35.4878147767363,119.365205713104,2.5));
#9606=CARTESIAN_POINT('Ctrl Pts',(35.6203238200137,119.360169615314,2.5));
#9607=CARTESIAN_POINT('Ctrl Pts',(35.7401615942314,119.303997063655,2.5));
#9608=CARTESIAN_POINT('Ctrl Pts',(35.7957048466211,119.277961815299,2.5));
#9609=CARTESIAN_POINT('',(35.4167219545353,119.367907644956,1.9));
#9610=CARTESIAN_POINT('',(35.4167219545353,119.367907644956,2.5));
#9611=CARTESIAN_POINT('Ctrl Pts',(35.4167219545353,119.367907644956,1.9));
#9612=CARTESIAN_POINT('Ctrl Pts',(35.4878147767363,119.365205713104,1.9));
#9613=CARTESIAN_POINT('Ctrl Pts',(35.6203238200137,119.360169615314,1.9));
#9614=CARTESIAN_POINT('Ctrl Pts',(35.7401615942314,119.303997063655,1.9));
#9615=CARTESIAN_POINT('Ctrl Pts',(35.7957048466211,119.277961815299,1.9));
#9616=CARTESIAN_POINT('Ctrl Pts',(35.1169861425716,119.311348464495,2.5));
#9617=CARTESIAN_POINT('Ctrl Pts',(35.1169861425716,119.311348464495,1.9));
#9618=CARTESIAN_POINT('Ctrl Pts',(35.1632517844969,119.327957209443,2.5));
#9619=CARTESIAN_POINT('Ctrl Pts',(35.1632517844969,119.327957209443,1.9));
#9620=CARTESIAN_POINT('Ctrl Pts',(35.2600850833979,119.362719065044,2.5));
#9621=CARTESIAN_POINT('Ctrl Pts',(35.2600850833979,119.362719065044,1.9));
#9622=CARTESIAN_POINT('Ctrl Pts',(35.3629858066093,119.366127640698,2.5));
#9623=CARTESIAN_POINT('Ctrl Pts',(35.3629858066093,119.366127640698,1.9));
#9624=CARTESIAN_POINT('Ctrl Pts',(35.4167219545353,119.367907644956,2.5));
#9625=CARTESIAN_POINT('Ctrl Pts',(35.4167219545353,119.367907644956,1.9));
#9626=CARTESIAN_POINT('',(35.1169861425716,119.311348464495,2.5));
#9627=CARTESIAN_POINT('Ctrl Pts',(35.1169861425716,119.311348464495,2.5));
#9628=CARTESIAN_POINT('Ctrl Pts',(35.1632517844969,119.327957209443,2.5));
#9629=CARTESIAN_POINT('Ctrl Pts',(35.2600850833979,119.362719065044,2.5));
#9630=CARTESIAN_POINT('Ctrl Pts',(35.3629858066093,119.366127640698,2.5));
#9631=CARTESIAN_POINT('Ctrl Pts',(35.4167219545353,119.367907644956,2.5));
#9632=CARTESIAN_POINT('',(35.1169861425716,119.311348464495,1.9));
#9633=CARTESIAN_POINT('',(35.1169861425716,119.311348464495,2.5));
#9634=CARTESIAN_POINT('Ctrl Pts',(35.1169861425716,119.311348464495,1.9));
#9635=CARTESIAN_POINT('Ctrl Pts',(35.1632517844969,119.327957209443,1.9));
#9636=CARTESIAN_POINT('Ctrl Pts',(35.2600850833979,119.362719065044,1.9));
#9637=CARTESIAN_POINT('Ctrl Pts',(35.3629858066093,119.366127640698,1.9));
#9638=CARTESIAN_POINT('Ctrl Pts',(35.4167219545353,119.367907644956,1.9));
#9639=CARTESIAN_POINT('Ctrl Pts',(34.9126931026455,119.15444551624,2.5));
#9640=CARTESIAN_POINT('Ctrl Pts',(34.9126931026455,119.15444551624,1.9));
#9641=CARTESIAN_POINT('Ctrl Pts',(34.9403901414892,119.186258849128,2.5));
#9642=CARTESIAN_POINT('Ctrl Pts',(34.9403901414892,119.186258849128,1.9));
#9643=CARTESIAN_POINT('Ctrl Pts',(34.9978563988698,119.25226565896,2.5));
#9644=CARTESIAN_POINT('Ctrl Pts',(34.9978563988698,119.25226565896,1.9));
#9645=CARTESIAN_POINT('Ctrl Pts',(35.0763329640659,119.291186380993,2.5));
#9646=CARTESIAN_POINT('Ctrl Pts',(35.0763329640659,119.291186380993,1.9));
#9647=CARTESIAN_POINT('Ctrl Pts',(35.1169861425716,119.311348464495,2.5));
#9648=CARTESIAN_POINT('Ctrl Pts',(35.1169861425716,119.311348464495,1.9));
#9649=CARTESIAN_POINT('',(34.9126931026455,119.15444551624,2.5));
#9650=CARTESIAN_POINT('Ctrl Pts',(34.9126931026455,119.15444551624,2.5));
#9651=CARTESIAN_POINT('Ctrl Pts',(34.9403901414892,119.186258849128,2.5));
#9652=CARTESIAN_POINT('Ctrl Pts',(34.9978563988698,119.25226565896,2.5));
#9653=CARTESIAN_POINT('Ctrl Pts',(35.0763329640659,119.291186380993,2.5));
#9654=CARTESIAN_POINT('Ctrl Pts',(35.1169861425716,119.311348464495,2.5));
#9655=CARTESIAN_POINT('',(34.9126931026455,119.15444551624,1.9));
#9656=CARTESIAN_POINT('',(34.9126931026455,119.15444551624,2.5));
#9657=CARTESIAN_POINT('Ctrl Pts',(34.9126931026455,119.15444551624,1.9));
#9658=CARTESIAN_POINT('Ctrl Pts',(34.9403901414892,119.186258849128,1.9));
#9659=CARTESIAN_POINT('Ctrl Pts',(34.9978563988698,119.25226565896,1.9));
#9660=CARTESIAN_POINT('Ctrl Pts',(35.0763329640659,119.291186380993,1.9));
#9661=CARTESIAN_POINT('Ctrl Pts',(35.1169861425716,119.311348464495,1.9));
#9662=CARTESIAN_POINT('Ctrl Pts',(34.8237535061165,118.946553596525,2.5));
#9663=CARTESIAN_POINT('Ctrl Pts',(34.8237535061165,118.946553596525,1.9));
#9664=CARTESIAN_POINT('Ctrl Pts',(34.8316388882986,118.982752479641,2.5));
#9665=CARTESIAN_POINT('Ctrl Pts',(34.8316388882986,118.982752479641,1.9));
#9666=CARTESIAN_POINT('Ctrl Pts',(34.8479613249606,119.057682770048,2.5));
#9667=CARTESIAN_POINT('Ctrl Pts',(34.8479613249606,119.057682770048,1.9));
#9668=CARTESIAN_POINT('Ctrl Pts',(34.8906350752098,119.121472602679,2.5));
#9669=CARTESIAN_POINT('Ctrl Pts',(34.8906350752098,119.121472602679,1.9));
#9670=CARTESIAN_POINT('Ctrl Pts',(34.9126931026455,119.15444551624,2.5));
#9671=CARTESIAN_POINT('Ctrl Pts',(34.9126931026455,119.15444551624,1.9));
#9672=CARTESIAN_POINT('',(34.8237535061165,118.946553596525,2.5));
#9673=CARTESIAN_POINT('Ctrl Pts',(34.8237535061165,118.946553596525,2.5));
#9674=CARTESIAN_POINT('Ctrl Pts',(34.8316388882986,118.982752479641,2.5));
#9675=CARTESIAN_POINT('Ctrl Pts',(34.8479613249606,119.057682770048,2.5));
#9676=CARTESIAN_POINT('Ctrl Pts',(34.8906350752098,119.121472602679,2.5));
#9677=CARTESIAN_POINT('Ctrl Pts',(34.9126931026455,119.15444551624,2.5));
#9678=CARTESIAN_POINT('',(34.8237535061165,118.946553596525,1.9));
#9679=CARTESIAN_POINT('',(34.8237535061165,118.946553596525,2.5));
#9680=CARTESIAN_POINT('Ctrl Pts',(34.8237535061165,118.946553596525,1.9));
#9681=CARTESIAN_POINT('Ctrl Pts',(34.8316388882986,118.982752479641,1.9));
#9682=CARTESIAN_POINT('Ctrl Pts',(34.8479613249606,119.057682770048,1.9));
#9683=CARTESIAN_POINT('Ctrl Pts',(34.8906350752098,119.121472602679,1.9));
#9684=CARTESIAN_POINT('Ctrl Pts',(34.9126931026455,119.15444551624,1.9));
#9685=CARTESIAN_POINT('Ctrl Pts',(34.8079734639672,118.622324416972,2.5));
#9686=CARTESIAN_POINT('Ctrl Pts',(34.8079734639672,118.622324416972,1.9));
#9687=CARTESIAN_POINT('Ctrl Pts',(34.8082482604189,118.685435576472,2.5));
#9688=CARTESIAN_POINT('Ctrl Pts',(34.8082482604189,118.685435576472,1.9));
#9689=CARTESIAN_POINT('Ctrl Pts',(34.8087199655826,118.793769798564,2.5));
#9690=CARTESIAN_POINT('Ctrl Pts',(34.8087199655826,118.793769798564,1.9));
#9691=CARTESIAN_POINT('Ctrl Pts',(34.8193260851319,118.901558328001,2.5));
#9692=CARTESIAN_POINT('Ctrl Pts',(34.8193260851319,118.901558328001,1.9));
#9693=CARTESIAN_POINT('Ctrl Pts',(34.8237535061165,118.946553596525,2.5));
#9694=CARTESIAN_POINT('Ctrl Pts',(34.8237535061165,118.946553596525,1.9));
#9695=CARTESIAN_POINT('',(34.8079734639672,118.622324416972,2.5));
#9696=CARTESIAN_POINT('Ctrl Pts',(34.8079734639672,118.622324416972,2.5));
#9697=CARTESIAN_POINT('Ctrl Pts',(34.8082482604189,118.685435576472,2.5));
#9698=CARTESIAN_POINT('Ctrl Pts',(34.8087199655826,118.793769798564,2.5));
#9699=CARTESIAN_POINT('Ctrl Pts',(34.8193260851319,118.901558328001,2.5));
#9700=CARTESIAN_POINT('Ctrl Pts',(34.8237535061165,118.946553596525,2.5));
#9701=CARTESIAN_POINT('',(34.8079734639672,118.622324416972,1.9));
#9702=CARTESIAN_POINT('',(34.8079734639672,118.622324416972,2.5));
#9703=CARTESIAN_POINT('Ctrl Pts',(34.8079734639672,118.622324416972,1.9));
#9704=CARTESIAN_POINT('Ctrl Pts',(34.8082482604189,118.685435576472,1.9));
#9705=CARTESIAN_POINT('Ctrl Pts',(34.8087199655826,118.793769798564,1.9));
#9706=CARTESIAN_POINT('Ctrl Pts',(34.8193260851319,118.901558328001,1.9));
#9707=CARTESIAN_POINT('Ctrl Pts',(34.8237535061165,118.946553596525,1.9));
#9708=CARTESIAN_POINT('Origin',(34.8062504690055,118.038015770062,2.5));
#9709=CARTESIAN_POINT('',(34.8062504690055,118.038015770062,2.5));
#9710=CARTESIAN_POINT('',(34.7355122197202,94.048989892126,2.5));
#9711=CARTESIAN_POINT('',(34.8062504690055,118.038015770062,1.9));
#9712=CARTESIAN_POINT('',(34.8062504690055,118.038015770062,2.5));
#9713=CARTESIAN_POINT('',(34.8062504690055,118.038015770062,1.9));
#9714=CARTESIAN_POINT('Ctrl Pts',(34.8531294766183,117.5974802943,2.5));
#9715=CARTESIAN_POINT('Ctrl Pts',(34.8531294766183,117.5974802943,1.9));
#9716=CARTESIAN_POINT('Ctrl Pts',(34.8393445708968,117.658385676317,2.5));
#9717=CARTESIAN_POINT('Ctrl Pts',(34.8393445708968,117.658385676317,1.9));
#9718=CARTESIAN_POINT('Ctrl Pts',(34.806567946044,117.803201527671,2.5));
#9719=CARTESIAN_POINT('Ctrl Pts',(34.806567946044,117.803201527671,1.9));
#9720=CARTESIAN_POINT('Ctrl Pts',(34.8063669385365,117.951871887598,2.5));
#9721=CARTESIAN_POINT('Ctrl Pts',(34.8063669385365,117.951871887598,1.9));
#9722=CARTESIAN_POINT('Ctrl Pts',(34.8062504690055,118.038015770062,2.5));
#9723=CARTESIAN_POINT('Ctrl Pts',(34.8062504690055,118.038015770062,1.9));
#9724=CARTESIAN_POINT('',(34.8531294766183,117.5974802943,2.5));
#9725=CARTESIAN_POINT('Ctrl Pts',(34.8531294766183,117.5974802943,2.5));
#9726=CARTESIAN_POINT('Ctrl Pts',(34.8393445708968,117.658385676317,2.5));
#9727=CARTESIAN_POINT('Ctrl Pts',(34.806567946044,117.803201527671,2.5));
#9728=CARTESIAN_POINT('Ctrl Pts',(34.8063669385365,117.951871887598,2.5));
#9729=CARTESIAN_POINT('Ctrl Pts',(34.8062504690055,118.038015770062,2.5));
#9730=CARTESIAN_POINT('',(34.8531294766183,117.5974802943,1.9));
#9731=CARTESIAN_POINT('',(34.8531294766183,117.5974802943,2.5));
#9732=CARTESIAN_POINT('Ctrl Pts',(34.8531294766183,117.5974802943,1.9));
#9733=CARTESIAN_POINT('Ctrl Pts',(34.8393445708968,117.658385676317,1.9));
#9734=CARTESIAN_POINT('Ctrl Pts',(34.806567946044,117.803201527671,1.9));
#9735=CARTESIAN_POINT('Ctrl Pts',(34.8063669385365,117.951871887598,1.9));
#9736=CARTESIAN_POINT('Ctrl Pts',(34.8062504690055,118.038015770062,1.9));
#9737=CARTESIAN_POINT('Ctrl Pts',(35.0488704726886,117.367748319662,2.5));
#9738=CARTESIAN_POINT('Ctrl Pts',(35.0488704726886,117.367748319662,1.9));
#9739=CARTESIAN_POINT('Ctrl Pts',(35.0039474080085,117.397433639206,2.5));
#9740=CARTESIAN_POINT('Ctrl Pts',(35.0039474080085,117.397433639206,1.9));
#9741=CARTESIAN_POINT('Ctrl Pts',(34.9164498795862,117.455252314513,2.5));
#9742=CARTESIAN_POINT('Ctrl Pts',(34.9164498795862,117.455252314513,1.9));
#9743=CARTESIAN_POINT('Ctrl Pts',(34.8738551697936,117.550926998177,2.5));
#9744=CARTESIAN_POINT('Ctrl Pts',(34.8738551697936,117.550926998177,1.9));
#9745=CARTESIAN_POINT('Ctrl Pts',(34.8531294766183,117.5974802943,2.5));
#9746=CARTESIAN_POINT('Ctrl Pts',(34.8531294766183,117.5974802943,1.9));
#9747=CARTESIAN_POINT('',(35.0488704726886,117.367748319662,2.5));
#9748=CARTESIAN_POINT('Ctrl Pts',(35.0488704726886,117.367748319662,2.5));
#9749=CARTESIAN_POINT('Ctrl Pts',(35.0039474080085,117.397433639206,2.5));
#9750=CARTESIAN_POINT('Ctrl Pts',(34.9164498795862,117.455252314513,2.5));
#9751=CARTESIAN_POINT('Ctrl Pts',(34.8738551697936,117.550926998177,2.5));
#9752=CARTESIAN_POINT('Ctrl Pts',(34.8531294766183,117.5974802943,2.5));
#9753=CARTESIAN_POINT('',(35.0488704726886,117.367748319662,1.9));
#9754=CARTESIAN_POINT('',(35.0488704726886,117.367748319662,2.5));
#9755=CARTESIAN_POINT('Ctrl Pts',(35.0488704726886,117.367748319662,1.9));
#9756=CARTESIAN_POINT('Ctrl Pts',(35.0039474080085,117.397433639206,1.9));
#9757=CARTESIAN_POINT('Ctrl Pts',(34.9164498795862,117.455252314513,1.9));
#9758=CARTESIAN_POINT('Ctrl Pts',(34.8738551697936,117.550926998177,1.9));
#9759=CARTESIAN_POINT('Ctrl Pts',(34.8531294766183,117.5974802943,1.9));
#9760=CARTESIAN_POINT('Ctrl Pts',(35.425400634261,117.283870349186,2.5));
#9761=CARTESIAN_POINT('Ctrl Pts',(35.425400634261,117.283870349186,1.9));
#9762=CARTESIAN_POINT('Ctrl Pts',(35.3548503360419,117.286325342268,2.5));
#9763=CARTESIAN_POINT('Ctrl Pts',(35.3548503360419,117.286325342268,1.9));
#9764=CARTESIAN_POINT('Ctrl Pts',(35.2238835224853,117.290882695382,2.5));
#9765=CARTESIAN_POINT('Ctrl Pts',(35.2238835224853,117.290882695382,1.9));
#9766=CARTESIAN_POINT('Ctrl Pts',(35.1041191647685,117.343483127939,2.5));
#9767=CARTESIAN_POINT('Ctrl Pts',(35.1041191647685,117.343483127939,1.9));
#9768=CARTESIAN_POINT('Ctrl Pts',(35.0488704726886,117.367748319662,2.5));
#9769=CARTESIAN_POINT('Ctrl Pts',(35.0488704726886,117.367748319662,1.9));
#9770=CARTESIAN_POINT('',(35.425400634261,117.283870349186,2.5));
#9771=CARTESIAN_POINT('Ctrl Pts',(35.425400634261,117.283870349186,2.5));
#9772=CARTESIAN_POINT('Ctrl Pts',(35.3548503360419,117.286325342268,2.5));
#9773=CARTESIAN_POINT('Ctrl Pts',(35.2238835224853,117.290882695382,2.5));
#9774=CARTESIAN_POINT('Ctrl Pts',(35.1041191647685,117.343483127939,2.5));
#9775=CARTESIAN_POINT('Ctrl Pts',(35.0488704726886,117.367748319662,2.5));
#9776=CARTESIAN_POINT('',(35.425400634261,117.283870349186,1.9));
#9777=CARTESIAN_POINT('',(35.425400634261,117.283870349186,2.5));
#9778=CARTESIAN_POINT('Ctrl Pts',(35.425400634261,117.283870349186,1.9));
#9779=CARTESIAN_POINT('Ctrl Pts',(35.3548503360419,117.286325342268,1.9));
#9780=CARTESIAN_POINT('Ctrl Pts',(35.2238835224853,117.290882695382,1.9));
#9781=CARTESIAN_POINT('Ctrl Pts',(35.1041191647685,117.343483127939,1.9));
#9782=CARTESIAN_POINT('Ctrl Pts',(35.0488704726886,117.367748319662,1.9));
#9783=CARTESIAN_POINT('Ctrl Pts',(35.795668752789,117.380514758788,2.5));
#9784=CARTESIAN_POINT('Ctrl Pts',(35.795668752789,117.380514758788,1.9));
#9785=CARTESIAN_POINT('Ctrl Pts',(35.7408422087729,117.35219290415,2.5));
#9786=CARTESIAN_POINT('Ctrl Pts',(35.7408422087729,117.35219290415,1.9));
#9787=CARTESIAN_POINT('Ctrl Pts',(35.6248831983731,117.292291732275,2.5));
#9788=CARTESIAN_POINT('Ctrl Pts',(35.6248831983731,117.292291732275,1.9));
#9789=CARTESIAN_POINT('Ctrl Pts',(35.4942625657679,117.286777433863,2.5));
#9790=CARTESIAN_POINT('Ctrl Pts',(35.4942625657679,117.286777433863,1.9));
#9791=CARTESIAN_POINT('Ctrl Pts',(35.425400634261,117.283870349186,2.5));
#9792=CARTESIAN_POINT('Ctrl Pts',(35.425400634261,117.283870349186,1.9));
#9793=CARTESIAN_POINT('',(35.795668752789,117.380514758788,2.5));
#9794=CARTESIAN_POINT('Ctrl Pts',(35.795668752789,117.380514758788,2.5));
#9795=CARTESIAN_POINT('Ctrl Pts',(35.7408422087729,117.35219290415,2.5));
#9796=CARTESIAN_POINT('Ctrl Pts',(35.6248831983731,117.292291732275,2.5));
#9797=CARTESIAN_POINT('Ctrl Pts',(35.4942625657679,117.286777433863,2.5));
#9798=CARTESIAN_POINT('Ctrl Pts',(35.425400634261,117.283870349186,2.5));
#9799=CARTESIAN_POINT('',(35.795668752789,117.380514758788,1.9));
#9800=CARTESIAN_POINT('',(35.795668752789,117.380514758788,2.5));
#9801=CARTESIAN_POINT('Ctrl Pts',(35.795668752789,117.380514758788,1.9));
#9802=CARTESIAN_POINT('Ctrl Pts',(35.7408422087729,117.35219290415,1.9));
#9803=CARTESIAN_POINT('Ctrl Pts',(35.6248831983731,117.292291732275,1.9));
#9804=CARTESIAN_POINT('Ctrl Pts',(35.4942625657679,117.286777433863,1.9));
#9805=CARTESIAN_POINT('Ctrl Pts',(35.425400634261,117.283870349186,1.9));
#9806=CARTESIAN_POINT('Ctrl Pts',(35.990285970879,117.607580647083,2.5));
#9807=CARTESIAN_POINT('Ctrl Pts',(35.990285970879,117.607580647083,1.9));
#9808=CARTESIAN_POINT('Ctrl Pts',(35.9695095902503,117.564677028491,2.5));
#9809=CARTESIAN_POINT('Ctrl Pts',(35.9695095902503,117.564677028491,1.9));
#9810=CARTESIAN_POINT('Ctrl Pts',(35.9247252285607,117.47219647535,2.5));
#9811=CARTESIAN_POINT('Ctrl Pts',(35.9247252285607,117.47219647535,1.9));
#9812=CARTESIAN_POINT('Ctrl Pts',(35.8407084374724,117.412510949452,2.5));
#9813=CARTESIAN_POINT('Ctrl Pts',(35.8407084374724,117.412510949452,1.9));
#9814=CARTESIAN_POINT('Ctrl Pts',(35.795668752789,117.380514758788,2.5));
#9815=CARTESIAN_POINT('Ctrl Pts',(35.795668752789,117.380514758788,1.9));
#9816=CARTESIAN_POINT('',(35.990285970879,117.607580647083,2.5));
#9817=CARTESIAN_POINT('Ctrl Pts',(35.990285970879,117.607580647083,2.5));
#9818=CARTESIAN_POINT('Ctrl Pts',(35.9695095902503,117.564677028491,2.5));
#9819=CARTESIAN_POINT('Ctrl Pts',(35.9247252285607,117.47219647535,2.5));
#9820=CARTESIAN_POINT('Ctrl Pts',(35.8407084374724,117.412510949452,2.5));
#9821=CARTESIAN_POINT('Ctrl Pts',(35.795668752789,117.380514758788,2.5));
#9822=CARTESIAN_POINT('',(35.990285970879,117.607580647083,1.9));
#9823=CARTESIAN_POINT('',(35.990285970879,117.607580647083,2.5));
#9824=CARTESIAN_POINT('Ctrl Pts',(35.990285970879,117.607580647083,1.9));
#9825=CARTESIAN_POINT('Ctrl Pts',(35.9695095902503,117.564677028491,1.9));
#9826=CARTESIAN_POINT('Ctrl Pts',(35.9247252285607,117.47219647535,1.9));
#9827=CARTESIAN_POINT('Ctrl Pts',(35.8407084374724,117.412510949452,1.9));
#9828=CARTESIAN_POINT('Ctrl Pts',(35.795668752789,117.380514758788,1.9));
#9829=CARTESIAN_POINT('Ctrl Pts',(36.0354387245597,118.047863964433,2.5));
#9830=CARTESIAN_POINT('Ctrl Pts',(36.0354387245597,118.047863964433,1.9));
#9831=CARTESIAN_POINT('Ctrl Pts',(36.035320882901,117.958977681207,2.5));
#9832=CARTESIAN_POINT('Ctrl Pts',(36.035320882901,117.958977681207,1.9));
#9833=CARTESIAN_POINT('Ctrl Pts',(36.0351240094792,117.810478865649,2.5));
#9834=CARTESIAN_POINT('Ctrl Pts',(36.0351240094792,117.810478865649,1.9));
#9835=CARTESIAN_POINT('Ctrl Pts',(36.0031296194973,117.66569990265,2.5));
#9836=CARTESIAN_POINT('Ctrl Pts',(36.0031296194973,117.66569990265,1.9));
#9837=CARTESIAN_POINT('Ctrl Pts',(35.990285970879,117.607580647083,2.5));
#9838=CARTESIAN_POINT('Ctrl Pts',(35.990285970879,117.607580647083,1.9));
#9839=CARTESIAN_POINT('',(36.0354387245597,118.047863964433,2.5));
#9840=CARTESIAN_POINT('Ctrl Pts',(36.0354387245597,118.047863964433,2.5));
#9841=CARTESIAN_POINT('Ctrl Pts',(36.035320882901,117.958977681207,2.5));
#9842=CARTESIAN_POINT('Ctrl Pts',(36.0351240094792,117.810478865649,2.5));
#9843=CARTESIAN_POINT('Ctrl Pts',(36.0031296194973,117.66569990265,2.5));
#9844=CARTESIAN_POINT('Ctrl Pts',(35.990285970879,117.607580647083,2.5));
#9845=CARTESIAN_POINT('',(36.0354387245597,118.047863964433,1.9));
#9846=CARTESIAN_POINT('',(36.0354387245597,118.047863964433,2.5));
#9847=CARTESIAN_POINT('Ctrl Pts',(36.0354387245597,118.047863964433,1.9));
#9848=CARTESIAN_POINT('Ctrl Pts',(36.035320882901,117.958977681207,1.9));
#9849=CARTESIAN_POINT('Ctrl Pts',(36.0351240094792,117.810478865649,1.9));
#9850=CARTESIAN_POINT('Ctrl Pts',(36.0031296194973,117.66569990265,1.9));
#9851=CARTESIAN_POINT('Ctrl Pts',(35.990285970879,117.607580647083,1.9));
#9852=CARTESIAN_POINT('Origin',(36.0356685561741,118.12580534129,2.5));
#9853=CARTESIAN_POINT('',(36.0356685561741,118.12580534129,2.5));
#9854=CARTESIAN_POINT('',(35.9647955271316,94.091072436272,2.5));
#9855=CARTESIAN_POINT('',(36.0356685561741,118.12580534129,1.9));
#9856=CARTESIAN_POINT('',(36.0356685561741,118.12580534129,2.5));
#9857=CARTESIAN_POINT('',(36.0356685561741,118.12580534129,1.9));
#9858=CARTESIAN_POINT('Origin',(35.5155965987423,118.127338916682,2.5));
#9859=CARTESIAN_POINT('',(35.5155965987423,118.127338916682,2.5));
#9860=CARTESIAN_POINT('',(45.3286713284133,118.09840236336,2.5));
#9861=CARTESIAN_POINT('',(35.5155965987423,118.127338916682,1.9));
#9862=CARTESIAN_POINT('',(35.5155965987423,118.127338916682,2.5));
#9863=CARTESIAN_POINT('',(35.5155965987423,118.127338916682,1.9));
#9864=CARTESIAN_POINT('Origin',(35.5148553100794,117.875950267729,2.5));
#9865=CARTESIAN_POINT('',(35.5148553100794,117.875950267729,2.5));
#9866=CARTESIAN_POINT('',(35.4443529253685,93.9669116871877,2.5));
#9867=CARTESIAN_POINT('',(35.5148553100794,117.875950267729,1.9));
#9868=CARTESIAN_POINT('',(35.5148553100794,117.875950267729,2.5));
#9869=CARTESIAN_POINT('',(35.5148553100794,117.875950267729,1.9));
#9870=CARTESIAN_POINT('Ctrl Pts',(35.4963260251906,117.666721657928,2.5));
#9871=CARTESIAN_POINT('Ctrl Pts',(35.4963260251906,117.666721657928,1.9));
#9872=CARTESIAN_POINT('Ctrl Pts',(35.5015321437632,117.691506817979,2.5));
#9873=CARTESIAN_POINT('Ctrl Pts',(35.5015321437632,117.691506817979,1.9));
#9874=CARTESIAN_POINT('Ctrl Pts',(35.5159918453359,117.760346206244,2.5));
#9875=CARTESIAN_POINT('Ctrl Pts',(35.5159918453359,117.760346206244,1.9));
#9876=CARTESIAN_POINT('Ctrl Pts',(35.5152988177384,117.830838348509,2.5));
#9877=CARTESIAN_POINT('Ctrl Pts',(35.5152988177384,117.830838348509,1.9));
#9878=CARTESIAN_POINT('Ctrl Pts',(35.5148553100794,117.875950267729,2.5));
#9879=CARTESIAN_POINT('Ctrl Pts',(35.5148553100794,117.875950267729,1.9));
#9880=CARTESIAN_POINT('',(35.4963260251906,117.666721657928,2.5));
#9881=CARTESIAN_POINT('Ctrl Pts',(35.4963260251906,117.666721657928,2.5));
#9882=CARTESIAN_POINT('Ctrl Pts',(35.5015321437632,117.691506817979,2.5));
#9883=CARTESIAN_POINT('Ctrl Pts',(35.5159918453359,117.760346206244,2.5));
#9884=CARTESIAN_POINT('Ctrl Pts',(35.5152988177384,117.830838348509,2.5));
#9885=CARTESIAN_POINT('Ctrl Pts',(35.5148553100794,117.875950267729,2.5));
#9886=CARTESIAN_POINT('',(35.4963260251906,117.666721657928,1.9));
#9887=CARTESIAN_POINT('',(35.4963260251906,117.666721657928,2.5));
#9888=CARTESIAN_POINT('Ctrl Pts',(35.4963260251906,117.666721657928,1.9));
#9889=CARTESIAN_POINT('Ctrl Pts',(35.5015321437632,117.691506817979,1.9));
#9890=CARTESIAN_POINT('Ctrl Pts',(35.5159918453359,117.760346206244,1.9));
#9891=CARTESIAN_POINT('Ctrl Pts',(35.5152988177384,117.830838348509,1.9));
#9892=CARTESIAN_POINT('Ctrl Pts',(35.5148553100794,117.875950267729,1.9));
#9893=CARTESIAN_POINT('Ctrl Pts',(35.4202220797779,117.622367712744,2.5));
#9894=CARTESIAN_POINT('Ctrl Pts',(35.4202220797779,117.622367712744,1.9));
#9895=CARTESIAN_POINT('Ctrl Pts',(35.4376851054614,117.623670728336,2.5));
#9896=CARTESIAN_POINT('Ctrl Pts',(35.4376851054614,117.623670728336,1.9));
#9897=CARTESIAN_POINT('Ctrl Pts',(35.4705841101177,117.626125510045,2.5));
#9898=CARTESIAN_POINT('Ctrl Pts',(35.4705841101177,117.626125510045,1.9));
#9899=CARTESIAN_POINT('Ctrl Pts',(35.4881052370585,117.653757108484,2.5));
#9900=CARTESIAN_POINT('Ctrl Pts',(35.4881052370585,117.653757108484,1.9));
#9901=CARTESIAN_POINT('Ctrl Pts',(35.4963260251906,117.666721657928,2.5));
#9902=CARTESIAN_POINT('Ctrl Pts',(35.4963260251906,117.666721657928,1.9));
#9903=CARTESIAN_POINT('',(35.4202220797779,117.622367712744,2.5));
#9904=CARTESIAN_POINT('Ctrl Pts',(35.4202220797779,117.622367712744,2.5));
#9905=CARTESIAN_POINT('Ctrl Pts',(35.4376851054614,117.623670728336,2.5));
#9906=CARTESIAN_POINT('Ctrl Pts',(35.4705841101177,117.626125510045,2.5));
#9907=CARTESIAN_POINT('Ctrl Pts',(35.4881052370585,117.653757108484,2.5));
#9908=CARTESIAN_POINT('Ctrl Pts',(35.4963260251906,117.666721657928,2.5));
#9909=CARTESIAN_POINT('',(35.4202220797779,117.622367712744,1.9));
#9910=CARTESIAN_POINT('',(35.4202220797779,117.622367712744,2.5));
#9911=CARTESIAN_POINT('Ctrl Pts',(35.4202220797779,117.622367712744,1.9));
#9912=CARTESIAN_POINT('Ctrl Pts',(35.4376851054614,117.623670728336,1.9));
#9913=CARTESIAN_POINT('Ctrl Pts',(35.4705841101177,117.626125510045,1.9));
#9914=CARTESIAN_POINT('Ctrl Pts',(35.4881052370585,117.653757108484,1.9));
#9915=CARTESIAN_POINT('Ctrl Pts',(35.4963260251906,117.666721657928,1.9));
#9916=CARTESIAN_POINT('Ctrl Pts',(35.3425277705828,117.667068928696,2.5));
#9917=CARTESIAN_POINT('Ctrl Pts',(35.3425277705828,117.667068928696,1.9));
#9918=CARTESIAN_POINT('Ctrl Pts',(35.3507458804063,117.654094387225,2.5));
#9919=CARTESIAN_POINT('Ctrl Pts',(35.3507458804063,117.654094387225,1.9));
#9920=CARTESIAN_POINT('Ctrl Pts',(35.3685640905976,117.62596345298,2.5));
#9921=CARTESIAN_POINT('Ctrl Pts',(35.3685640905976,117.62596345298,1.9));
#9922=CARTESIAN_POINT('Ctrl Pts',(35.4021348281997,117.623626705967,2.5));
#9923=CARTESIAN_POINT('Ctrl Pts',(35.4021348281997,117.623626705967,1.9));
#9924=CARTESIAN_POINT('Ctrl Pts',(35.4202220797779,117.622367712744,2.5));
#9925=CARTESIAN_POINT('Ctrl Pts',(35.4202220797779,117.622367712744,1.9));
#9926=CARTESIAN_POINT('',(35.3425277705828,117.667068928696,2.5));
#9927=CARTESIAN_POINT('Ctrl Pts',(35.3425277705828,117.667068928696,2.5));
#9928=CARTESIAN_POINT('Ctrl Pts',(35.3507458804063,117.654094387225,2.5));
#9929=CARTESIAN_POINT('Ctrl Pts',(35.3685640905976,117.62596345298,2.5));
#9930=CARTESIAN_POINT('Ctrl Pts',(35.4021348281997,117.623626705967,2.5));
#9931=CARTESIAN_POINT('Ctrl Pts',(35.4202220797779,117.622367712744,2.5));
#9932=CARTESIAN_POINT('',(35.3425277705828,117.667068928696,1.9));
#9933=CARTESIAN_POINT('',(35.3425277705828,117.667068928696,2.5));
#9934=CARTESIAN_POINT('Ctrl Pts',(35.3425277705828,117.667068928696,1.9));
#9935=CARTESIAN_POINT('Ctrl Pts',(35.3507458804063,117.654094387225,1.9));
#9936=CARTESIAN_POINT('Ctrl Pts',(35.3685640905976,117.62596345298,1.9));
#9937=CARTESIAN_POINT('Ctrl Pts',(35.4021348281997,117.623626705967,1.9));
#9938=CARTESIAN_POINT('Ctrl Pts',(35.4202220797779,117.622367712744,1.9));
#9939=CARTESIAN_POINT('Ctrl Pts',(35.3257940862734,117.857359989457,2.5));
#9940=CARTESIAN_POINT('Ctrl Pts',(35.3257940862734,117.857359989457,1.9));
#9941=CARTESIAN_POINT('Ctrl Pts',(35.3252601437693,117.817008481081,2.5));
#9942=CARTESIAN_POINT('Ctrl Pts',(35.3252601437693,117.817008481081,1.9));
#9943=CARTESIAN_POINT('Ctrl Pts',(35.3244116934481,117.752888749127,2.5));
#9944=CARTESIAN_POINT('Ctrl Pts',(35.3244116934481,117.752888749127,1.9));
#9945=CARTESIAN_POINT('Ctrl Pts',(35.3376284989012,117.690277850408,2.5));
#9946=CARTESIAN_POINT('Ctrl Pts',(35.3376284989012,117.690277850408,1.9));
#9947=CARTESIAN_POINT('Ctrl Pts',(35.3425277705828,117.667068928696,2.5));
#9948=CARTESIAN_POINT('Ctrl Pts',(35.3425277705828,117.667068928696,1.9));
#9949=CARTESIAN_POINT('',(35.3257940862734,117.857359989457,2.5));
#9950=CARTESIAN_POINT('Ctrl Pts',(35.3257940862734,117.857359989457,2.5));
#9951=CARTESIAN_POINT('Ctrl Pts',(35.3252601437693,117.817008481081,2.5));
#9952=CARTESIAN_POINT('Ctrl Pts',(35.3244116934481,117.752888749127,2.5));
#9953=CARTESIAN_POINT('Ctrl Pts',(35.3376284989012,117.690277850408,2.5));
#9954=CARTESIAN_POINT('Ctrl Pts',(35.3425277705828,117.667068928696,2.5));
#9955=CARTESIAN_POINT('',(35.3257940862734,117.857359989457,1.9));
#9956=CARTESIAN_POINT('',(35.3257940862734,117.857359989457,2.5));
#9957=CARTESIAN_POINT('Ctrl Pts',(35.3257940862734,117.857359989457,1.9));
#9958=CARTESIAN_POINT('Ctrl Pts',(35.3252601437693,117.817008481081,1.9));
#9959=CARTESIAN_POINT('Ctrl Pts',(35.3244116934481,117.752888749127,1.9));
#9960=CARTESIAN_POINT('Ctrl Pts',(35.3376284989012,117.690277850408,1.9));
#9961=CARTESIAN_POINT('Ctrl Pts',(35.3425277705828,117.667068928696,1.9));
#9962=CARTESIAN_POINT('Origin',(35.3285333937885,118.786324439834,2.5));
#9963=CARTESIAN_POINT('',(35.3285333937885,118.786324439834,2.5));
#9964=CARTESIAN_POINT('',(35.2566895863222,94.4223774395356,2.5));
#9965=CARTESIAN_POINT('',(35.3285333937885,118.786324439834,1.9));
#9966=CARTESIAN_POINT('',(35.3285333937885,118.786324439834,2.5));
#9967=CARTESIAN_POINT('',(35.3285333937885,118.786324439834,1.9));
#9968=CARTESIAN_POINT('Ctrl Pts',(35.3464108847191,118.983925458827,2.5));
#9969=CARTESIAN_POINT('Ctrl Pts',(35.3464108847191,118.983925458827,1.9));
#9970=CARTESIAN_POINT('Ctrl Pts',(35.3413740025589,118.95991963534,2.5));
#9971=CARTESIAN_POINT('Ctrl Pts',(35.3413740025589,118.95991963534,1.9));
#9972=CARTESIAN_POINT('Ctrl Pts',(35.3277302598608,118.894893440861,2.5));
#9973=CARTESIAN_POINT('Ctrl Pts',(35.3277302598608,118.894893440861,1.9));
#9974=CARTESIAN_POINT('Ctrl Pts',(35.3282227297748,118.828320525993,2.5));
#9975=CARTESIAN_POINT('Ctrl Pts',(35.3282227297748,118.828320525993,1.9));
#9976=CARTESIAN_POINT('Ctrl Pts',(35.3285333937885,118.786324439834,2.5));
#9977=CARTESIAN_POINT('Ctrl Pts',(35.3285333937885,118.786324439834,1.9));
#9978=CARTESIAN_POINT('',(35.3464108847191,118.983925458827,2.5));
#9979=CARTESIAN_POINT('Ctrl Pts',(35.3464108847191,118.983925458827,2.5));
#9980=CARTESIAN_POINT('Ctrl Pts',(35.3413740025589,118.95991963534,2.5));
#9981=CARTESIAN_POINT('Ctrl Pts',(35.3277302598608,118.894893440861,2.5));
#9982=CARTESIAN_POINT('Ctrl Pts',(35.3282227297748,118.828320525993,2.5));
#9983=CARTESIAN_POINT('Ctrl Pts',(35.3285333937885,118.786324439834,2.5));
#9984=CARTESIAN_POINT('',(35.3464108847191,118.983925458827,1.9));
#9985=CARTESIAN_POINT('',(35.3464108847191,118.983925458827,2.5));
#9986=CARTESIAN_POINT('Ctrl Pts',(35.3464108847191,118.983925458827,1.9));
#9987=CARTESIAN_POINT('Ctrl Pts',(35.3413740025589,118.95991963534,1.9));
#9988=CARTESIAN_POINT('Ctrl Pts',(35.3277302598608,118.894893440861,1.9));
#9989=CARTESIAN_POINT('Ctrl Pts',(35.3282227297748,118.828320525993,1.9));
#9990=CARTESIAN_POINT('Ctrl Pts',(35.3285333937885,118.786324439834,1.9));
#9991=CARTESIAN_POINT('Ctrl Pts',(35.428077162491,119.029392067834,2.5));
#9992=CARTESIAN_POINT('Ctrl Pts',(35.428077162491,119.029392067834,1.9));
#9993=CARTESIAN_POINT('Ctrl Pts',(35.4089596071567,119.028324300074,2.5));
#9994=CARTESIAN_POINT('Ctrl Pts',(35.4089596071567,119.028324300074,1.9));
#9995=CARTESIAN_POINT('Ctrl Pts',(35.3738589741072,119.026363833704,2.5));
#9996=CARTESIAN_POINT('Ctrl Pts',(35.3738589741072,119.026363833704,1.9));
#9997=CARTESIAN_POINT('Ctrl Pts',(35.3549988463072,118.997203582785,2.5));
#9998=CARTESIAN_POINT('Ctrl Pts',(35.3549988463072,118.997203582785,1.9));
#9999=CARTESIAN_POINT('Ctrl Pts',(35.3464108847191,118.983925458827,2.5));
#10000=CARTESIAN_POINT('Ctrl Pts',(35.3464108847191,118.983925458827,1.9));
#10001=CARTESIAN_POINT('',(35.428077162491,119.029392067834,2.5));
#10002=CARTESIAN_POINT('Ctrl Pts',(35.428077162491,119.029392067834,2.5));
#10003=CARTESIAN_POINT('Ctrl Pts',(35.4089596071567,119.028324300074,2.5));
#10004=CARTESIAN_POINT('Ctrl Pts',(35.3738589741072,119.026363833704,2.5));
#10005=CARTESIAN_POINT('Ctrl Pts',(35.3549988463072,118.997203582785,2.5));
#10006=CARTESIAN_POINT('Ctrl Pts',(35.3464108847191,118.983925458827,2.5));
#10007=CARTESIAN_POINT('',(35.428077162491,119.029392067834,1.9));
#10008=CARTESIAN_POINT('',(35.428077162491,119.029392067834,2.5));
#10009=CARTESIAN_POINT('Ctrl Pts',(35.428077162491,119.029392067834,1.9));
#10010=CARTESIAN_POINT('Ctrl Pts',(35.4089596071567,119.028324300074,1.9));
#10011=CARTESIAN_POINT('Ctrl Pts',(35.3738589741072,119.026363833704,1.9));
#10012=CARTESIAN_POINT('Ctrl Pts',(35.3549988463072,118.997203582785,1.9));
#10013=CARTESIAN_POINT('Ctrl Pts',(35.3464108847191,118.983925458827,1.9));
#10014=CARTESIAN_POINT('Ctrl Pts',(35.5014680324767,118.991575242118,2.5));
#10015=CARTESIAN_POINT('Ctrl Pts',(35.5014680324767,118.991575242118,1.9));
#10016=CARTESIAN_POINT('Ctrl Pts',(35.4934459639901,119.002535806951,2.5));
#10017=CARTESIAN_POINT('Ctrl Pts',(35.4934459639901,119.002535806951,1.9));
#10018=CARTESIAN_POINT('Ctrl Pts',(35.4755682141427,119.026962204778,2.5));
#10019=CARTESIAN_POINT('Ctrl Pts',(35.4755682141427,119.026962204778,1.9));
#10020=CARTESIAN_POINT('Ctrl Pts',(35.4449541464117,119.028528562852,2.5));
#10021=CARTESIAN_POINT('Ctrl Pts',(35.4449541464117,119.028528562852,1.9));
#10022=CARTESIAN_POINT('Ctrl Pts',(35.428077162491,119.029392067834,2.5));
#10023=CARTESIAN_POINT('Ctrl Pts',(35.428077162491,119.029392067834,1.9));
#10024=CARTESIAN_POINT('',(35.5014680324767,118.991575242118,2.5));
#10025=CARTESIAN_POINT('Ctrl Pts',(35.5014680324767,118.991575242118,2.5));
#10026=CARTESIAN_POINT('Ctrl Pts',(35.4934459639901,119.002535806951,2.5));
#10027=CARTESIAN_POINT('Ctrl Pts',(35.4755682141427,119.026962204778,2.5));
#10028=CARTESIAN_POINT('Ctrl Pts',(35.4449541464117,119.028528562852,2.5));
#10029=CARTESIAN_POINT('Ctrl Pts',(35.428077162491,119.029392067834,2.5));
#10030=CARTESIAN_POINT('',(35.5014680324767,118.991575242118,1.9));
#10031=CARTESIAN_POINT('',(35.5014680324767,118.991575242118,2.5));
#10032=CARTESIAN_POINT('Ctrl Pts',(35.5014680324767,118.991575242118,1.9));
#10033=CARTESIAN_POINT('Ctrl Pts',(35.4934459639901,119.002535806951,1.9));
#10034=CARTESIAN_POINT('Ctrl Pts',(35.4755682141427,119.026962204778,1.9));
#10035=CARTESIAN_POINT('Ctrl Pts',(35.4449541464117,119.028528562852,1.9));
#10036=CARTESIAN_POINT('Ctrl Pts',(35.428077162491,119.029392067834,1.9));
#10037=CARTESIAN_POINT('Ctrl Pts',(35.5175869338091,118.802308963378,2.5));
#10038=CARTESIAN_POINT('Ctrl Pts',(35.5175869338091,118.802308963378,1.9));
#10039=CARTESIAN_POINT('Ctrl Pts',(35.5183380932465,118.843568561714,2.5));
#10040=CARTESIAN_POINT('Ctrl Pts',(35.5183380932465,118.843568561714,1.9));
#10041=CARTESIAN_POINT('Ctrl Pts',(35.5194995028823,118.907362335308,2.5));
#10042=CARTESIAN_POINT('Ctrl Pts',(35.5194995028823,118.907362335308,1.9));
#10043=CARTESIAN_POINT('Ctrl Pts',(35.5061747852686,118.969593156059,2.5));
#10044=CARTESIAN_POINT('Ctrl Pts',(35.5061747852686,118.969593156059,1.9));
#10045=CARTESIAN_POINT('Ctrl Pts',(35.5014680324767,118.991575242118,2.5));
#10046=CARTESIAN_POINT('Ctrl Pts',(35.5014680324767,118.991575242118,1.9));
#10047=CARTESIAN_POINT('',(35.5175869338091,118.802308963378,2.5));
#10048=CARTESIAN_POINT('Ctrl Pts',(35.5175869338091,118.802308963378,2.5));
#10049=CARTESIAN_POINT('Ctrl Pts',(35.5183380932465,118.843568561714,2.5));
#10050=CARTESIAN_POINT('Ctrl Pts',(35.5194995028823,118.907362335308,2.5));
#10051=CARTESIAN_POINT('Ctrl Pts',(35.5061747852686,118.969593156059,2.5));
#10052=CARTESIAN_POINT('Ctrl Pts',(35.5014680324767,118.991575242118,2.5));
#10053=CARTESIAN_POINT('',(35.5175869338091,118.802308963378,1.9));
#10054=CARTESIAN_POINT('',(35.5175869338091,118.802308963378,2.5));
#10055=CARTESIAN_POINT('Ctrl Pts',(35.5175869338091,118.802308963378,1.9));
#10056=CARTESIAN_POINT('Ctrl Pts',(35.5183380932465,118.843568561714,1.9));
#10057=CARTESIAN_POINT('Ctrl Pts',(35.5194995028823,118.907362335308,1.9));
#10058=CARTESIAN_POINT('Ctrl Pts',(35.5061747852686,118.969593156059,1.9));
#10059=CARTESIAN_POINT('Ctrl Pts',(35.5014680324767,118.991575242118,1.9));
#10060=CARTESIAN_POINT('Origin',(35.5165619132292,118.454700060624,2.5));
#10061=CARTESIAN_POINT('',(35.5165619132292,118.454700060624,2.5));
#10062=CARTESIAN_POINT('',(35.4452062269437,94.2562865836349,2.5));
#10063=CARTESIAN_POINT('',(35.5165619132292,118.454700060624,1.9));
#10064=CARTESIAN_POINT('',(35.5165619132292,118.454700060624,2.5));
#10065=CARTESIAN_POINT('',(35.5165619132292,118.454700060624,1.9));
#10066=CARTESIAN_POINT('Origin',(36.036633870661,118.453166485232,2.5));
#10067=CARTESIAN_POINT('',(36.036633870661,118.453166485232,2.5));
#10068=CARTESIAN_POINT('',(45.5896726216161,118.424996719605,2.5));
#10069=CARTESIAN_POINT('',(36.036633870661,118.453166485232,1.9));
#10070=CARTESIAN_POINT('',(36.036633870661,118.453166485232,2.5));
#10071=CARTESIAN_POINT('',(36.036633870661,118.453166485232,1.9));
#10072=CARTESIAN_POINT('Origin',(36.0371941059278,118.643155613463,2.5));
#10073=CARTESIAN_POINT('',(35.9655583020089,94.3497475723582,2.5));
#10074=CARTESIAN_POINT('',(36.0371941059278,118.643155613463,1.9));
#10075=CARTESIAN_POINT('Origin',(37.3636979462762,118.320113502401,1.9));
#10076=CARTESIAN_POINT('Ctrl Pts',(48.9013515004457,118.528666105114,2.5));
#10077=CARTESIAN_POINT('Ctrl Pts',(48.9013515004457,118.528666105114,1.9));
#10078=CARTESIAN_POINT('Ctrl Pts',(48.9199453274206,118.64782583579,2.5));
#10079=CARTESIAN_POINT('Ctrl Pts',(48.9199453274206,118.64782583579,1.9));
#10080=CARTESIAN_POINT('Ctrl Pts',(48.9611437520499,118.911848577841,2.5));
#10081=CARTESIAN_POINT('Ctrl Pts',(48.9611437520499,118.911848577841,1.9));
#10082=CARTESIAN_POINT('Ctrl Pts',(49.0175622716805,119.173057389687,2.5));
#10083=CARTESIAN_POINT('Ctrl Pts',(49.0175622716805,119.173057389687,1.9));
#10084=CARTESIAN_POINT('Ctrl Pts',(49.0485177741782,119.316376464354,2.5));
#10085=CARTESIAN_POINT('Ctrl Pts',(49.0485177741782,119.316376464354,1.9));
#10086=CARTESIAN_POINT('',(48.9013515004457,118.528666105114,2.5));
#10087=CARTESIAN_POINT('',(49.0485177741782,119.316376464354,2.5));
#10088=CARTESIAN_POINT('Ctrl Pts',(48.9013515004457,118.528666105114,2.5));
#10089=CARTESIAN_POINT('Ctrl Pts',(48.9199453274206,118.64782583579,2.5));
#10090=CARTESIAN_POINT('Ctrl Pts',(48.9611437520499,118.911848577841,2.5));
#10091=CARTESIAN_POINT('Ctrl Pts',(49.0175622716805,119.173057389687,2.5));
#10092=CARTESIAN_POINT('Ctrl Pts',(49.0485177741782,119.316376464354,2.5));
#10093=CARTESIAN_POINT('',(48.9013515004457,118.528666105114,1.9));
#10094=CARTESIAN_POINT('',(48.9013515004457,118.528666105114,2.5));
#10095=CARTESIAN_POINT('',(49.0485177741782,119.316376464354,1.9));
#10096=CARTESIAN_POINT('Ctrl Pts',(48.9013515004457,118.528666105114,1.9));
#10097=CARTESIAN_POINT('Ctrl Pts',(48.9199453274206,118.64782583579,1.9));
#10098=CARTESIAN_POINT('Ctrl Pts',(48.9611437520499,118.911848577841,1.9));
#10099=CARTESIAN_POINT('Ctrl Pts',(49.0175622716805,119.173057389687,1.9));
#10100=CARTESIAN_POINT('Ctrl Pts',(49.0485177741782,119.316376464354,1.9));
#10101=CARTESIAN_POINT('',(49.0485177741782,119.316376464354,2.5));
#10102=CARTESIAN_POINT('Ctrl Pts',(48.7773637149038,119.317176036772,2.5));
#10103=CARTESIAN_POINT('Ctrl Pts',(48.7773637149038,119.317176036772,1.9));
#10104=CARTESIAN_POINT('Ctrl Pts',(48.8085150706125,119.154187153374,2.5));
#10105=CARTESIAN_POINT('Ctrl Pts',(48.8085150706125,119.154187153374,1.9));
#10106=CARTESIAN_POINT('Ctrl Pts',(48.8584997451941,118.892659328605,2.5));
#10107=CARTESIAN_POINT('Ctrl Pts',(48.8584997451941,118.892659328605,1.9));
#10108=CARTESIAN_POINT('Ctrl Pts',(48.8896243237234,118.628279594283,2.5));
#10109=CARTESIAN_POINT('Ctrl Pts',(48.8896243237234,118.628279594283,1.9));
#10110=CARTESIAN_POINT('Ctrl Pts',(48.9013515004457,118.528666105114,2.5));
#10111=CARTESIAN_POINT('Ctrl Pts',(48.9013515004457,118.528666105114,1.9));
#10112=CARTESIAN_POINT('',(48.7773637149038,119.317176036772,2.5));
#10113=CARTESIAN_POINT('Ctrl Pts',(48.7773637149038,119.317176036772,2.5));
#10114=CARTESIAN_POINT('Ctrl Pts',(48.8085150706125,119.154187153374,2.5));
#10115=CARTESIAN_POINT('Ctrl Pts',(48.8584997451941,118.892659328605,2.5));
#10116=CARTESIAN_POINT('Ctrl Pts',(48.8896243237234,118.628279594283,2.5));
#10117=CARTESIAN_POINT('Ctrl Pts',(48.9013515004457,118.528666105114,2.5));
#10118=CARTESIAN_POINT('',(48.7773637149038,119.317176036772,1.9));
#10119=CARTESIAN_POINT('',(48.7773637149038,119.317176036772,2.5));
#10120=CARTESIAN_POINT('Ctrl Pts',(48.7773637149038,119.317176036772,1.9));
#10121=CARTESIAN_POINT('Ctrl Pts',(48.8085150706125,119.154187153374,1.9));
#10122=CARTESIAN_POINT('Ctrl Pts',(48.8584997451941,118.892659328605,1.9));
#10123=CARTESIAN_POINT('Ctrl Pts',(48.8896243237234,118.628279594283,1.9));
#10124=CARTESIAN_POINT('Ctrl Pts',(48.9013515004457,118.528666105114,1.9));
#10125=CARTESIAN_POINT('Origin',(48.2996017816059,119.318584849406,2.5));
#10126=CARTESIAN_POINT('',(48.2996017816059,119.318584849406,2.5));
#10127=CARTESIAN_POINT('',(51.7224858426677,119.308491533103,2.5));
#10128=CARTESIAN_POINT('',(48.2996017816059,119.318584849406,1.9));
#10129=CARTESIAN_POINT('',(48.2996017816059,119.318584849406,2.5));
#10130=CARTESIAN_POINT('',(48.2996017816059,119.318584849406,1.9));
#10131=CARTESIAN_POINT('Origin',(48.6614950929467,118.041415755722,2.5));
#10132=CARTESIAN_POINT('',(48.6614950929467,118.041415755722,2.5));
#10133=CARTESIAN_POINT('',(55.1975781565057,94.9747189670838,2.5));
#10134=CARTESIAN_POINT('',(48.6614950929467,118.041415755722,1.9));
#10135=CARTESIAN_POINT('',(48.6614950929467,118.041415755722,2.5));
#10136=CARTESIAN_POINT('',(48.6614950929467,118.041415755722,1.9));
#10137=CARTESIAN_POINT('Origin',(48.6593604725857,117.317515127758,2.5));
#10138=CARTESIAN_POINT('',(48.6593604725857,117.317515127758,2.5));
#10139=CARTESIAN_POINT('',(48.589624283561,93.6683117611543,2.5));
#10140=CARTESIAN_POINT('',(48.6593604725857,117.317515127758,1.9));
#10141=CARTESIAN_POINT('',(48.6593604725857,117.317515127758,2.5));
#10142=CARTESIAN_POINT('',(48.6593604725857,117.317515127758,1.9));
#10143=CARTESIAN_POINT('Origin',(49.1411373573002,117.316094475934,2.5));
#10144=CARTESIAN_POINT('',(49.1411373573002,117.316094475934,2.5));
#10145=CARTESIAN_POINT('',(52.1403048676749,117.30725060457,2.5));
#10146=CARTESIAN_POINT('',(49.1411373573002,117.316094475934,1.9));
#10147=CARTESIAN_POINT('',(49.1411373573002,117.316094475934,2.5));
#10148=CARTESIAN_POINT('',(49.1411373573002,117.316094475934,1.9));
#10149=CARTESIAN_POINT('Origin',(49.1432719776611,118.039995103898,2.5));
#10150=CARTESIAN_POINT('',(49.1432719776611,118.039995103898,2.5));
#10151=CARTESIAN_POINT('',(49.0724684784559,94.0288414233122,2.5));
#10152=CARTESIAN_POINT('',(49.1432719776611,118.039995103898,1.9));
#10153=CARTESIAN_POINT('',(49.1432719776611,118.039995103898,2.5));
#10154=CARTESIAN_POINT('',(49.1432719776611,118.039995103898,1.9));
#10155=CARTESIAN_POINT('Origin',(49.5262797074761,119.31496765172,2.5));
#10156=CARTESIAN_POINT('',(49.5262797074761,119.31496765172,2.5));
#10157=CARTESIAN_POINT('',(42.9587149773464,97.4525766733319,2.5));
#10158=CARTESIAN_POINT('',(49.5262797074761,119.31496765172,1.9));
#10159=CARTESIAN_POINT('',(49.5262797074761,119.31496765172,2.5));
#10160=CARTESIAN_POINT('',(49.5262797074761,119.31496765172,1.9));
#10161=CARTESIAN_POINT('Origin',(49.0485177741782,119.316376464354,2.5));
#10162=CARTESIAN_POINT('',(52.0969438389538,119.307387340577,2.5));
#10163=CARTESIAN_POINT('',(49.0485177741782,119.316376464354,1.9));
#10164=CARTESIAN_POINT('Origin',(47.7648454793409,118.320716442501,1.9));
#10165=CARTESIAN_POINT('Origin',(58.0739068967764,117.353937148375,2.5));
#10166=CARTESIAN_POINT('',(58.0739068967764,117.353937148375,2.5));
#10167=CARTESIAN_POINT('',(58.0780459618319,119.35393304422,2.5));
#10168=CARTESIAN_POINT('',(58.0249001667519,93.6738892137352,2.5));
#10169=CARTESIAN_POINT('',(58.0739068967764,117.353937148375,1.9));
#10170=CARTESIAN_POINT('',(58.0739068967764,117.353937148375,2.5));
#10171=CARTESIAN_POINT('',(58.0780459618319,119.35393304422,1.9));
#10172=CARTESIAN_POINT('',(58.0739068967764,117.353937148375,1.9));
#10173=CARTESIAN_POINT('',(58.0780459618319,119.35393304422,2.5));
#10174=CARTESIAN_POINT('Origin',(58.5939800015572,117.352860837959,2.5));
#10175=CARTESIAN_POINT('',(58.5939800015572,117.352860837959,2.5));
#10176=CARTESIAN_POINT('',(56.8459967308032,117.356478353619,2.5));
#10177=CARTESIAN_POINT('',(58.5939800015572,117.352860837959,1.9));
#10178=CARTESIAN_POINT('',(58.5939800015572,117.352860837959,2.5));
#10179=CARTESIAN_POINT('',(58.5939800015572,117.352860837959,1.9));
#10180=CARTESIAN_POINT('Origin',(58.5981190666127,119.352856733804,2.5));
#10181=CARTESIAN_POINT('',(58.5981190666127,119.352856733804,2.5));
#10182=CARTESIAN_POINT('',(58.5470428040604,94.6728108512417,2.5));
#10183=CARTESIAN_POINT('',(58.5981190666127,119.352856733804,1.9));
#10184=CARTESIAN_POINT('',(58.5981190666127,119.352856733804,2.5));
#10185=CARTESIAN_POINT('',(58.5981190666127,119.352856733804,1.9));
#10186=CARTESIAN_POINT('Origin',(58.0780459618319,119.35393304422,2.5));
#10187=CARTESIAN_POINT('',(56.5900992434683,119.357012404672,2.5));
#10188=CARTESIAN_POINT('',(58.0780459618319,119.35393304422,1.9));
#10189=CARTESIAN_POINT('Origin',(57.9409246525828,118.354218873889,1.9));
#10190=CARTESIAN_POINT('Ctrl Pts',(57.3221734656068,117.934864091285,2.5));
#10191=CARTESIAN_POINT('Ctrl Pts',(57.3221734656068,117.934864091285,1.9));
#10192=CARTESIAN_POINT('Ctrl Pts',(57.3396568069259,118.17450413391,2.5));
#10193=CARTESIAN_POINT('Ctrl Pts',(57.3396568069259,118.17450413391,1.9));
#10194=CARTESIAN_POINT('Ctrl Pts',(57.3743096883821,118.64948302025,2.5));
#10195=CARTESIAN_POINT('Ctrl Pts',(57.3743096883821,118.64948302025,1.9));
#10196=CARTESIAN_POINT('Ctrl Pts',(57.4384732497921,119.12137934848,2.5));
#10197=CARTESIAN_POINT('Ctrl Pts',(57.4384732497921,119.12137934848,1.9));
#10198=CARTESIAN_POINT('Ctrl Pts',(57.4702645120674,119.355190870281,2.5));
#10199=CARTESIAN_POINT('Ctrl Pts',(57.4702645120674,119.355190870281,1.9));
#10200=CARTESIAN_POINT('',(57.3221734656068,117.934864091285,2.5));
#10201=CARTESIAN_POINT('',(57.4702645120674,119.355190870281,2.5));
#10202=CARTESIAN_POINT('Ctrl Pts',(57.3221734656068,117.934864091285,2.5));
#10203=CARTESIAN_POINT('Ctrl Pts',(57.3396568069259,118.17450413391,2.5));
#10204=CARTESIAN_POINT('Ctrl Pts',(57.3743096883821,118.64948302025,2.5));
#10205=CARTESIAN_POINT('Ctrl Pts',(57.4384732497921,119.12137934848,2.5));
#10206=CARTESIAN_POINT('Ctrl Pts',(57.4702645120674,119.355190870281,2.5));
#10207=CARTESIAN_POINT('',(57.3221734656068,117.934864091285,1.9));
#10208=CARTESIAN_POINT('',(57.3221734656068,117.934864091285,2.5));
#10209=CARTESIAN_POINT('',(57.4702645120674,119.355190870281,1.9));
#10210=CARTESIAN_POINT('Ctrl Pts',(57.3221734656068,117.934864091285,1.9));
#10211=CARTESIAN_POINT('Ctrl Pts',(57.3396568069259,118.17450413391,1.9));
#10212=CARTESIAN_POINT('Ctrl Pts',(57.3743096883821,118.64948302025,1.9));
#10213=CARTESIAN_POINT('Ctrl Pts',(57.4384732497921,119.12137934848,1.9));
#10214=CARTESIAN_POINT('Ctrl Pts',(57.4702645120674,119.355190870281,1.9));
#10215=CARTESIAN_POINT('',(57.4702645120674,119.355190870281,2.5));
#10216=CARTESIAN_POINT('Origin',(57.2663056433159,118.695945049556,2.5));
#10217=CARTESIAN_POINT('',(57.2663056433159,118.695945049556,2.5));
#10218=CARTESIAN_POINT('',(59.0379379319795,94.5612008503234,2.5));
#10219=CARTESIAN_POINT('',(57.2663056433159,118.695945049556,1.9));
#10220=CARTESIAN_POINT('',(57.2663056433159,118.695945049556,2.5));
#10221=CARTESIAN_POINT('',(57.2663056433159,118.695945049556,1.9));
#10222=CARTESIAN_POINT('Ctrl Pts',(57.2109422453092,119.355727547248,2.5));
#10223=CARTESIAN_POINT('Ctrl Pts',(57.2109422453092,119.355727547248,1.9));
#10224=CARTESIAN_POINT('Ctrl Pts',(57.2174443950163,119.286131344909,2.5));
#10225=CARTESIAN_POINT('Ctrl Pts',(57.2174443950163,119.286131344909,1.9));
#10226=CARTESIAN_POINT('Ctrl Pts',(57.237974838603,119.066382343375,2.5));
#10227=CARTESIAN_POINT('Ctrl Pts',(57.237974838603,119.066382343375,1.9));
#10228=CARTESIAN_POINT('Ctrl Pts',(57.2548054299547,118.846315219378,2.5));
#10229=CARTESIAN_POINT('Ctrl Pts',(57.2548054299547,118.846315219378,1.9));
#10230=CARTESIAN_POINT('Ctrl Pts',(57.2663056433159,118.695945049556,2.5));
#10231=CARTESIAN_POINT('Ctrl Pts',(57.2663056433159,118.695945049556,1.9));
#10232=CARTESIAN_POINT('',(57.2109422453092,119.355727547248,2.5));
#10233=CARTESIAN_POINT('Ctrl Pts',(57.2109422453092,119.355727547248,2.5));
#10234=CARTESIAN_POINT('Ctrl Pts',(57.2174443950163,119.286131344909,2.5));
#10235=CARTESIAN_POINT('Ctrl Pts',(57.237974838603,119.066382343375,2.5));
#10236=CARTESIAN_POINT('Ctrl Pts',(57.2548054299547,118.846315219378,2.5));
#10237=CARTESIAN_POINT('Ctrl Pts',(57.2663056433159,118.695945049556,2.5));
#10238=CARTESIAN_POINT('',(57.2109422453092,119.355727547248,1.9));
#10239=CARTESIAN_POINT('',(57.2109422453092,119.355727547248,2.5));
#10240=CARTESIAN_POINT('Ctrl Pts',(57.2109422453092,119.355727547248,1.9));
#10241=CARTESIAN_POINT('Ctrl Pts',(57.2174443950163,119.286131344909,1.9));
#10242=CARTESIAN_POINT('Ctrl Pts',(57.237974838603,119.066382343375,1.9));
#10243=CARTESIAN_POINT('Ctrl Pts',(57.2548054299547,118.846315219378,1.9));
#10244=CARTESIAN_POINT('Ctrl Pts',(57.2663056433159,118.695945049556,1.9));
#10245=CARTESIAN_POINT('Origin',(56.6708916435322,119.356845201829,2.5));
#10246=CARTESIAN_POINT('',(56.6708916435322,119.356845201829,2.5));
#10247=CARTESIAN_POINT('',(55.8865220843184,119.358468483477,2.5));
#10248=CARTESIAN_POINT('',(56.6708916435322,119.356845201829,1.9));
#10249=CARTESIAN_POINT('',(56.6708916435322,119.356845201829,2.5));
#10250=CARTESIAN_POINT('',(56.6708916435322,119.356845201829,1.9));
#10251=CARTESIAN_POINT('Ctrl Pts',(56.5242513883667,117.984693510877,2.5));
#10252=CARTESIAN_POINT('Ctrl Pts',(56.5242513883667,117.984693510877,1.9));
#10253=CARTESIAN_POINT('Ctrl Pts',(56.5397600234637,118.186486488172,2.5));
#10254=CARTESIAN_POINT('Ctrl Pts',(56.5397600234637,118.186486488172,1.9));
#10255=CARTESIAN_POINT('Ctrl Pts',(56.5750213157538,118.6452941853,2.5));
#10256=CARTESIAN_POINT('Ctrl Pts',(56.5750213157538,118.6452941853,1.9));
#10257=CARTESIAN_POINT('Ctrl Pts',(56.6364695789943,119.10136412045,2.5));
#10258=CARTESIAN_POINT('Ctrl Pts',(56.6364695789943,119.10136412045,1.9));
#10259=CARTESIAN_POINT('Ctrl Pts',(56.6708916435322,119.356845201829,2.5));
#10260=CARTESIAN_POINT('Ctrl Pts',(56.6708916435322,119.356845201829,1.9));
#10261=CARTESIAN_POINT('',(56.5242513883667,117.984693510877,2.5));
#10262=CARTESIAN_POINT('Ctrl Pts',(56.5242513883667,117.984693510877,2.5));
#10263=CARTESIAN_POINT('Ctrl Pts',(56.5397600234637,118.186486488172,2.5));
#10264=CARTESIAN_POINT('Ctrl Pts',(56.5750213157538,118.6452941853,2.5));
#10265=CARTESIAN_POINT('Ctrl Pts',(56.6364695789943,119.10136412045,2.5));
#10266=CARTESIAN_POINT('Ctrl Pts',(56.6708916435322,119.356845201829,2.5));
#10267=CARTESIAN_POINT('',(56.5242513883667,117.984693510877,1.9));
#10268=CARTESIAN_POINT('',(56.5242513883667,117.984693510877,2.5));
#10269=CARTESIAN_POINT('Ctrl Pts',(56.5242513883667,117.984693510877,1.9));
#10270=CARTESIAN_POINT('Ctrl Pts',(56.5397600234637,118.186486488172,1.9));
#10271=CARTESIAN_POINT('Ctrl Pts',(56.5750213157538,118.6452941853,1.9));
#10272=CARTESIAN_POINT('Ctrl Pts',(56.6364695789943,119.10136412045,1.9));
#10273=CARTESIAN_POINT('Ctrl Pts',(56.6708916435322,119.356845201829,1.9));
#10274=CARTESIAN_POINT('Origin',(56.4725091523404,118.659427673188,2.5));
#10275=CARTESIAN_POINT('',(56.4725091523404,118.659427673188,2.5));
#10276=CARTESIAN_POINT('',(58.3230302464472,94.5280816750032,2.5));
#10277=CARTESIAN_POINT('',(56.4725091523404,118.659427673188,1.9));
#10278=CARTESIAN_POINT('',(56.4725091523404,118.659427673188,2.5));
#10279=CARTESIAN_POINT('',(56.4725091523404,118.659427673188,1.9));
#10280=CARTESIAN_POINT('Origin',(56.4190005699476,119.357366499669,2.5));
#10281=CARTESIAN_POINT('',(56.4190005699476,119.357366499669,2.5));
#10282=CARTESIAN_POINT('',(58.2958289659456,94.8769682227719,2.5));
#10283=CARTESIAN_POINT('',(56.4190005699476,119.357366499669,1.9));
#10284=CARTESIAN_POINT('',(56.4190005699476,119.357366499669,2.5));
#10285=CARTESIAN_POINT('',(56.4190005699476,119.357366499669,1.9));
#10286=CARTESIAN_POINT('Origin',(55.9137514066003,119.358412131393,2.5));
#10287=CARTESIAN_POINT('',(55.9137514066003,119.358412131393,2.5));
#10288=CARTESIAN_POINT('',(55.5079519658524,119.359251948258,2.5));
#10289=CARTESIAN_POINT('',(55.9137514066003,119.358412131393,1.9));
#10290=CARTESIAN_POINT('',(55.9137514066003,119.358412131393,2.5));
#10291=CARTESIAN_POINT('',(55.9137514066003,119.358412131393,1.9));
#10292=CARTESIAN_POINT('Origin',(56.142413727416,117.357934444519,2.5));
#10293=CARTESIAN_POINT('',(56.142413727416,117.357934444519,2.5));
#10294=CARTESIAN_POINT('',(58.8067376596238,94.0488008803497,2.5));
#10295=CARTESIAN_POINT('',(56.142413727416,117.357934444519,1.9));
#10296=CARTESIAN_POINT('',(56.142413727416,117.357934444519,2.5));
#10297=CARTESIAN_POINT('',(56.142413727416,117.357934444519,1.9));
#10298=CARTESIAN_POINT('Origin',(56.788026983767,117.356598324142,2.5));
#10299=CARTESIAN_POINT('',(56.788026983767,117.356598324142,2.5));
#10300=CARTESIAN_POINT('',(55.9430202219079,117.358347096711,2.5));
#10301=CARTESIAN_POINT('',(56.788026983767,117.356598324142,1.9));
#10302=CARTESIAN_POINT('',(56.788026983767,117.356598324142,2.5));
#10303=CARTESIAN_POINT('',(56.788026983767,117.356598324142,1.9));
#10304=CARTESIAN_POINT('Ctrl Pts',(56.9352520216107,118.405091463361,2.5));
#10305=CARTESIAN_POINT('Ctrl Pts',(56.9352520216107,118.405091463361,1.9));
#10306=CARTESIAN_POINT('Ctrl Pts',(56.9178903875587,118.27569188634,2.5));
#10307=CARTESIAN_POINT('Ctrl Pts',(56.9178903875587,118.27569188634,1.9));
#10308=CARTESIAN_POINT('Ctrl Pts',(56.8709579500021,117.925895458756,2.5));
#10309=CARTESIAN_POINT('Ctrl Pts',(56.8709579500021,117.925895458756,1.9));
#10310=CARTESIAN_POINT('Ctrl Pts',(56.8200822963651,117.576648788278,2.5));
#10311=CARTESIAN_POINT('Ctrl Pts',(56.8200822963651,117.576648788278,1.9));
#10312=CARTESIAN_POINT('Ctrl Pts',(56.788026983767,117.356598324142,2.5));
#10313=CARTESIAN_POINT('Ctrl Pts',(56.788026983767,117.356598324142,1.9));
#10314=CARTESIAN_POINT('',(56.9352520216107,118.405091463361,2.5));
#10315=CARTESIAN_POINT('Ctrl Pts',(56.9352520216107,118.405091463361,2.5));
#10316=CARTESIAN_POINT('Ctrl Pts',(56.9178903875587,118.27569188634,2.5));
#10317=CARTESIAN_POINT('Ctrl Pts',(56.8709579500021,117.925895458756,2.5));
#10318=CARTESIAN_POINT('Ctrl Pts',(56.8200822963651,117.576648788278,2.5));
#10319=CARTESIAN_POINT('Ctrl Pts',(56.788026983767,117.356598324142,2.5));
#10320=CARTESIAN_POINT('',(56.9352520216107,118.405091463361,1.9));
#10321=CARTESIAN_POINT('',(56.9352520216107,118.405091463361,2.5));
#10322=CARTESIAN_POINT('Ctrl Pts',(56.9352520216107,118.405091463361,1.9));
#10323=CARTESIAN_POINT('Ctrl Pts',(56.9178903875587,118.27569188634,1.9));
#10324=CARTESIAN_POINT('Ctrl Pts',(56.8709579500021,117.925895458756,1.9));
#10325=CARTESIAN_POINT('Ctrl Pts',(56.8200822963651,117.576648788278,1.9));
#10326=CARTESIAN_POINT('Ctrl Pts',(56.788026983767,117.356598324142,1.9));
#10327=CARTESIAN_POINT('Ctrl Pts',(57.0904892863962,117.355972367284,2.5));
#10328=CARTESIAN_POINT('Ctrl Pts',(57.0904892863962,117.355972367284,1.9));
#10329=CARTESIAN_POINT('Ctrl Pts',(57.0614016827324,117.520032180269,2.5));
#10330=CARTESIAN_POINT('Ctrl Pts',(57.0614016827324,117.520032180269,1.9));
#10331=CARTESIAN_POINT('Ctrl Pts',(56.9996632811204,117.868248923714,2.5));
#10332=CARTESIAN_POINT('Ctrl Pts',(56.9996632811204,117.868248923714,1.9));
#10333=CARTESIAN_POINT('Ctrl Pts',(56.9575329502512,118.219388677728,2.5));
#10334=CARTESIAN_POINT('Ctrl Pts',(56.9575329502512,118.219388677728,1.9));
#10335=CARTESIAN_POINT('Ctrl Pts',(56.9352520216107,118.405091463361,2.5));
#10336=CARTESIAN_POINT('Ctrl Pts',(56.9352520216107,118.405091463361,1.9));
#10337=CARTESIAN_POINT('',(57.0904892863962,117.355972367284,2.5));
#10338=CARTESIAN_POINT('Ctrl Pts',(57.0904892863962,117.355972367284,2.5));
#10339=CARTESIAN_POINT('Ctrl Pts',(57.0614016827324,117.520032180269,2.5));
#10340=CARTESIAN_POINT('Ctrl Pts',(56.9996632811204,117.868248923714,2.5));
#10341=CARTESIAN_POINT('Ctrl Pts',(56.9575329502512,118.219388677728,2.5));
#10342=CARTESIAN_POINT('Ctrl Pts',(56.9352520216107,118.405091463361,2.5));
#10343=CARTESIAN_POINT('',(57.0904892863962,117.355972367284,1.9));
#10344=CARTESIAN_POINT('',(57.0904892863962,117.355972367284,2.5));
#10345=CARTESIAN_POINT('Ctrl Pts',(57.0904892863962,117.355972367284,1.9));
#10346=CARTESIAN_POINT('Ctrl Pts',(57.0614016827324,117.520032180269,1.9));
#10347=CARTESIAN_POINT('Ctrl Pts',(56.9996632811204,117.868248923714,1.9));
#10348=CARTESIAN_POINT('Ctrl Pts',(56.9575329502512,118.219388677728,1.9));
#10349=CARTESIAN_POINT('Ctrl Pts',(56.9352520216107,118.405091463361,1.9));
#10350=CARTESIAN_POINT('Origin',(57.7398085281055,117.354628577235,2.5));
#10351=CARTESIAN_POINT('',(57.7398085281055,117.354628577235,2.5));
#10352=CARTESIAN_POINT('',(56.4189109940772,117.357362223257,2.5));
#10353=CARTESIAN_POINT('',(57.7398085281055,117.354628577235,1.9));
#10354=CARTESIAN_POINT('',(57.7398085281055,117.354628577235,2.5));
#10355=CARTESIAN_POINT('',(57.7398085281055,117.354628577235,1.9));
#10356=CARTESIAN_POINT('Origin',(57.9755136754146,119.354145238557,2.5));
#10357=CARTESIAN_POINT('',(57.9755136754146,119.354145238557,2.5));
#10358=CARTESIAN_POINT('',(55.0860324354992,94.8423093802919,2.5));
#10359=CARTESIAN_POINT('',(57.9755136754146,119.354145238557,1.9));
#10360=CARTESIAN_POINT('',(57.9755136754146,119.354145238557,2.5));
#10361=CARTESIAN_POINT('',(57.9755136754146,119.354145238557,1.9));
#10362=CARTESIAN_POINT('Origin',(57.4702645120674,119.355190870281,2.5));
#10363=CARTESIAN_POINT('',(56.286208518586,119.357641317703,2.5));
#10364=CARTESIAN_POINT('',(57.4702645120674,119.355190870281,1.9));
#10365=CARTESIAN_POINT('Origin',(57.9409246525828,118.354218873889,1.9));
#10366=CARTESIAN_POINT('Origin',(55.,70.,2.5));
#10367=CARTESIAN_POINT('Origin',(55.,70.,2.5));
#10368=CARTESIAN_POINT('Origin',(24.2746743536684,112.712,0.));
#10369=CARTESIAN_POINT('',(24.275,118.212,0.));
#10370=CARTESIAN_POINT('',(24.2746743536684,112.712,0.));
#10371=CARTESIAN_POINT('',(24.2734099524273,91.3569096739163,0.));
#10372=CARTESIAN_POINT('',(24.275,118.212,-1.49));
#10373=CARTESIAN_POINT('',(24.275,118.212,0.));
#10374=CARTESIAN_POINT('',(24.2746743536684,112.712,-1.49));
#10375=CARTESIAN_POINT('',(24.275,118.212,-1.49));
#10376=CARTESIAN_POINT('',(24.2746743536684,112.712,0.));
#10377=CARTESIAN_POINT('Origin',(60.632,112.712,0.));
#10378=CARTESIAN_POINT('',(60.632,112.712,0.));
#10379=CARTESIAN_POINT('',(57.816,112.712,0.));
#10380=CARTESIAN_POINT('',(60.632,112.712,-1.49));
#10381=CARTESIAN_POINT('',(60.632,112.712,-1.49));
#10382=CARTESIAN_POINT('',(60.632,112.712,0.));
#10383=CARTESIAN_POINT('Origin',(60.632,118.212,0.));
#10384=CARTESIAN_POINT('',(60.632,118.212,0.));
#10385=CARTESIAN_POINT('',(60.632,94.106,0.));
#10386=CARTESIAN_POINT('',(60.632,118.212,-1.49));
#10387=CARTESIAN_POINT('',(60.632,118.212,-1.49));
#10388=CARTESIAN_POINT('',(60.632,118.212,0.));
#10389=CARTESIAN_POINT('Origin',(24.275,118.212,0.));
#10390=CARTESIAN_POINT('',(39.6375,118.212,0.));
#10391=CARTESIAN_POINT('',(25.275,118.212,-1.49));
#10392=CARTESIAN_POINT('Origin',(42.4533371768342,115.462,-1.49));
#10393=CARTESIAN_POINT('',(59.632,114.212,-1.49));
#10394=CARTESIAN_POINT('',(59.632,117.212,-1.49));
#10395=CARTESIAN_POINT('',(59.632,114.212,-1.49));
#10396=CARTESIAN_POINT('',(56.232,117.212,-1.49));
#10397=CARTESIAN_POINT('',(59.632,117.212,-1.49));
#10398=CARTESIAN_POINT('',(56.232,114.212,-1.49));
#10399=CARTESIAN_POINT('',(56.232,117.212,-1.49));
#10400=CARTESIAN_POINT('',(56.232,114.212,-1.49));
#10401=CARTESIAN_POINT('',(38.994,114.212,-1.49));
#10402=CARTESIAN_POINT('',(38.994,117.212,-1.49));
#10403=CARTESIAN_POINT('',(38.994,114.212,-1.49));
#10404=CARTESIAN_POINT('',(35.594,117.212,-1.49));
#10405=CARTESIAN_POINT('',(38.994,117.212,-1.49));
#10406=CARTESIAN_POINT('',(35.594,114.212,-1.49));
#10407=CARTESIAN_POINT('',(35.594,117.212,-1.49));
#10408=CARTESIAN_POINT('',(35.594,114.212,-1.49));
#10409=CARTESIAN_POINT('',(49.313,114.212,-1.49));
#10410=CARTESIAN_POINT('',(49.313,117.212,-1.49));
#10411=CARTESIAN_POINT('',(49.313,114.212,-1.49));
#10412=CARTESIAN_POINT('',(45.913,117.212,-1.49));
#10413=CARTESIAN_POINT('',(49.313,117.212,-1.49));
#10414=CARTESIAN_POINT('',(45.913,114.212,-1.49));
#10415=CARTESIAN_POINT('',(45.913,117.212,-1.49));
#10416=CARTESIAN_POINT('',(45.913,114.212,-1.49));
#10417=CARTESIAN_POINT('',(28.675,114.212,-1.49));
#10418=CARTESIAN_POINT('',(28.675,117.212,-1.49));
#10419=CARTESIAN_POINT('',(28.675,114.212,-1.49));
#10420=CARTESIAN_POINT('',(25.275,117.212,-1.49));
#10421=CARTESIAN_POINT('',(28.675,117.212,-1.49));
#10422=CARTESIAN_POINT('',(25.275,114.212,-1.49));
#10423=CARTESIAN_POINT('',(25.275,117.212,-1.49));
#10424=CARTESIAN_POINT('',(25.275,114.212,-1.49));
#10425=CARTESIAN_POINT('Origin',(35.594,117.212,0.));
#10426=CARTESIAN_POINT('',(35.594,117.212,2.5));
#10427=CARTESIAN_POINT('',(35.594,117.212,0.));
#10428=CARTESIAN_POINT('',(35.594,114.212,2.5));
#10429=CARTESIAN_POINT('',(35.594,93.606,2.5));
#10430=CARTESIAN_POINT('',(35.594,114.212,0.));
#10431=CARTESIAN_POINT('Origin',(38.994,117.212,0.));
#10432=CARTESIAN_POINT('',(38.994,117.212,2.5));
#10433=CARTESIAN_POINT('',(38.994,117.212,0.));
#10434=CARTESIAN_POINT('',(46.997,117.212,2.5));
#10435=CARTESIAN_POINT('Origin',(38.994,114.212,0.));
#10436=CARTESIAN_POINT('',(38.994,114.212,2.5));
#10437=CARTESIAN_POINT('',(38.994,114.212,0.));
#10438=CARTESIAN_POINT('',(38.994,92.106,2.5));
#10439=CARTESIAN_POINT('Origin',(35.594,114.212,0.));
#10440=CARTESIAN_POINT('',(45.297,114.212,2.5));
#10441=CARTESIAN_POINT('Origin',(45.913,117.212,0.));
#10442=CARTESIAN_POINT('',(45.913,117.212,2.5));
#10443=CARTESIAN_POINT('',(45.913,117.212,0.));
#10444=CARTESIAN_POINT('',(45.913,114.212,2.5));
#10445=CARTESIAN_POINT('',(45.913,93.606,2.5));
#10446=CARTESIAN_POINT('',(45.913,114.212,0.));
#10447=CARTESIAN_POINT('Origin',(49.313,117.212,0.));
#10448=CARTESIAN_POINT('',(49.313,117.212,2.5));
#10449=CARTESIAN_POINT('',(49.313,117.212,0.));
#10450=CARTESIAN_POINT('',(52.1565,117.212,2.5));
#10451=CARTESIAN_POINT('Origin',(49.313,114.212,0.));
#10452=CARTESIAN_POINT('',(49.313,114.212,2.5));
#10453=CARTESIAN_POINT('',(49.313,114.212,0.));
#10454=CARTESIAN_POINT('',(49.313,92.106,2.5));
#10455=CARTESIAN_POINT('Origin',(45.913,114.212,0.));
#10456=CARTESIAN_POINT('',(50.4565,114.212,2.5));
#10457=CARTESIAN_POINT('Origin',(25.275,117.212,0.));
#10458=CARTESIAN_POINT('',(25.275,117.212,2.5));
#10459=CARTESIAN_POINT('',(25.275,117.212,0.));
#10460=CARTESIAN_POINT('',(25.275,114.212,2.5));
#10461=CARTESIAN_POINT('',(25.275,93.606,2.5));
#10462=CARTESIAN_POINT('',(25.275,114.212,0.));
#10463=CARTESIAN_POINT('Origin',(28.675,117.212,0.));
#10464=CARTESIAN_POINT('',(28.675,117.212,2.5));
#10465=CARTESIAN_POINT('',(28.675,117.212,0.));
#10466=CARTESIAN_POINT('',(41.8375,117.212,2.5));
#10467=CARTESIAN_POINT('Origin',(28.675,114.212,0.));
#10468=CARTESIAN_POINT('',(28.675,114.212,2.5));
#10469=CARTESIAN_POINT('',(28.675,114.212,0.));
#10470=CARTESIAN_POINT('',(28.675,92.106,2.5));
#10471=CARTESIAN_POINT('Origin',(25.275,114.212,0.));
#10472=CARTESIAN_POINT('',(40.1375,114.212,2.5));
#10473=CARTESIAN_POINT('Origin',(56.232,117.212,0.));
#10474=CARTESIAN_POINT('',(56.232,117.212,2.5));
#10475=CARTESIAN_POINT('',(56.232,117.212,0.));
#10476=CARTESIAN_POINT('',(56.232,114.212,2.5));
#10477=CARTESIAN_POINT('',(56.232,93.606,2.5));
#10478=CARTESIAN_POINT('',(56.232,114.212,0.));
#10479=CARTESIAN_POINT('Origin',(59.632,117.212,0.));
#10480=CARTESIAN_POINT('',(59.632,117.212,2.5));
#10481=CARTESIAN_POINT('',(59.632,117.212,0.));
#10482=CARTESIAN_POINT('',(57.316,117.212,2.5));
#10483=CARTESIAN_POINT('Origin',(59.632,114.212,0.));
#10484=CARTESIAN_POINT('',(59.632,114.212,2.5));
#10485=CARTESIAN_POINT('',(59.632,114.212,0.));
#10486=CARTESIAN_POINT('',(59.632,92.106,2.5));
#10487=CARTESIAN_POINT('Origin',(56.232,114.212,0.));
#10488=CARTESIAN_POINT('',(55.616,114.212,2.5));
#10489=CARTESIAN_POINT('Origin',(107.000001594424,137.000002041459,2.5));
#10490=CARTESIAN_POINT('',(108.100001594424,137.000002041459,2.5));
#10491=CARTESIAN_POINT('Origin',(107.000001594424,137.000002041459,2.5));
#10492=CARTESIAN_POINT('',(108.100001594424,137.000002041459,0.));
#10493=CARTESIAN_POINT('',(108.100001594424,137.000002041459,2.5));
#10494=CARTESIAN_POINT('Origin',(107.000001594424,137.000002041459,0.));
#10495=CARTESIAN_POINT('Origin',(107.000001594424,3.00000004470348,2.5));
#10496=CARTESIAN_POINT('',(108.100001594424,3.00000004470348,2.5));
#10497=CARTESIAN_POINT('Origin',(107.000001594424,3.00000004470348,2.5));
#10498=CARTESIAN_POINT('',(108.100001594424,3.00000004470348,0.));
#10499=CARTESIAN_POINT('',(108.100001594424,3.00000004470348,2.5));
#10500=CARTESIAN_POINT('Origin',(107.000001594424,3.00000004470348,0.));
#10501=CARTESIAN_POINT('Origin',(3.00000004470348,137.000002041459,2.5));
#10502=CARTESIAN_POINT('',(4.10000004470349,137.000002041459,2.5));
#10503=CARTESIAN_POINT('Origin',(3.00000004470348,137.000002041459,2.5));
#10504=CARTESIAN_POINT('',(4.10000004470349,137.000002041459,0.));
#10505=CARTESIAN_POINT('',(4.10000004470349,137.000002041459,2.5));
#10506=CARTESIAN_POINT('Origin',(3.00000004470348,137.000002041459,0.));
#10507=CARTESIAN_POINT('Origin',(3.00000004470348,3.00000004470348,2.5));
#10508=CARTESIAN_POINT('',(4.10000004470348,3.00000004470348,2.5));
#10509=CARTESIAN_POINT('Origin',(3.00000004470348,3.00000004470348,2.5));
#10510=CARTESIAN_POINT('',(4.10000004470348,3.00000004470348,0.));
#10511=CARTESIAN_POINT('',(4.10000004470348,3.00000004470348,2.5));
#10512=CARTESIAN_POINT('Origin',(3.00000004470348,3.00000004470348,0.));
#10513=CARTESIAN_POINT('Origin',(105.,135.,0.));
#10514=CARTESIAN_POINT('',(105.,140.,2.5));
#10515=CARTESIAN_POINT('',(110.,135.,2.5));
#10516=CARTESIAN_POINT('Origin',(105.,135.,2.5));
#10517=CARTESIAN_POINT('',(110.,135.,0.));
#10518=CARTESIAN_POINT('',(110.,135.,0.));
#10519=CARTESIAN_POINT('',(105.,140.,0.));
#10520=CARTESIAN_POINT('Origin',(105.,135.,0.));
#10521=CARTESIAN_POINT('',(105.,140.,0.));
#10522=CARTESIAN_POINT('Origin',(110.,0.,0.));
#10523=CARTESIAN_POINT('',(110.,5.,2.5));
#10524=CARTESIAN_POINT('',(110.,0.,2.5));
#10525=CARTESIAN_POINT('',(110.,5.,0.));
#10526=CARTESIAN_POINT('',(110.,5.,0.));
#10527=CARTESIAN_POINT('',(110.,0.,0.));
#10528=CARTESIAN_POINT('Origin',(55.,70.,2.5));
#10529=CARTESIAN_POINT('',(92.8560016391277,140.,2.5));
#10530=CARTESIAN_POINT('',(110.,140.,2.5));
#10531=CARTESIAN_POINT('',(92.8560016391277,110.225,2.5));
#10532=CARTESIAN_POINT('',(92.8560016391277,90.1125,2.5));
#10533=CARTESIAN_POINT('',(96.1752784998457,110.225,2.5));
#10534=CARTESIAN_POINT('',(15.0002784998457,110.225,2.5));
#10535=CARTESIAN_POINT('',(96.1752784998457,10.,2.5));
#10536=CARTESIAN_POINT('',(96.1752784998457,110.225,2.5));
#10537=CARTESIAN_POINT('',(15.0002784998457,10.,2.5));
#10538=CARTESIAN_POINT('',(96.1752784998457,10.,2.5));
#10539=CARTESIAN_POINT('',(15.0002784998457,110.225,2.5));
#10540=CARTESIAN_POINT('',(15.0002784998457,10.,2.5));
#10541=CARTESIAN_POINT('',(75.3560016391277,110.225,2.5));
#10542=CARTESIAN_POINT('',(15.0002784998457,110.225,2.5));
#10543=CARTESIAN_POINT('',(75.3560016391277,140.,2.5));
#10544=CARTESIAN_POINT('',(75.3560016391278,105.,2.5));
#10545=CARTESIAN_POINT('',(5.,140.,2.5));
#10546=CARTESIAN_POINT('',(110.,140.,2.5));
#10547=CARTESIAN_POINT('',(0.,135.,2.5));
#10548=CARTESIAN_POINT('Origin',(5.,135.,2.5));
#10549=CARTESIAN_POINT('',(0.,5.,2.5));
#10550=CARTESIAN_POINT('',(0.,140.,2.5));
#10551=CARTESIAN_POINT('',(5.,0.,2.5));
#10552=CARTESIAN_POINT('Origin',(5.,5.,2.5));
#10553=CARTESIAN_POINT('',(105.,0.,2.5));
#10554=CARTESIAN_POINT('',(0.,0.,2.5));
#10555=CARTESIAN_POINT('Origin',(105.,5.,2.5));
#10556=CARTESIAN_POINT('Origin',(105.,5.,0.));
#10557=CARTESIAN_POINT('',(105.,0.,0.));
#10558=CARTESIAN_POINT('',(105.,0.,0.));
#10559=CARTESIAN_POINT('Origin',(105.,5.,0.));
#10560=CARTESIAN_POINT('Origin',(0.,0.,0.));
#10561=CARTESIAN_POINT('',(5.,0.,0.));
#10562=CARTESIAN_POINT('',(5.,0.,0.));
#10563=CARTESIAN_POINT('',(0.,0.,0.));
#10564=CARTESIAN_POINT('Origin',(5.,5.,0.));
#10565=CARTESIAN_POINT('',(0.,5.,0.));
#10566=CARTESIAN_POINT('',(0.,5.,0.));
#10567=CARTESIAN_POINT('Origin',(5.,5.,0.));
#10568=CARTESIAN_POINT('Origin',(0.,140.,0.));
#10569=CARTESIAN_POINT('',(0.,135.,0.));
#10570=CARTESIAN_POINT('',(0.,135.,0.));
#10571=CARTESIAN_POINT('',(0.,140.,0.));
#10572=CARTESIAN_POINT('Origin',(5.,135.,0.));
#10573=CARTESIAN_POINT('',(5.,140.,0.));
#10574=CARTESIAN_POINT('',(5.,140.,0.));
#10575=CARTESIAN_POINT('Origin',(5.,135.,0.));
#10576=CARTESIAN_POINT('Origin',(15.0002784998457,110.225,0.));
#10577=CARTESIAN_POINT('',(75.3560016391277,110.225,0.));
#10578=CARTESIAN_POINT('',(75.3560016391277,110.225,0.));
#10579=CARTESIAN_POINT('',(15.0002784998457,110.225,0.));
#10580=CARTESIAN_POINT('',(15.0002784998457,110.225,0.));
#10581=CARTESIAN_POINT('',(15.0002784998457,110.225,0.));
#10582=CARTESIAN_POINT('Origin',(110.,140.,0.));
#10583=CARTESIAN_POINT('',(75.3560016391277,140.,0.));
#10584=CARTESIAN_POINT('',(75.3560016391278,140.,0.));
#10585=CARTESIAN_POINT('',(110.,140.,0.));
#10586=CARTESIAN_POINT('Origin',(98.6752784998457,55.0000001490116,0.));
#10587=CARTESIAN_POINT('',(98.6752784998457,55.0000001490116,0.));
#10588=CARTESIAN_POINT('',(96.1752784998457,55.0000001490116,0.));
#10589=CARTESIAN_POINT('',(76.8376392499229,55.0000001490116,0.));
#10590=CARTESIAN_POINT('',(98.6752784998457,55.0000001490116,1.6));
#10591=CARTESIAN_POINT('',(98.6752784998457,55.0000001490116,0.));
#10592=CARTESIAN_POINT('',(96.1752784998457,55.0000001490116,1.6));
#10593=CARTESIAN_POINT('',(98.6752784998457,55.0000001490116,1.6));
#10594=CARTESIAN_POINT('',(96.1752784998457,55.0000001490116,0.));
#10595=CARTESIAN_POINT('Origin',(98.6752784998457,57.5000001490116,0.));
#10596=CARTESIAN_POINT('',(98.6752784998457,57.5000001490116,0.));
#10597=CARTESIAN_POINT('',(98.6752784998457,63.7500000745058,0.));
#10598=CARTESIAN_POINT('',(98.6752784998457,57.5000001490116,1.6));
#10599=CARTESIAN_POINT('',(98.6752784998457,57.5000001490116,0.));
#10600=CARTESIAN_POINT('',(98.6752784998457,57.5000001490116,1.6));
#10601=CARTESIAN_POINT('Origin',(101.175278499846,57.5000001490116,0.));
#10602=CARTESIAN_POINT('',(101.175278499846,57.5000001490116,0.));
#10603=CARTESIAN_POINT('',(78.0876392499229,57.5000001490116,0.));
#10604=CARTESIAN_POINT('',(101.175278499846,57.5000001490116,1.6));
#10605=CARTESIAN_POINT('',(101.175278499846,57.5000001490116,0.));
#10606=CARTESIAN_POINT('',(101.175278499846,57.5000001490116,1.6));
#10607=CARTESIAN_POINT('Origin',(101.175278499846,27.5000001490116,0.));
#10608=CARTESIAN_POINT('',(101.175278499846,27.5000001490116,0.));
#10609=CARTESIAN_POINT('',(101.175278499846,48.7500000745058,0.));
#10610=CARTESIAN_POINT('',(101.175278499846,27.5000001490116,1.6));
#10611=CARTESIAN_POINT('',(101.175278499846,27.5000001490116,0.));
#10612=CARTESIAN_POINT('',(101.175278499846,27.5000001490116,1.6));
#10613=CARTESIAN_POINT('Origin',(98.6752784998457,27.5000001490116,0.));
#10614=CARTESIAN_POINT('',(98.6752784998457,27.5000001490116,0.));
#10615=CARTESIAN_POINT('',(76.8376392499229,27.5000001490116,0.));
#10616=CARTESIAN_POINT('',(98.6752784998457,27.5000001490116,1.6));
#10617=CARTESIAN_POINT('',(98.6752784998457,27.5000001490116,0.));
#10618=CARTESIAN_POINT('',(98.6752784998457,27.5000001490116,1.6));
#10619=CARTESIAN_POINT('Origin',(98.6752784998457,30.0000001490116,0.));
#10620=CARTESIAN_POINT('',(98.6752784998457,30.0000001490116,0.));
#10621=CARTESIAN_POINT('',(98.6752784998457,50.0000000745058,0.));
#10622=CARTESIAN_POINT('',(98.6752784998457,30.0000001490116,1.6));
#10623=CARTESIAN_POINT('',(98.6752784998457,30.0000001490116,0.));
#10624=CARTESIAN_POINT('',(98.6752784998457,30.0000001490116,1.6));
#10625=CARTESIAN_POINT('Origin',(96.1752784998457,30.0000001490116,0.));
#10626=CARTESIAN_POINT('',(96.1752784998457,30.0000001490116,0.));
#10627=CARTESIAN_POINT('',(75.5876392499229,30.0000001490116,0.));
#10628=CARTESIAN_POINT('',(96.1752784998457,30.0000001490116,1.6));
#10629=CARTESIAN_POINT('',(96.1752784998457,30.0000001490116,0.));
#10630=CARTESIAN_POINT('',(96.1752784998457,30.0000001490116,1.6));
#10631=CARTESIAN_POINT('Origin',(98.6752784998457,42.5000001490116,1.6));
#10632=CARTESIAN_POINT('',(96.1752784998457,76.3625000745058,1.6));
#10633=CARTESIAN_POINT('Origin',(12.5002784998457,30.,0.));
#10634=CARTESIAN_POINT('',(12.5002784998457,30.,0.));
#10635=CARTESIAN_POINT('',(15.0002784998457,30.,0.));
#10636=CARTESIAN_POINT('',(33.7501392499229,30.,0.));
#10637=CARTESIAN_POINT('',(12.5002784998457,30.,1.6));
#10638=CARTESIAN_POINT('',(12.5002784998457,30.,0.));
#10639=CARTESIAN_POINT('',(15.0002784998457,30.,1.6));
#10640=CARTESIAN_POINT('',(15.0002784998457,30.,1.6));
#10641=CARTESIAN_POINT('',(15.0002784998457,30.,0.));
#10642=CARTESIAN_POINT('Origin',(12.5002784998457,27.5,0.));
#10643=CARTESIAN_POINT('',(12.5002784998457,27.5,0.));
#10644=CARTESIAN_POINT('',(12.5002784998457,48.75,0.));
#10645=CARTESIAN_POINT('',(12.5002784998457,27.5,1.6));
#10646=CARTESIAN_POINT('',(12.5002784998457,27.5,0.));
#10647=CARTESIAN_POINT('',(12.5002784998457,30.,1.6));
#10648=CARTESIAN_POINT('Origin',(10.0002784998457,27.5,0.));
#10649=CARTESIAN_POINT('',(10.0002784998457,27.5,0.));
#10650=CARTESIAN_POINT('',(32.5001392499229,27.5,0.));
#10651=CARTESIAN_POINT('',(10.0002784998457,27.5,1.6));
#10652=CARTESIAN_POINT('',(10.0002784998457,27.5,0.));
#10653=CARTESIAN_POINT('',(12.5002784998457,27.5,1.6));
#10654=CARTESIAN_POINT('Origin',(10.0002784998457,57.5,0.));
#10655=CARTESIAN_POINT('',(10.0002784998457,57.5,0.));
#10656=CARTESIAN_POINT('',(10.0002784998457,63.75,0.));
#10657=CARTESIAN_POINT('',(10.0002784998457,57.5,1.6));
#10658=CARTESIAN_POINT('',(10.0002784998457,57.5,0.));
#10659=CARTESIAN_POINT('',(10.0002784998457,27.5,1.6));
#10660=CARTESIAN_POINT('Origin',(12.5002784998457,57.5,0.));
#10661=CARTESIAN_POINT('',(12.5002784998457,57.5,0.));
#10662=CARTESIAN_POINT('',(33.7501392499229,57.5,0.));
#10663=CARTESIAN_POINT('',(12.5002784998457,57.5,1.6));
#10664=CARTESIAN_POINT('',(12.5002784998457,57.5,0.));
#10665=CARTESIAN_POINT('',(10.0002784998457,57.5,1.6));
#10666=CARTESIAN_POINT('Origin',(12.5002784998457,55.,0.));
#10667=CARTESIAN_POINT('',(12.5002784998457,55.,0.));
#10668=CARTESIAN_POINT('',(12.5002784998457,62.5,0.));
#10669=CARTESIAN_POINT('',(12.5002784998457,55.,1.6));
#10670=CARTESIAN_POINT('',(12.5002784998457,55.,0.));
#10671=CARTESIAN_POINT('',(12.5002784998457,57.5,1.6));
#10672=CARTESIAN_POINT('Origin',(15.0002784998457,55.,0.));
#10673=CARTESIAN_POINT('',(15.0002784998457,55.,0.));
#10674=CARTESIAN_POINT('',(35.0001392499229,55.,0.));
#10675=CARTESIAN_POINT('',(15.0002784998457,55.,1.6));
#10676=CARTESIAN_POINT('',(15.0002784998457,55.,0.));
#10677=CARTESIAN_POINT('',(12.5002784998457,55.,1.6));
#10678=CARTESIAN_POINT('Origin',(12.5002784998457,42.5,1.6));
#10679=CARTESIAN_POINT('',(15.0002784998457,26.25,1.6));
#10680=CARTESIAN_POINT('Origin',(98.6752784998457,95.1830020861626,0.));
#10681=CARTESIAN_POINT('',(98.6752784998457,95.1830020861626,0.));
#10682=CARTESIAN_POINT('',(96.1752784998457,95.1830020861626,0.));
#10683=CARTESIAN_POINT('',(76.8376392499229,95.1830020861626,0.));
#10684=CARTESIAN_POINT('',(98.6752784998457,95.1830020861626,1.6));
#10685=CARTESIAN_POINT('',(98.6752784998457,95.1830020861626,0.));
#10686=CARTESIAN_POINT('',(96.1752784998457,95.1830020861626,1.6));
#10687=CARTESIAN_POINT('',(96.1752784998457,95.1830020861626,1.6));
#10688=CARTESIAN_POINT('',(96.1752784998457,95.1830020861626,0.));
#10689=CARTESIAN_POINT('Origin',(98.6752784998457,97.6830020861626,0.));
#10690=CARTESIAN_POINT('',(98.6752784998457,97.6830020861626,0.));
#10691=CARTESIAN_POINT('',(98.6752784998457,83.8415010430813,0.));
#10692=CARTESIAN_POINT('',(98.6752784998457,97.6830020861626,1.6));
#10693=CARTESIAN_POINT('',(98.6752784998457,97.6830020861626,0.));
#10694=CARTESIAN_POINT('',(98.6752784998457,95.1830020861626,1.6));
#10695=CARTESIAN_POINT('Origin',(101.175278499846,97.6830020861626,0.));
#10696=CARTESIAN_POINT('',(101.175278499846,97.6830020861626,0.));
#10697=CARTESIAN_POINT('',(78.0876392499229,97.6830020861626,0.));
#10698=CARTESIAN_POINT('',(101.175278499846,97.6830020861626,1.6));
#10699=CARTESIAN_POINT('',(101.175278499846,97.6830020861626,0.));
#10700=CARTESIAN_POINT('',(98.6752784998457,97.6830020861626,1.6));
#10701=CARTESIAN_POINT('Origin',(101.175278499846,67.6830020861626,0.));
#10702=CARTESIAN_POINT('',(101.175278499846,67.6830020861626,0.));
#10703=CARTESIAN_POINT('',(101.175278499846,68.8415010430813,0.));
#10704=CARTESIAN_POINT('',(101.175278499846,67.6830020861626,1.6));
#10705=CARTESIAN_POINT('',(101.175278499846,67.6830020861626,0.));
#10706=CARTESIAN_POINT('',(101.175278499846,97.6830020861626,1.6));
#10707=CARTESIAN_POINT('Origin',(98.6752784998457,67.6830020861626,0.));
#10708=CARTESIAN_POINT('',(98.6752784998457,67.6830020861626,0.));
#10709=CARTESIAN_POINT('',(76.8376392499229,67.6830020861626,0.));
#10710=CARTESIAN_POINT('',(98.6752784998457,67.6830020861626,1.6));
#10711=CARTESIAN_POINT('',(98.6752784998457,67.6830020861626,0.));
#10712=CARTESIAN_POINT('',(101.175278499846,67.6830020861626,1.6));
#10713=CARTESIAN_POINT('Origin',(98.6752784998457,70.1830020861626,0.));
#10714=CARTESIAN_POINT('',(98.6752784998457,70.1830020861626,0.));
#10715=CARTESIAN_POINT('',(98.6752784998457,70.0915010430813,0.));
#10716=CARTESIAN_POINT('',(98.6752784998457,70.1830020861626,1.6));
#10717=CARTESIAN_POINT('',(98.6752784998457,70.1830020861626,0.));
#10718=CARTESIAN_POINT('',(98.6752784998457,67.6830020861626,1.6));
#10719=CARTESIAN_POINT('Origin',(96.1752784998457,70.1830020861626,0.));
#10720=CARTESIAN_POINT('',(96.1752784998457,70.1830020861626,0.));
#10721=CARTESIAN_POINT('',(75.5876392499229,70.1830020861626,0.));
#10722=CARTESIAN_POINT('',(96.1752784998457,70.1830020861626,1.6));
#10723=CARTESIAN_POINT('',(96.1752784998457,70.1830020861626,0.));
#10724=CARTESIAN_POINT('',(98.6752784998457,70.1830020861626,1.6));
#10725=CARTESIAN_POINT('Origin',(98.6752784998457,82.6830020861626,1.6));
#10726=CARTESIAN_POINT('',(96.1752784998457,96.4540010430813,1.6));
#10727=CARTESIAN_POINT('Origin',(12.5002784998457,70.183,0.));
#10728=CARTESIAN_POINT('',(12.5002784998457,70.183,0.));
#10729=CARTESIAN_POINT('',(15.0002784998457,70.183,0.));
#10730=CARTESIAN_POINT('',(33.7501392499229,70.183,0.));
#10731=CARTESIAN_POINT('',(12.5002784998457,70.183,1.6));
#10732=CARTESIAN_POINT('',(12.5002784998457,70.183,0.));
#10733=CARTESIAN_POINT('',(15.0002784998457,70.183,1.6));
#10734=CARTESIAN_POINT('',(12.5002784998457,70.183,1.6));
#10735=CARTESIAN_POINT('',(15.0002784998457,70.183,0.));
#10736=CARTESIAN_POINT('Origin',(12.5002784998457,67.683,0.));
#10737=CARTESIAN_POINT('',(12.5002784998457,67.683,0.));
#10738=CARTESIAN_POINT('',(12.5002784998457,68.8415,0.));
#10739=CARTESIAN_POINT('',(12.5002784998457,67.683,1.6));
#10740=CARTESIAN_POINT('',(12.5002784998457,67.683,0.));
#10741=CARTESIAN_POINT('',(12.5002784998457,67.683,1.6));
#10742=CARTESIAN_POINT('Origin',(10.0002784998457,67.683,0.));
#10743=CARTESIAN_POINT('',(10.0002784998457,67.683,0.));
#10744=CARTESIAN_POINT('',(32.5001392499229,67.683,0.));
#10745=CARTESIAN_POINT('',(10.0002784998457,67.683,1.6));
#10746=CARTESIAN_POINT('',(10.0002784998457,67.683,0.));
#10747=CARTESIAN_POINT('',(10.0002784998457,67.683,1.6));
#10748=CARTESIAN_POINT('Origin',(10.0002784998457,97.683,0.));
#10749=CARTESIAN_POINT('',(10.0002784998457,97.683,0.));
#10750=CARTESIAN_POINT('',(10.0002784998457,83.8415,0.));
#10751=CARTESIAN_POINT('',(10.0002784998457,97.683,1.6));
#10752=CARTESIAN_POINT('',(10.0002784998457,97.683,0.));
#10753=CARTESIAN_POINT('',(10.0002784998457,97.683,1.6));
#10754=CARTESIAN_POINT('Origin',(12.5002784998457,97.683,0.));
#10755=CARTESIAN_POINT('',(12.5002784998457,97.683,0.));
#10756=CARTESIAN_POINT('',(33.7501392499229,97.683,0.));
#10757=CARTESIAN_POINT('',(12.5002784998457,97.683,1.6));
#10758=CARTESIAN_POINT('',(12.5002784998457,97.683,0.));
#10759=CARTESIAN_POINT('',(12.5002784998457,97.683,1.6));
#10760=CARTESIAN_POINT('Origin',(12.5002784998457,95.183,0.));
#10761=CARTESIAN_POINT('',(12.5002784998457,95.183,0.));
#10762=CARTESIAN_POINT('',(12.5002784998457,82.5915,0.));
#10763=CARTESIAN_POINT('',(12.5002784998457,95.183,1.6));
#10764=CARTESIAN_POINT('',(12.5002784998457,95.183,0.));
#10765=CARTESIAN_POINT('',(12.5002784998457,95.183,1.6));
#10766=CARTESIAN_POINT('Origin',(15.0002784998457,95.183,0.));
#10767=CARTESIAN_POINT('',(15.0002784998457,95.183,0.));
#10768=CARTESIAN_POINT('',(35.0001392499229,95.183,0.));
#10769=CARTESIAN_POINT('',(15.0002784998457,95.183,1.6));
#10770=CARTESIAN_POINT('',(15.0002784998457,95.183,0.));
#10771=CARTESIAN_POINT('',(15.0002784998457,95.183,1.6));
#10772=CARTESIAN_POINT('Origin',(12.5002784998457,82.683,1.6));
#10773=CARTESIAN_POINT('',(15.0002784998457,46.3415,1.6));
#10774=CARTESIAN_POINT('Origin',(96.1752784998457,110.225,0.));
#10775=CARTESIAN_POINT('',(96.1752784998457,10.,0.));
#10776=CARTESIAN_POINT('',(96.1752784998457,110.225,0.));
#10777=CARTESIAN_POINT('',(96.1752784998457,10.,0.));
#10778=CARTESIAN_POINT('',(96.1752784998457,110.225,0.));
#10779=CARTESIAN_POINT('',(96.1752784998457,110.225,0.));
#10780=CARTESIAN_POINT('',(96.1752784998457,110.225,0.));
#10781=CARTESIAN_POINT('',(96.1752784998457,110.225,0.));
#10782=CARTESIAN_POINT('Origin',(75.3560016391277,135.,0.));
#10783=CARTESIAN_POINT('',(75.3560016391277,130.,0.));
#10784=CARTESIAN_POINT('',(75.3560016391277,130.,-1.49));
#10785=CARTESIAN_POINT('',(75.3560016391277,130.,0.));
#10786=CARTESIAN_POINT('',(75.3560016391277,135.,-1.49));
#10787=CARTESIAN_POINT('',(75.3560016391277,130.,-1.49));
#10788=CARTESIAN_POINT('',(75.3560016391277,135.,0.));
#10789=CARTESIAN_POINT('',(75.3560016391277,135.,0.));
#10790=CARTESIAN_POINT('',(75.3560016391278,105.,0.));
#10791=CARTESIAN_POINT('',(75.3560016391278,105.,0.));
#10792=CARTESIAN_POINT('Origin',(15.0002784998457,110.225,0.));
#10793=CARTESIAN_POINT('',(92.8560016391277,110.225,0.));
#10794=CARTESIAN_POINT('',(92.8560016391277,110.225,0.));
#10795=CARTESIAN_POINT('',(15.0002784998457,110.225,0.));
#10796=CARTESIAN_POINT('Origin',(110.,140.,0.));
#10797=CARTESIAN_POINT('',(92.8560016391277,140.,0.));
#10798=CARTESIAN_POINT('',(110.,140.,0.));
#10799=CARTESIAN_POINT('',(92.8560016391278,140.,0.));
#10800=CARTESIAN_POINT('Origin',(70.3560016391277,135.,0.));
#10801=CARTESIAN_POINT('',(70.3560016391277,135.,0.));
#10802=CARTESIAN_POINT('',(62.6780008195639,135.,0.));
#10803=CARTESIAN_POINT('',(70.3560016391277,135.,-1.49));
#10804=CARTESIAN_POINT('',(75.3560016391277,135.,-1.49));
#10805=CARTESIAN_POINT('',(70.3560016391277,135.,0.));
#10806=CARTESIAN_POINT('Origin',(70.3560016391277,130.,0.));
#10807=CARTESIAN_POINT('',(70.3560016391277,130.,0.));
#10808=CARTESIAN_POINT('',(70.3560016391278,100.,0.));
#10809=CARTESIAN_POINT('',(70.3560016391277,130.,-1.49));
#10810=CARTESIAN_POINT('',(70.3560016391277,135.,-1.49));
#10811=CARTESIAN_POINT('',(70.3560016391277,130.,0.));
#10812=CARTESIAN_POINT('Origin',(75.3560016391277,130.,0.));
#10813=CARTESIAN_POINT('',(65.1780008195639,130.,0.));
#10814=CARTESIAN_POINT('',(70.3560016391277,130.,-1.49));
#10815=CARTESIAN_POINT('Origin',(72.8560016391277,132.5,-1.49));
#10816=CARTESIAN_POINT('Origin',(97.8560016391277,130.,0.));
#10817=CARTESIAN_POINT('',(92.8560016391277,130.,0.));
#10818=CARTESIAN_POINT('',(97.8560016391277,130.,0.));
#10819=CARTESIAN_POINT('',(76.4280008195639,130.,0.));
#10820=CARTESIAN_POINT('',(92.8560016391277,130.,-1.49));
#10821=CARTESIAN_POINT('',(92.8560016391277,130.,0.));
#10822=CARTESIAN_POINT('',(97.8560016391277,130.,-1.49));
#10823=CARTESIAN_POINT('',(97.8560016391277,130.,-1.49));
#10824=CARTESIAN_POINT('',(97.8560016391277,130.,0.));
#10825=CARTESIAN_POINT('Origin',(97.8560016391277,135.,0.));
#10826=CARTESIAN_POINT('',(97.8560016391277,135.,0.));
#10827=CARTESIAN_POINT('',(97.8560016391277,102.5,0.));
#10828=CARTESIAN_POINT('',(97.8560016391277,135.,-1.49));
#10829=CARTESIAN_POINT('',(97.8560016391277,135.,-1.49));
#10830=CARTESIAN_POINT('',(97.8560016391277,135.,0.));
#10831=CARTESIAN_POINT('Origin',(92.8560016391277,135.,0.));
#10832=CARTESIAN_POINT('',(92.8560016391277,135.,0.));
#10833=CARTESIAN_POINT('',(73.9280008195639,135.,0.));
#10834=CARTESIAN_POINT('',(92.8560016391277,135.,-1.49));
#10835=CARTESIAN_POINT('',(92.8560016391277,135.,-1.49));
#10836=CARTESIAN_POINT('',(92.8560016391277,135.,0.));
#10837=CARTESIAN_POINT('Origin',(92.8560016391277,130.,0.));
#10838=CARTESIAN_POINT('',(92.8560016391277,130.,-1.49));
#10839=CARTESIAN_POINT('',(92.8560016391277,90.1125,0.));
#10840=CARTESIAN_POINT('',(92.8560016391277,90.1125,0.));
#10841=CARTESIAN_POINT('Origin',(95.3560016391277,132.5,-1.49));
#10842=CARTESIAN_POINT('Origin',(15.0002784998457,10.,0.));
#10843=CARTESIAN_POINT('',(15.0002784998457,10.,0.));
#10844=CARTESIAN_POINT('',(15.0002784998457,10.,0.));
#10845=CARTESIAN_POINT('',(15.0002784998457,10.,0.));
#10846=CARTESIAN_POINT('',(15.0002784998457,10.,0.));
#10847=CARTESIAN_POINT('',(15.0002784998457,10.,0.));
#10848=CARTESIAN_POINT('Origin',(96.1752784998457,10.,0.));
#10849=CARTESIAN_POINT('',(96.1752784998457,10.,0.));
#10850=CARTESIAN_POINT('Origin',(55.,70.,0.));
#10851=UNCERTAINTY_MEASURE_WITH_UNIT(LENGTH_MEASURE(0.01),#10855,
'DISTANCE_ACCURACY_VALUE',
'Maximum model space distance between geometric entities at asserted c
onnectivities');
#10852=UNCERTAINTY_MEASURE_WITH_UNIT(LENGTH_MEASURE(0.01),#10855,
'DISTANCE_ACCURACY_VALUE',
'Maximum model space distance between geometric entities at asserted c
onnectivities');
#10853=(
GEOMETRIC_REPRESENTATION_CONTEXT(3)
GLOBAL_UNCERTAINTY_ASSIGNED_CONTEXT((#10851))
GLOBAL_UNIT_ASSIGNED_CONTEXT((#10855,#10857,#10858))
REPRESENTATION_CONTEXT('','3D')
);
#10854=(
GEOMETRIC_REPRESENTATION_CONTEXT(3)
GLOBAL_UNCERTAINTY_ASSIGNED_CONTEXT((#10852))
GLOBAL_UNIT_ASSIGNED_CONTEXT((#10855,#10857,#10858))
REPRESENTATION_CONTEXT('','3D')
);
#10855=(
LENGTH_UNIT()
NAMED_UNIT(*)
SI_UNIT(.MILLI.,.METRE.)
);
#10856=(
LENGTH_UNIT()
NAMED_UNIT(*)
SI_UNIT($,.METRE.)
);
#10857=(
NAMED_UNIT(*)
PLANE_ANGLE_UNIT()
SI_UNIT($,.RADIAN.)
);
#10858=(
NAMED_UNIT(*)
SI_UNIT($,.STERADIAN.)
SOLID_ANGLE_UNIT()
);
#10859=SHAPE_DEFINITION_REPRESENTATION(#10860,#10861);
#10860=PRODUCT_DEFINITION_SHAPE('',$,#10863);
#10861=SHAPE_REPRESENTATION('',(#6187),#10853);
#10862=PRODUCT_DEFINITION_CONTEXT('part definition',#10867,'design');
#10863=PRODUCT_DEFINITION('Top','Top v18',#10864,#10862);
#10864=PRODUCT_DEFINITION_FORMATION('',$,#10869);
#10865=PRODUCT_RELATED_PRODUCT_CATEGORY('Top v18','Top v18',(#10869));
#10866=APPLICATION_PROTOCOL_DEFINITION('international standard',
'automotive_design',2009,#10867);
#10867=APPLICATION_CONTEXT(
'Core Data for Automotive Mechanical Design Process');
#10868=PRODUCT_CONTEXT('part definition',#10867,'mechanical');
#10869=PRODUCT('Top','Top v18',$,(#10868));
#10870=PRESENTATION_STYLE_ASSIGNMENT((#10871));
#10871=SURFACE_STYLE_USAGE(.BOTH.,#10872);
#10872=SURFACE_SIDE_STYLE('',(#10873));
#10873=SURFACE_STYLE_FILL_AREA(#10874);
#10874=FILL_AREA_STYLE(
'PA 11 - Nylon- HP 11-30 (with EOS P 396 3D Printer)',(#10875));
#10875=FILL_AREA_STYLE_COLOUR(
'PA 11 - Nylon- HP 11-30 (with EOS P 396 3D Printer)',#10876);
#10876=COLOUR_RGB('PA 11 - Nylon- HP 11-30 (with EOS P 396 3D Printer)',
0.247058823529412,0.247058823529412,0.247058823529412);
ENDSEC;
END-ISO-10303-21;
